filepath,class,start_time,end_time
../ibc53/Alexandrine_Parakeet/3.wav,Alexandrine_Parakeet,0,3.0
../ibc53/Alexandrine_Parakeet/3.wav,Alexandrine_Parakeet,3.0,6.0
../ibc53/Alexandrine_Parakeet/3.wav,Alexandrine_Parakeet,6.0,9.0
../ibc53/Alexandrine_Parakeet/3.wav,Alexandrine_Parakeet,9.0,12.0
../ibc53/Alexandrine_Parakeet/5.wav,Alexandrine_Parakeet,0,3.0
../ibc53/Alexandrine_Parakeet/5.wav,Alexandrine_Parakeet,3.0,6.0
../ibc53/Alexandrine_Parakeet/5.wav,Alexandrine_Parakeet,6.0,9.0
../ibc53/Alexandrine_Parakeet/5.wav,Alexandrine_Parakeet,9.0,12.0
../ibc53/Alexandrine_Parakeet/5.wav,Alexandrine_Parakeet,12.0,15.0
../ibc53/Alexandrine_Parakeet/5.wav,Alexandrine_Parakeet,15.0,18.0
../ibc53/Alexandrine_Parakeet/5.wav,Alexandrine_Parakeet,18.0,21.0
../ibc53/Alexandrine_Parakeet/5.wav,Alexandrine_Parakeet,21.0,24.0
../ibc53/Alexandrine_Parakeet/5.wav,Alexandrine_Parakeet,24.0,27.0
../ibc53/Alexandrine_Parakeet/5.wav,Alexandrine_Parakeet,27.0,30.0
../ibc53/Alexandrine_Parakeet/5.wav,Alexandrine_Parakeet,30.0,33.0
../ibc53/Alexandrine_Parakeet/5.wav,Alexandrine_Parakeet,33.0,36.0
../ibc53/Alexandrine_Parakeet/5.wav,Alexandrine_Parakeet,36.0,39.0
../ibc53/Alexandrine_Parakeet/5.wav,Alexandrine_Parakeet,39.0,42.0
../ibc53/Alexandrine_Parakeet/5.wav,Alexandrine_Parakeet,42.0,45.0
../ibc53/Alexandrine_Parakeet/5.wav,Alexandrine_Parakeet,45.0,48.0
../ibc53/Alexandrine_Parakeet/5.wav,Alexandrine_Parakeet,48.0,51.0
../ibc53/Alexandrine_Parakeet/5.wav,Alexandrine_Parakeet,51.0,54.0
../ibc53/Alexandrine_Parakeet/18.wav,Alexandrine_Parakeet,0,3.0
../ibc53/Alexandrine_Parakeet/18.wav,Alexandrine_Parakeet,3.0,6.0
../ibc53/Alexandrine_Parakeet/18.wav,Alexandrine_Parakeet,6.0,9.0
../ibc53/Alexandrine_Parakeet/18.wav,Alexandrine_Parakeet,9.0,12.0
../ibc53/Alexandrine_Parakeet/18.wav,Alexandrine_Parakeet,12.0,15.0
../ibc53/Alexandrine_Parakeet/18.wav,Alexandrine_Parakeet,15.0,18.0
../ibc53/Alexandrine_Parakeet/7.wav,Alexandrine_Parakeet,0,3.0
../ibc53/Alexandrine_Parakeet/7.wav,Alexandrine_Parakeet,3.0,6.0
../ibc53/Alexandrine_Parakeet/8.wav,Alexandrine_Parakeet,0,3.0
../ibc53/Alexandrine_Parakeet/8.wav,Alexandrine_Parakeet,3.0,6.0
../ibc53/Alexandrine_Parakeet/8.wav,Alexandrine_Parakeet,6.0,9.0
../ibc53/Alexandrine_Parakeet/8.wav,Alexandrine_Parakeet,9.0,12.0
../ibc53/Alexandrine_Parakeet/8.wav,Alexandrine_Parakeet,12.0,15.0
../ibc53/Alexandrine_Parakeet/8.wav,Alexandrine_Parakeet,15.0,18.0
../ibc53/Alexandrine_Parakeet/8.wav,Alexandrine_Parakeet,18.0,21.0
../ibc53/Alexandrine_Parakeet/8.wav,Alexandrine_Parakeet,21.0,24.0
../ibc53/Alexandrine_Parakeet/8.wav,Alexandrine_Parakeet,24.0,27.0
../ibc53/Alexandrine_Parakeet/8.wav,Alexandrine_Parakeet,27.0,30.0
../ibc53/Alexandrine_Parakeet/8.wav,Alexandrine_Parakeet,30.0,33.0
../ibc53/Alexandrine_Parakeet/8.wav,Alexandrine_Parakeet,33.0,36.0
../ibc53/Alexandrine_Parakeet/8.wav,Alexandrine_Parakeet,36.0,39.0
../ibc53/Alexandrine_Parakeet/8.wav,Alexandrine_Parakeet,39.0,42.0
../ibc53/Alexandrine_Parakeet/8.wav,Alexandrine_Parakeet,42.0,45.0
../ibc53/Alexandrine_Parakeet/8.wav,Alexandrine_Parakeet,45.0,48.0
../ibc53/Alexandrine_Parakeet/8.wav,Alexandrine_Parakeet,48.0,51.0
../ibc53/Alexandrine_Parakeet/8.wav,Alexandrine_Parakeet,51.0,54.0
../ibc53/Alexandrine_Parakeet/8.wav,Alexandrine_Parakeet,54.0,57.0
../ibc53/Alexandrine_Parakeet/8.wav,Alexandrine_Parakeet,57.0,60.0
../ibc53/Alexandrine_Parakeet/8.wav,Alexandrine_Parakeet,60.0,63.0
../ibc53/Alexandrine_Parakeet/8.wav,Alexandrine_Parakeet,63.0,66.0
../ibc53/Alexandrine_Parakeet/8.wav,Alexandrine_Parakeet,66.0,69.0
../ibc53/Alexandrine_Parakeet/8.wav,Alexandrine_Parakeet,69.0,72.0
../ibc53/Alexandrine_Parakeet/8.wav,Alexandrine_Parakeet,72.0,75.0
../ibc53/Alexandrine_Parakeet/8.wav,Alexandrine_Parakeet,75.0,78.0
../ibc53/Alexandrine_Parakeet/8.wav,Alexandrine_Parakeet,78.0,81.0
../ibc53/Alexandrine_Parakeet/8.wav,Alexandrine_Parakeet,81.0,84.0
../ibc53/Alexandrine_Parakeet/8.wav,Alexandrine_Parakeet,84.0,87.0
../ibc53/Alexandrine_Parakeet/8.wav,Alexandrine_Parakeet,87.0,90.0
../ibc53/Alexandrine_Parakeet/8.wav,Alexandrine_Parakeet,90.0,93.0
../ibc53/Alexandrine_Parakeet/8.wav,Alexandrine_Parakeet,93.0,96.0
../ibc53/Alexandrine_Parakeet/8.wav,Alexandrine_Parakeet,96.0,99.0
../ibc53/Alexandrine_Parakeet/8.wav,Alexandrine_Parakeet,99.0,102.0
../ibc53/Alexandrine_Parakeet/8.wav,Alexandrine_Parakeet,102.0,105.0
../ibc53/Alexandrine_Parakeet/25.wav,Alexandrine_Parakeet,0,3.0
../ibc53/Alexandrine_Parakeet/25.wav,Alexandrine_Parakeet,3.0,6.0
../ibc53/Alexandrine_Parakeet/25.wav,Alexandrine_Parakeet,6.0,9.0
../ibc53/Alexandrine_Parakeet/25.wav,Alexandrine_Parakeet,9.0,12.0
../ibc53/Alexandrine_Parakeet/25.wav,Alexandrine_Parakeet,12.0,15.0
../ibc53/Alexandrine_Parakeet/25.wav,Alexandrine_Parakeet,15.0,18.0
../ibc53/Alexandrine_Parakeet/25.wav,Alexandrine_Parakeet,18.0,21.0
../ibc53/Alexandrine_Parakeet/25.wav,Alexandrine_Parakeet,21.0,24.0
../ibc53/Alexandrine_Parakeet/25.wav,Alexandrine_Parakeet,24.0,27.0
../ibc53/Alexandrine_Parakeet/25.wav,Alexandrine_Parakeet,27.0,30.0
../ibc53/Alexandrine_Parakeet/25.wav,Alexandrine_Parakeet,30.0,33.0
../ibc53/Alexandrine_Parakeet/25.wav,Alexandrine_Parakeet,33.0,36.0
../ibc53/Alexandrine_Parakeet/25.wav,Alexandrine_Parakeet,36.0,39.0
../ibc53/Alexandrine_Parakeet/25.wav,Alexandrine_Parakeet,39.0,42.0
../ibc53/Alexandrine_Parakeet/25.wav,Alexandrine_Parakeet,42.0,45.0
../ibc53/Alexandrine_Parakeet/24.wav,Alexandrine_Parakeet,0,3.0
../ibc53/Alexandrine_Parakeet/24.wav,Alexandrine_Parakeet,3.0,6.0
../ibc53/Alexandrine_Parakeet/24.wav,Alexandrine_Parakeet,6.0,9.0
../ibc53/Alexandrine_Parakeet/24.wav,Alexandrine_Parakeet,9.0,12.0
../ibc53/Alexandrine_Parakeet/17.wav,Alexandrine_Parakeet,0,3.0
../ibc53/Alexandrine_Parakeet/17.wav,Alexandrine_Parakeet,3.0,6.0
../ibc53/Alexandrine_Parakeet/17.wav,Alexandrine_Parakeet,6.0,9.0
../ibc53/Alexandrine_Parakeet/17.wav,Alexandrine_Parakeet,9.0,12.0
../ibc53/Alexandrine_Parakeet/17.wav,Alexandrine_Parakeet,12.0,15.0
../ibc53/Alexandrine_Parakeet/17.wav,Alexandrine_Parakeet,15.0,18.0
../ibc53/Alexandrine_Parakeet/17.wav,Alexandrine_Parakeet,18.0,21.0
../ibc53/Alexandrine_Parakeet/17.wav,Alexandrine_Parakeet,21.0,24.0
../ibc53/Alexandrine_Parakeet/1.wav,Alexandrine_Parakeet,0,3.0
../ibc53/Alexandrine_Parakeet/1.wav,Alexandrine_Parakeet,3.0,6.0
../ibc53/Alexandrine_Parakeet/1.wav,Alexandrine_Parakeet,6.0,9.0
../ibc53/Alexandrine_Parakeet/1.wav,Alexandrine_Parakeet,9.0,12.0
../ibc53/Alexandrine_Parakeet/1.wav,Alexandrine_Parakeet,12.0,15.0
../ibc53/Alexandrine_Parakeet/1.wav,Alexandrine_Parakeet,15.0,18.0
../ibc53/Alexandrine_Parakeet/1.wav,Alexandrine_Parakeet,18.0,21.0
../ibc53/Alexandrine_Parakeet/1.wav,Alexandrine_Parakeet,21.0,24.0
../ibc53/Alexandrine_Parakeet/13.wav,Alexandrine_Parakeet,0,3.0
../ibc53/Alexandrine_Parakeet/13.wav,Alexandrine_Parakeet,3.0,6.0
../ibc53/Alexandrine_Parakeet/26.wav,Alexandrine_Parakeet,0,3.0
../ibc53/Alexandrine_Parakeet/26.wav,Alexandrine_Parakeet,3.0,6.0
../ibc53/Alexandrine_Parakeet/26.wav,Alexandrine_Parakeet,6.0,9.0
../ibc53/Alexandrine_Parakeet/16.wav,Alexandrine_Parakeet,0,3.0
../ibc53/Alexandrine_Parakeet/16.wav,Alexandrine_Parakeet,3.0,6.0
../ibc53/Alexandrine_Parakeet/16.wav,Alexandrine_Parakeet,6.0,9.0
../ibc53/Alexandrine_Parakeet/16.wav,Alexandrine_Parakeet,9.0,12.0
../ibc53/Alexandrine_Parakeet/20.wav,Alexandrine_Parakeet,0,3.0
../ibc53/Alexandrine_Parakeet/20.wav,Alexandrine_Parakeet,3.0,6.0
../ibc53/Alexandrine_Parakeet/20.wav,Alexandrine_Parakeet,6.0,9.0
../ibc53/Alexandrine_Parakeet/28.wav,Alexandrine_Parakeet,0,3.0
../ibc53/Alexandrine_Parakeet/28.wav,Alexandrine_Parakeet,3.0,6.0
../ibc53/Alexandrine_Parakeet/28.wav,Alexandrine_Parakeet,6.0,9.0
../ibc53/Alexandrine_Parakeet/28.wav,Alexandrine_Parakeet,9.0,12.0
../ibc53/Alexandrine_Parakeet/28.wav,Alexandrine_Parakeet,12.0,15.0
../ibc53/Alexandrine_Parakeet/28.wav,Alexandrine_Parakeet,15.0,18.0
../ibc53/Alexandrine_Parakeet/28.wav,Alexandrine_Parakeet,18.0,21.0
../ibc53/Alexandrine_Parakeet/28.wav,Alexandrine_Parakeet,21.0,24.0
../ibc53/Alexandrine_Parakeet/28.wav,Alexandrine_Parakeet,24.0,27.0
../ibc53/Alexandrine_Parakeet/28.wav,Alexandrine_Parakeet,27.0,30.0
../ibc53/Alexandrine_Parakeet/28.wav,Alexandrine_Parakeet,30.0,33.0
../ibc53/Alexandrine_Parakeet/28.wav,Alexandrine_Parakeet,33.0,36.0
../ibc53/Alexandrine_Parakeet/28.wav,Alexandrine_Parakeet,36.0,39.0
../ibc53/Alexandrine_Parakeet/28.wav,Alexandrine_Parakeet,39.0,42.0
../ibc53/Alexandrine_Parakeet/28.wav,Alexandrine_Parakeet,42.0,45.0
../ibc53/Alexandrine_Parakeet/28.wav,Alexandrine_Parakeet,45.0,48.0
../ibc53/Alexandrine_Parakeet/28.wav,Alexandrine_Parakeet,48.0,51.0
../ibc53/Alexandrine_Parakeet/28.wav,Alexandrine_Parakeet,51.0,54.0
../ibc53/Alexandrine_Parakeet/28.wav,Alexandrine_Parakeet,54.0,57.0
../ibc53/Alexandrine_Parakeet/28.wav,Alexandrine_Parakeet,57.0,60.0
../ibc53/Alexandrine_Parakeet/28.wav,Alexandrine_Parakeet,60.0,63.0
../ibc53/Alexandrine_Parakeet/28.wav,Alexandrine_Parakeet,63.0,66.0
../ibc53/Alexandrine_Parakeet/28.wav,Alexandrine_Parakeet,66.0,69.0
../ibc53/Alexandrine_Parakeet/28.wav,Alexandrine_Parakeet,69.0,72.0
../ibc53/Alexandrine_Parakeet/28.wav,Alexandrine_Parakeet,72.0,75.0
../ibc53/Alexandrine_Parakeet/28.wav,Alexandrine_Parakeet,75.0,78.0
../ibc53/Alexandrine_Parakeet/28.wav,Alexandrine_Parakeet,78.0,81.0
../ibc53/Alexandrine_Parakeet/28.wav,Alexandrine_Parakeet,81.0,84.0
../ibc53/Alexandrine_Parakeet/21.wav,Alexandrine_Parakeet,0,3.0
../ibc53/Alexandrine_Parakeet/21.wav,Alexandrine_Parakeet,3.0,6.0
../ibc53/Alexandrine_Parakeet/21.wav,Alexandrine_Parakeet,6.0,9.0
../ibc53/Alexandrine_Parakeet/21.wav,Alexandrine_Parakeet,9.0,12.0
../ibc53/Alexandrine_Parakeet/21.wav,Alexandrine_Parakeet,12.0,15.0
../ibc53/Alexandrine_Parakeet/21.wav,Alexandrine_Parakeet,15.0,18.0
../ibc53/Alexandrine_Parakeet/12.wav,Alexandrine_Parakeet,0,3.0
../ibc53/Alexandrine_Parakeet/2.wav,Alexandrine_Parakeet,0,3.0
../ibc53/Alexandrine_Parakeet/2.wav,Alexandrine_Parakeet,3.0,6.0
../ibc53/Alexandrine_Parakeet/2.wav,Alexandrine_Parakeet,6.0,9.0
../ibc53/Alexandrine_Parakeet/2.wav,Alexandrine_Parakeet,9.0,12.0
../ibc53/Alexandrine_Parakeet/4.wav,Alexandrine_Parakeet,0,3.0
../ibc53/Alexandrine_Parakeet/4.wav,Alexandrine_Parakeet,3.0,6.0
../ibc53/Alexandrine_Parakeet/4.wav,Alexandrine_Parakeet,6.0,9.0
../ibc53/Alexandrine_Parakeet/4.wav,Alexandrine_Parakeet,9.0,12.0
../ibc53/Alexandrine_Parakeet/4.wav,Alexandrine_Parakeet,12.0,15.0
../ibc53/Alexandrine_Parakeet/4.wav,Alexandrine_Parakeet,15.0,18.0
../ibc53/Alexandrine_Parakeet/4.wav,Alexandrine_Parakeet,18.0,21.0
../ibc53/Alexandrine_Parakeet/4.wav,Alexandrine_Parakeet,21.0,24.0
../ibc53/Alexandrine_Parakeet/4.wav,Alexandrine_Parakeet,24.0,27.0
../ibc53/Alexandrine_Parakeet/4.wav,Alexandrine_Parakeet,27.0,30.0
../ibc53/Alexandrine_Parakeet/27.wav,Alexandrine_Parakeet,0,3.0
../ibc53/Alexandrine_Parakeet/27.wav,Alexandrine_Parakeet,3.0,6.0
../ibc53/Alexandrine_Parakeet/27.wav,Alexandrine_Parakeet,6.0,9.0
../ibc53/Alexandrine_Parakeet/27.wav,Alexandrine_Parakeet,9.0,12.0
../ibc53/Alexandrine_Parakeet/27.wav,Alexandrine_Parakeet,12.0,15.0
../ibc53/Alexandrine_Parakeet/27.wav,Alexandrine_Parakeet,15.0,18.0
../ibc53/Alexandrine_Parakeet/27.wav,Alexandrine_Parakeet,18.0,21.0
../ibc53/Alexandrine_Parakeet/27.wav,Alexandrine_Parakeet,21.0,24.0
../ibc53/Alexandrine_Parakeet/27.wav,Alexandrine_Parakeet,24.0,27.0
../ibc53/Alexandrine_Parakeet/27.wav,Alexandrine_Parakeet,27.0,30.0
../ibc53/Alexandrine_Parakeet/27.wav,Alexandrine_Parakeet,30.0,33.0
../ibc53/Alexandrine_Parakeet/27.wav,Alexandrine_Parakeet,33.0,36.0
../ibc53/Alexandrine_Parakeet/14.wav,Alexandrine_Parakeet,0,3.0
../ibc53/Alexandrine_Parakeet/22.wav,Alexandrine_Parakeet,0,3.0
../ibc53/Alexandrine_Parakeet/22.wav,Alexandrine_Parakeet,3.0,6.0
../ibc53/Alexandrine_Parakeet/22.wav,Alexandrine_Parakeet,6.0,9.0
../ibc53/Alexandrine_Parakeet/22.wav,Alexandrine_Parakeet,9.0,12.0
../ibc53/Alexandrine_Parakeet/22.wav,Alexandrine_Parakeet,12.0,15.0
../ibc53/Alexandrine_Parakeet/22.wav,Alexandrine_Parakeet,15.0,18.0
../ibc53/Alexandrine_Parakeet/22.wav,Alexandrine_Parakeet,18.0,21.0
../ibc53/Alexandrine_Parakeet/10.wav,Alexandrine_Parakeet,0,3.0
../ibc53/Alexandrine_Parakeet/10.wav,Alexandrine_Parakeet,3.0,6.0
../ibc53/Alexandrine_Parakeet/10.wav,Alexandrine_Parakeet,6.0,9.0
../ibc53/Alexandrine_Parakeet/19.wav,Alexandrine_Parakeet,0,3.0
../ibc53/Alexandrine_Parakeet/19.wav,Alexandrine_Parakeet,3.0,6.0
../ibc53/Alexandrine_Parakeet/19.wav,Alexandrine_Parakeet,6.0,9.0
../ibc53/Alexandrine_Parakeet/19.wav,Alexandrine_Parakeet,9.0,12.0
../ibc53/Alexandrine_Parakeet/19.wav,Alexandrine_Parakeet,12.0,15.0
../ibc53/Alexandrine_Parakeet/19.wav,Alexandrine_Parakeet,15.0,18.0
../ibc53/Alexandrine_Parakeet/19.wav,Alexandrine_Parakeet,18.0,21.0
../ibc53/Alexandrine_Parakeet/9.wav,Alexandrine_Parakeet,0,3.0
../ibc53/Alexandrine_Parakeet/9.wav,Alexandrine_Parakeet,3.0,6.0
../ibc53/Alexandrine_Parakeet/6.wav,Alexandrine_Parakeet,0,3.0
../ibc53/Alexandrine_Parakeet/6.wav,Alexandrine_Parakeet,3.0,6.0
../ibc53/Alexandrine_Parakeet/6.wav,Alexandrine_Parakeet,6.0,9.0
../ibc53/Alexandrine_Parakeet/6.wav,Alexandrine_Parakeet,9.0,12.0
../ibc53/Alexandrine_Parakeet/6.wav,Alexandrine_Parakeet,12.0,15.0
../ibc53/Alexandrine_Parakeet/6.wav,Alexandrine_Parakeet,15.0,18.0
../ibc53/Alexandrine_Parakeet/6.wav,Alexandrine_Parakeet,18.0,21.0
../ibc53/Alexandrine_Parakeet/6.wav,Alexandrine_Parakeet,21.0,24.0
../ibc53/Alexandrine_Parakeet/6.wav,Alexandrine_Parakeet,24.0,27.0
../ibc53/Alexandrine_Parakeet/6.wav,Alexandrine_Parakeet,27.0,30.0
../ibc53/Alexandrine_Parakeet/6.wav,Alexandrine_Parakeet,30.0,33.0
../ibc53/Alexandrine_Parakeet/6.wav,Alexandrine_Parakeet,33.0,36.0
../ibc53/Alexandrine_Parakeet/6.wav,Alexandrine_Parakeet,36.0,39.0
../ibc53/Alexandrine_Parakeet/6.wav,Alexandrine_Parakeet,39.0,42.0
../ibc53/Alexandrine_Parakeet/6.wav,Alexandrine_Parakeet,42.0,45.0
../ibc53/Alexandrine_Parakeet/6.wav,Alexandrine_Parakeet,45.0,48.0
../ibc53/Alexandrine_Parakeet/6.wav,Alexandrine_Parakeet,48.0,51.0
../ibc53/Alexandrine_Parakeet/6.wav,Alexandrine_Parakeet,51.0,54.0
../ibc53/Alexandrine_Parakeet/11.wav,Alexandrine_Parakeet,0,3.0
../ibc53/Alexandrine_Parakeet/11.wav,Alexandrine_Parakeet,3.0,6.0
../ibc53/Alexandrine_Parakeet/11.wav,Alexandrine_Parakeet,6.0,9.0
../ibc53/Alexandrine_Parakeet/11.wav,Alexandrine_Parakeet,9.0,12.0
../ibc53/Alexandrine_Parakeet/11.wav,Alexandrine_Parakeet,12.0,15.0
../ibc53/Alexandrine_Parakeet/11.wav,Alexandrine_Parakeet,15.0,18.0
../ibc53/Alexandrine_Parakeet/11.wav,Alexandrine_Parakeet,18.0,21.0
../ibc53/Alexandrine_Parakeet/11.wav,Alexandrine_Parakeet,21.0,24.0
../ibc53/Alexandrine_Parakeet/11.wav,Alexandrine_Parakeet,24.0,27.0
../ibc53/Alexandrine_Parakeet/11.wav,Alexandrine_Parakeet,27.0,30.0
../ibc53/Alexandrine_Parakeet/11.wav,Alexandrine_Parakeet,30.0,33.0
../ibc53/Alexandrine_Parakeet/11.wav,Alexandrine_Parakeet,33.0,36.0
../ibc53/Alexandrine_Parakeet/11.wav,Alexandrine_Parakeet,36.0,39.0
../ibc53/Alexandrine_Parakeet/11.wav,Alexandrine_Parakeet,39.0,42.0
../ibc53/Alexandrine_Parakeet/23.wav,Alexandrine_Parakeet,0,3.0
../ibc53/Alexandrine_Parakeet/23.wav,Alexandrine_Parakeet,3.0,6.0
../ibc53/Alexandrine_Parakeet/23.wav,Alexandrine_Parakeet,6.0,9.0
../ibc53/Alexandrine_Parakeet/23.wav,Alexandrine_Parakeet,9.0,12.0
../ibc53/Alexandrine_Parakeet/23.wav,Alexandrine_Parakeet,12.0,15.0
../ibc53/Alexandrine_Parakeet/23.wav,Alexandrine_Parakeet,15.0,18.0
../ibc53/Alexandrine_Parakeet/23.wav,Alexandrine_Parakeet,18.0,21.0
../ibc53/Alexandrine_Parakeet/23.wav,Alexandrine_Parakeet,21.0,24.0
../ibc53/Alexandrine_Parakeet/23.wav,Alexandrine_Parakeet,24.0,27.0
../ibc53/Alexandrine_Parakeet/23.wav,Alexandrine_Parakeet,27.0,30.0
../ibc53/Alexandrine_Parakeet/23.wav,Alexandrine_Parakeet,30.0,33.0
../ibc53/Andaman_Coucal/15.wav,Andaman_Coucal,0,3.0
../ibc53/Andaman_Coucal/15.wav,Andaman_Coucal,3.0,6.0
../ibc53/Andaman_Coucal/15.wav,Andaman_Coucal,6.0,9.0
../ibc53/Andaman_Coucal/15.wav,Andaman_Coucal,9.0,12.0
../ibc53/Andaman_Coucal/15.wav,Andaman_Coucal,12.0,15.0
../ibc53/Andaman_Coucal/15.wav,Andaman_Coucal,15.0,18.0
../ibc53/Andaman_Coucal/15.wav,Andaman_Coucal,18.0,21.0
../ibc53/Andaman_Coucal/15.wav,Andaman_Coucal,21.0,24.0
../ibc53/Andaman_Coucal/15.wav,Andaman_Coucal,24.0,27.0
../ibc53/Andaman_Coucal/15.wav,Andaman_Coucal,27.0,30.0
../ibc53/Andaman_Coucal/15.wav,Andaman_Coucal,30.0,33.0
../ibc53/Andaman_Coucal/15.wav,Andaman_Coucal,33.0,36.0
../ibc53/Andaman_Coucal/15.wav,Andaman_Coucal,36.0,39.0
../ibc53/Andaman_Coucal/15.wav,Andaman_Coucal,39.0,42.0
../ibc53/Andaman_Coucal/15.wav,Andaman_Coucal,42.0,45.0
../ibc53/Andaman_Coucal/15.wav,Andaman_Coucal,45.0,48.0
../ibc53/Andaman_Coucal/15.wav,Andaman_Coucal,48.0,51.0
../ibc53/Andaman_Coucal/15.wav,Andaman_Coucal,51.0,54.0
../ibc53/Andaman_Coucal/15.wav,Andaman_Coucal,54.0,57.0
../ibc53/Andaman_Coucal/15.wav,Andaman_Coucal,57.0,60.0
../ibc53/Andaman_Coucal/15.wav,Andaman_Coucal,60.0,63.0
../ibc53/Andaman_Coucal/15.wav,Andaman_Coucal,63.0,66.0
../ibc53/Andaman_Coucal/15.wav,Andaman_Coucal,66.0,69.0
../ibc53/Andaman_Coucal/3.wav,Andaman_Coucal,0,3.0
../ibc53/Andaman_Coucal/3.wav,Andaman_Coucal,3.0,6.0
../ibc53/Andaman_Coucal/5.wav,Andaman_Coucal,0,3.0
../ibc53/Andaman_Coucal/5.wav,Andaman_Coucal,3.0,6.0
../ibc53/Andaman_Coucal/5.wav,Andaman_Coucal,6.0,9.0
../ibc53/Andaman_Coucal/5.wav,Andaman_Coucal,9.0,12.0
../ibc53/Andaman_Coucal/5.wav,Andaman_Coucal,12.0,15.0
../ibc53/Andaman_Coucal/5.wav,Andaman_Coucal,15.0,18.0
../ibc53/Andaman_Coucal/5.wav,Andaman_Coucal,18.0,21.0
../ibc53/Andaman_Coucal/5.wav,Andaman_Coucal,21.0,24.0
../ibc53/Andaman_Coucal/5.wav,Andaman_Coucal,24.0,27.0
../ibc53/Andaman_Coucal/5.wav,Andaman_Coucal,27.0,30.0
../ibc53/Andaman_Coucal/5.wav,Andaman_Coucal,30.0,33.0
../ibc53/Andaman_Coucal/5.wav,Andaman_Coucal,33.0,36.0
../ibc53/Andaman_Coucal/5.wav,Andaman_Coucal,36.0,39.0
../ibc53/Andaman_Coucal/5.wav,Andaman_Coucal,39.0,42.0
../ibc53/Andaman_Coucal/5.wav,Andaman_Coucal,42.0,45.0
../ibc53/Andaman_Coucal/5.wav,Andaman_Coucal,45.0,48.0
../ibc53/Andaman_Coucal/5.wav,Andaman_Coucal,48.0,51.0
../ibc53/Andaman_Coucal/5.wav,Andaman_Coucal,51.0,54.0
../ibc53/Andaman_Coucal/7.wav,Andaman_Coucal,0,3.0
../ibc53/Andaman_Coucal/7.wav,Andaman_Coucal,3.0,6.0
../ibc53/Andaman_Coucal/7.wav,Andaman_Coucal,6.0,9.0
../ibc53/Andaman_Coucal/7.wav,Andaman_Coucal,9.0,12.0
../ibc53/Andaman_Coucal/7.wav,Andaman_Coucal,12.0,15.0
../ibc53/Andaman_Coucal/7.wav,Andaman_Coucal,15.0,18.0
../ibc53/Andaman_Coucal/7.wav,Andaman_Coucal,18.0,21.0
../ibc53/Andaman_Coucal/7.wav,Andaman_Coucal,21.0,24.0
../ibc53/Andaman_Coucal/7.wav,Andaman_Coucal,24.0,27.0
../ibc53/Andaman_Coucal/7.wav,Andaman_Coucal,27.0,30.0
../ibc53/Andaman_Coucal/7.wav,Andaman_Coucal,30.0,33.0
../ibc53/Andaman_Coucal/7.wav,Andaman_Coucal,33.0,36.0
../ibc53/Andaman_Coucal/7.wav,Andaman_Coucal,36.0,39.0
../ibc53/Andaman_Coucal/7.wav,Andaman_Coucal,39.0,42.0
../ibc53/Andaman_Coucal/7.wav,Andaman_Coucal,42.0,45.0
../ibc53/Andaman_Coucal/8.wav,Andaman_Coucal,0,3.0
../ibc53/Andaman_Coucal/8.wav,Andaman_Coucal,3.0,6.0
../ibc53/Andaman_Coucal/1.wav,Andaman_Coucal,0,3.0
../ibc53/Andaman_Coucal/1.wav,Andaman_Coucal,3.0,6.0
../ibc53/Andaman_Coucal/1.wav,Andaman_Coucal,6.0,9.0
../ibc53/Andaman_Coucal/1.wav,Andaman_Coucal,9.0,12.0
../ibc53/Andaman_Coucal/1.wav,Andaman_Coucal,12.0,15.0
../ibc53/Andaman_Coucal/1.wav,Andaman_Coucal,15.0,18.0
../ibc53/Andaman_Coucal/1.wav,Andaman_Coucal,18.0,21.0
../ibc53/Andaman_Coucal/1.wav,Andaman_Coucal,21.0,24.0
../ibc53/Andaman_Coucal/1.wav,Andaman_Coucal,24.0,27.0
../ibc53/Andaman_Coucal/1.wav,Andaman_Coucal,27.0,30.0
../ibc53/Andaman_Coucal/1.wav,Andaman_Coucal,30.0,33.0
../ibc53/Andaman_Coucal/1.wav,Andaman_Coucal,33.0,36.0
../ibc53/Andaman_Coucal/1.wav,Andaman_Coucal,36.0,39.0
../ibc53/Andaman_Coucal/1.wav,Andaman_Coucal,39.0,42.0
../ibc53/Andaman_Coucal/1.wav,Andaman_Coucal,42.0,45.0
../ibc53/Andaman_Coucal/1.wav,Andaman_Coucal,45.0,48.0
../ibc53/Andaman_Coucal/1.wav,Andaman_Coucal,48.0,51.0
../ibc53/Andaman_Coucal/1.wav,Andaman_Coucal,51.0,54.0
../ibc53/Andaman_Coucal/1.wav,Andaman_Coucal,54.0,57.0
../ibc53/Andaman_Coucal/1.wav,Andaman_Coucal,57.0,60.0
../ibc53/Andaman_Coucal/13.wav,Andaman_Coucal,0,3.0
../ibc53/Andaman_Coucal/13.wav,Andaman_Coucal,3.0,6.0
../ibc53/Andaman_Coucal/13.wav,Andaman_Coucal,6.0,9.0
../ibc53/Andaman_Coucal/13.wav,Andaman_Coucal,9.0,12.0
../ibc53/Andaman_Coucal/13.wav,Andaman_Coucal,12.0,15.0
../ibc53/Andaman_Coucal/13.wav,Andaman_Coucal,15.0,18.0
../ibc53/Andaman_Coucal/13.wav,Andaman_Coucal,18.0,21.0
../ibc53/Andaman_Coucal/13.wav,Andaman_Coucal,21.0,24.0
../ibc53/Andaman_Coucal/13.wav,Andaman_Coucal,24.0,27.0
../ibc53/Andaman_Coucal/16.wav,Andaman_Coucal,0,3.0
../ibc53/Andaman_Coucal/16.wav,Andaman_Coucal,3.0,6.0
../ibc53/Andaman_Coucal/16.wav,Andaman_Coucal,6.0,9.0
../ibc53/Andaman_Coucal/16.wav,Andaman_Coucal,9.0,12.0
../ibc53/Andaman_Coucal/16.wav,Andaman_Coucal,12.0,15.0
../ibc53/Andaman_Coucal/16.wav,Andaman_Coucal,15.0,18.0
../ibc53/Andaman_Coucal/16.wav,Andaman_Coucal,18.0,21.0
../ibc53/Andaman_Coucal/16.wav,Andaman_Coucal,21.0,24.0
../ibc53/Andaman_Coucal/12.wav,Andaman_Coucal,0,3.0
../ibc53/Andaman_Coucal/12.wav,Andaman_Coucal,3.0,6.0
../ibc53/Andaman_Coucal/12.wav,Andaman_Coucal,6.0,9.0
../ibc53/Andaman_Coucal/12.wav,Andaman_Coucal,9.0,12.0
../ibc53/Andaman_Coucal/12.wav,Andaman_Coucal,12.0,15.0
../ibc53/Andaman_Coucal/12.wav,Andaman_Coucal,15.0,18.0
../ibc53/Andaman_Coucal/12.wav,Andaman_Coucal,18.0,21.0
../ibc53/Andaman_Coucal/12.wav,Andaman_Coucal,21.0,24.0
../ibc53/Andaman_Coucal/12.wav,Andaman_Coucal,24.0,27.0
../ibc53/Andaman_Coucal/12.wav,Andaman_Coucal,27.0,30.0
../ibc53/Andaman_Coucal/12.wav,Andaman_Coucal,30.0,33.0
../ibc53/Andaman_Coucal/12.wav,Andaman_Coucal,33.0,36.0
../ibc53/Andaman_Coucal/12.wav,Andaman_Coucal,36.0,39.0
../ibc53/Andaman_Coucal/12.wav,Andaman_Coucal,39.0,42.0
../ibc53/Andaman_Coucal/2.wav,Andaman_Coucal,0,3.0
../ibc53/Andaman_Coucal/2.wav,Andaman_Coucal,3.0,6.0
../ibc53/Andaman_Coucal/2.wav,Andaman_Coucal,6.0,9.0
../ibc53/Andaman_Coucal/2.wav,Andaman_Coucal,9.0,12.0
../ibc53/Andaman_Coucal/2.wav,Andaman_Coucal,12.0,15.0
../ibc53/Andaman_Coucal/2.wav,Andaman_Coucal,15.0,18.0
../ibc53/Andaman_Coucal/2.wav,Andaman_Coucal,18.0,21.0
../ibc53/Andaman_Coucal/2.wav,Andaman_Coucal,21.0,24.0
../ibc53/Andaman_Coucal/2.wav,Andaman_Coucal,24.0,27.0
../ibc53/Andaman_Coucal/2.wav,Andaman_Coucal,27.0,30.0
../ibc53/Andaman_Coucal/2.wav,Andaman_Coucal,30.0,33.0
../ibc53/Andaman_Coucal/2.wav,Andaman_Coucal,33.0,36.0
../ibc53/Andaman_Coucal/2.wav,Andaman_Coucal,36.0,39.0
../ibc53/Andaman_Coucal/2.wav,Andaman_Coucal,39.0,42.0
../ibc53/Andaman_Coucal/4.wav,Andaman_Coucal,0,3.0
../ibc53/Andaman_Coucal/4.wav,Andaman_Coucal,3.0,6.0
../ibc53/Andaman_Coucal/4.wav,Andaman_Coucal,6.0,9.0
../ibc53/Andaman_Coucal/4.wav,Andaman_Coucal,9.0,12.0
../ibc53/Andaman_Coucal/4.wav,Andaman_Coucal,12.0,15.0
../ibc53/Andaman_Coucal/4.wav,Andaman_Coucal,15.0,18.0
../ibc53/Andaman_Coucal/4.wav,Andaman_Coucal,18.0,21.0
../ibc53/Andaman_Coucal/4.wav,Andaman_Coucal,21.0,24.0
../ibc53/Andaman_Coucal/4.wav,Andaman_Coucal,24.0,27.0
../ibc53/Andaman_Coucal/4.wav,Andaman_Coucal,27.0,30.0
../ibc53/Andaman_Coucal/4.wav,Andaman_Coucal,30.0,33.0
../ibc53/Andaman_Coucal/4.wav,Andaman_Coucal,33.0,36.0
../ibc53/Andaman_Coucal/4.wav,Andaman_Coucal,36.0,39.0
../ibc53/Andaman_Coucal/4.wav,Andaman_Coucal,39.0,42.0
../ibc53/Andaman_Coucal/4.wav,Andaman_Coucal,42.0,45.0
../ibc53/Andaman_Coucal/4.wav,Andaman_Coucal,45.0,48.0
../ibc53/Andaman_Coucal/4.wav,Andaman_Coucal,48.0,51.0
../ibc53/Andaman_Coucal/14.wav,Andaman_Coucal,0,3.0
../ibc53/Andaman_Coucal/10.wav,Andaman_Coucal,0,3.0
../ibc53/Andaman_Coucal/10.wav,Andaman_Coucal,3.0,6.0
../ibc53/Andaman_Coucal/10.wav,Andaman_Coucal,6.0,9.0
../ibc53/Andaman_Coucal/10.wav,Andaman_Coucal,9.0,12.0
../ibc53/Andaman_Coucal/10.wav,Andaman_Coucal,12.0,15.0
../ibc53/Andaman_Coucal/10.wav,Andaman_Coucal,15.0,18.0
../ibc53/Andaman_Coucal/10.wav,Andaman_Coucal,18.0,21.0
../ibc53/Andaman_Coucal/10.wav,Andaman_Coucal,21.0,24.0
../ibc53/Andaman_Coucal/10.wav,Andaman_Coucal,24.0,27.0
../ibc53/Andaman_Coucal/10.wav,Andaman_Coucal,27.0,30.0
../ibc53/Andaman_Coucal/10.wav,Andaman_Coucal,30.0,33.0
../ibc53/Andaman_Coucal/10.wav,Andaman_Coucal,33.0,36.0
../ibc53/Andaman_Coucal/10.wav,Andaman_Coucal,36.0,39.0
../ibc53/Andaman_Coucal/10.wav,Andaman_Coucal,39.0,42.0
../ibc53/Andaman_Coucal/10.wav,Andaman_Coucal,42.0,45.0
../ibc53/Andaman_Coucal/9.wav,Andaman_Coucal,0,3.0
../ibc53/Andaman_Coucal/9.wav,Andaman_Coucal,3.0,6.0
../ibc53/Andaman_Coucal/6.wav,Andaman_Coucal,0,3.0
../ibc53/Andaman_Coucal/6.wav,Andaman_Coucal,3.0,6.0
../ibc53/Andaman_Coucal/6.wav,Andaman_Coucal,6.0,9.0
../ibc53/Andaman_Coucal/6.wav,Andaman_Coucal,9.0,12.0
../ibc53/Andaman_Coucal/6.wav,Andaman_Coucal,12.0,15.0
../ibc53/Andaman_Coucal/6.wav,Andaman_Coucal,15.0,18.0
../ibc53/Andaman_Coucal/6.wav,Andaman_Coucal,18.0,21.0
../ibc53/Andaman_Coucal/6.wav,Andaman_Coucal,21.0,24.0
../ibc53/Andaman_Coucal/6.wav,Andaman_Coucal,24.0,27.0
../ibc53/Andaman_Coucal/6.wav,Andaman_Coucal,27.0,30.0
../ibc53/Andaman_Coucal/6.wav,Andaman_Coucal,30.0,33.0
../ibc53/Andaman_Coucal/6.wav,Andaman_Coucal,33.0,36.0
../ibc53/Andaman_Coucal/6.wav,Andaman_Coucal,36.0,39.0
../ibc53/Andaman_Coucal/6.wav,Andaman_Coucal,39.0,42.0
../ibc53/Andaman_Coucal/6.wav,Andaman_Coucal,42.0,45.0
../ibc53/Andaman_Coucal/6.wav,Andaman_Coucal,45.0,48.0
../ibc53/Andaman_Coucal/6.wav,Andaman_Coucal,48.0,51.0
../ibc53/Andaman_Coucal/6.wav,Andaman_Coucal,51.0,54.0
../ibc53/Andaman_Coucal/11.wav,Andaman_Coucal,0,3.0
../ibc53/Andaman_Coucal/11.wav,Andaman_Coucal,3.0,6.0
../ibc53/Andaman_Coucal/11.wav,Andaman_Coucal,6.0,9.0
../ibc53/Andaman_Coucal/11.wav,Andaman_Coucal,9.0,12.0
../ibc53/Andaman_Coucal/11.wav,Andaman_Coucal,12.0,15.0
../ibc53/Andaman_Coucal/11.wav,Andaman_Coucal,15.0,18.0
../ibc53/Andaman_Coucal/11.wav,Andaman_Coucal,18.0,21.0
../ibc53/Andaman_Coucal/11.wav,Andaman_Coucal,21.0,24.0
../ibc53/Andaman_Drongo/15.wav,Andaman_Drongo,0,3.0
../ibc53/Andaman_Drongo/15.wav,Andaman_Drongo,3.0,6.0
../ibc53/Andaman_Drongo/15.wav,Andaman_Drongo,6.0,9.0
../ibc53/Andaman_Drongo/15.wav,Andaman_Drongo,9.0,12.0
../ibc53/Andaman_Drongo/15.wav,Andaman_Drongo,12.0,15.0
../ibc53/Andaman_Drongo/15.wav,Andaman_Drongo,15.0,18.0
../ibc53/Andaman_Drongo/15.wav,Andaman_Drongo,18.0,21.0
../ibc53/Andaman_Drongo/15.wav,Andaman_Drongo,21.0,24.0
../ibc53/Andaman_Drongo/15.wav,Andaman_Drongo,24.0,27.0
../ibc53/Andaman_Drongo/15.wav,Andaman_Drongo,27.0,30.0
../ibc53/Andaman_Drongo/15.wav,Andaman_Drongo,30.0,33.0
../ibc53/Andaman_Drongo/15.wav,Andaman_Drongo,33.0,36.0
../ibc53/Andaman_Drongo/15.wav,Andaman_Drongo,36.0,39.0
../ibc53/Andaman_Drongo/15.wav,Andaman_Drongo,39.0,42.0
../ibc53/Andaman_Drongo/15.wav,Andaman_Drongo,42.0,45.0
../ibc53/Andaman_Drongo/15.wav,Andaman_Drongo,45.0,48.0
../ibc53/Andaman_Drongo/15.wav,Andaman_Drongo,48.0,51.0
../ibc53/Andaman_Drongo/15.wav,Andaman_Drongo,51.0,54.0
../ibc53/Andaman_Drongo/15.wav,Andaman_Drongo,54.0,57.0
../ibc53/Andaman_Drongo/15.wav,Andaman_Drongo,57.0,60.0
../ibc53/Andaman_Drongo/15.wav,Andaman_Drongo,60.0,63.0
../ibc53/Andaman_Drongo/3.wav,Andaman_Drongo,0,3.0
../ibc53/Andaman_Drongo/3.wav,Andaman_Drongo,3.0,6.0
../ibc53/Andaman_Drongo/3.wav,Andaman_Drongo,6.0,9.0
../ibc53/Andaman_Drongo/3.wav,Andaman_Drongo,9.0,12.0
../ibc53/Andaman_Drongo/3.wav,Andaman_Drongo,12.0,15.0
../ibc53/Andaman_Drongo/5.wav,Andaman_Drongo,0,3.0
../ibc53/Andaman_Drongo/5.wav,Andaman_Drongo,3.0,6.0
../ibc53/Andaman_Drongo/5.wav,Andaman_Drongo,6.0,9.0
../ibc53/Andaman_Drongo/5.wav,Andaman_Drongo,9.0,12.0
../ibc53/Andaman_Drongo/5.wav,Andaman_Drongo,12.0,15.0
../ibc53/Andaman_Drongo/5.wav,Andaman_Drongo,15.0,18.0
../ibc53/Andaman_Drongo/5.wav,Andaman_Drongo,18.0,21.0
../ibc53/Andaman_Drongo/5.wav,Andaman_Drongo,21.0,24.0
../ibc53/Andaman_Drongo/5.wav,Andaman_Drongo,24.0,27.0
../ibc53/Andaman_Drongo/5.wav,Andaman_Drongo,27.0,30.0
../ibc53/Andaman_Drongo/5.wav,Andaman_Drongo,30.0,33.0
../ibc53/Andaman_Drongo/18.wav,Andaman_Drongo,0,3.0
../ibc53/Andaman_Drongo/18.wav,Andaman_Drongo,3.0,6.0
../ibc53/Andaman_Drongo/18.wav,Andaman_Drongo,6.0,9.0
../ibc53/Andaman_Drongo/18.wav,Andaman_Drongo,9.0,12.0
../ibc53/Andaman_Drongo/18.wav,Andaman_Drongo,12.0,15.0
../ibc53/Andaman_Drongo/18.wav,Andaman_Drongo,15.0,18.0
../ibc53/Andaman_Drongo/18.wav,Andaman_Drongo,18.0,21.0
../ibc53/Andaman_Drongo/18.wav,Andaman_Drongo,21.0,24.0
../ibc53/Andaman_Drongo/18.wav,Andaman_Drongo,24.0,27.0
../ibc53/Andaman_Drongo/18.wav,Andaman_Drongo,27.0,30.0
../ibc53/Andaman_Drongo/18.wav,Andaman_Drongo,30.0,33.0
../ibc53/Andaman_Drongo/18.wav,Andaman_Drongo,33.0,36.0
../ibc53/Andaman_Drongo/18.wav,Andaman_Drongo,36.0,39.0
../ibc53/Andaman_Drongo/18.wav,Andaman_Drongo,39.0,42.0
../ibc53/Andaman_Drongo/18.wav,Andaman_Drongo,42.0,45.0
../ibc53/Andaman_Drongo/18.wav,Andaman_Drongo,45.0,48.0
../ibc53/Andaman_Drongo/18.wav,Andaman_Drongo,48.0,51.0
../ibc53/Andaman_Drongo/18.wav,Andaman_Drongo,51.0,54.0
../ibc53/Andaman_Drongo/18.wav,Andaman_Drongo,54.0,57.0
../ibc53/Andaman_Drongo/18.wav,Andaman_Drongo,57.0,60.0
../ibc53/Andaman_Drongo/18.wav,Andaman_Drongo,60.0,63.0
../ibc53/Andaman_Drongo/18.wav,Andaman_Drongo,63.0,66.0
../ibc53/Andaman_Drongo/18.wav,Andaman_Drongo,66.0,69.0
../ibc53/Andaman_Drongo/18.wav,Andaman_Drongo,69.0,72.0
../ibc53/Andaman_Drongo/7.wav,Andaman_Drongo,0,3.0
../ibc53/Andaman_Drongo/7.wav,Andaman_Drongo,3.0,6.0
../ibc53/Andaman_Drongo/7.wav,Andaman_Drongo,6.0,9.0
../ibc53/Andaman_Drongo/7.wav,Andaman_Drongo,9.0,12.0
../ibc53/Andaman_Drongo/7.wav,Andaman_Drongo,12.0,15.0
../ibc53/Andaman_Drongo/7.wav,Andaman_Drongo,15.0,18.0
../ibc53/Andaman_Drongo/7.wav,Andaman_Drongo,18.0,21.0
../ibc53/Andaman_Drongo/7.wav,Andaman_Drongo,21.0,24.0
../ibc53/Andaman_Drongo/7.wav,Andaman_Drongo,24.0,27.0
../ibc53/Andaman_Drongo/7.wav,Andaman_Drongo,27.0,30.0
../ibc53/Andaman_Drongo/7.wav,Andaman_Drongo,30.0,33.0
../ibc53/Andaman_Drongo/7.wav,Andaman_Drongo,33.0,36.0
../ibc53/Andaman_Drongo/8.wav,Andaman_Drongo,0,3.0
../ibc53/Andaman_Drongo/8.wav,Andaman_Drongo,3.0,6.0
../ibc53/Andaman_Drongo/8.wav,Andaman_Drongo,6.0,9.0
../ibc53/Andaman_Drongo/8.wav,Andaman_Drongo,9.0,12.0
../ibc53/Andaman_Drongo/8.wav,Andaman_Drongo,12.0,15.0
../ibc53/Andaman_Drongo/8.wav,Andaman_Drongo,15.0,18.0
../ibc53/Andaman_Drongo/8.wav,Andaman_Drongo,18.0,21.0
../ibc53/Andaman_Drongo/8.wav,Andaman_Drongo,21.0,24.0
../ibc53/Andaman_Drongo/8.wav,Andaman_Drongo,24.0,27.0
../ibc53/Andaman_Drongo/8.wav,Andaman_Drongo,27.0,30.0
../ibc53/Andaman_Drongo/17.wav,Andaman_Drongo,0,3.0
../ibc53/Andaman_Drongo/17.wav,Andaman_Drongo,3.0,6.0
../ibc53/Andaman_Drongo/17.wav,Andaman_Drongo,6.0,9.0
../ibc53/Andaman_Drongo/17.wav,Andaman_Drongo,9.0,12.0
../ibc53/Andaman_Drongo/17.wav,Andaman_Drongo,12.0,15.0
../ibc53/Andaman_Drongo/1.wav,Andaman_Drongo,0,3.0
../ibc53/Andaman_Drongo/1.wav,Andaman_Drongo,3.0,6.0
../ibc53/Andaman_Drongo/1.wav,Andaman_Drongo,6.0,9.0
../ibc53/Andaman_Drongo/1.wav,Andaman_Drongo,9.0,12.0
../ibc53/Andaman_Drongo/1.wav,Andaman_Drongo,12.0,15.0
../ibc53/Andaman_Drongo/13.wav,Andaman_Drongo,0,3.0
../ibc53/Andaman_Drongo/13.wav,Andaman_Drongo,3.0,6.0
../ibc53/Andaman_Drongo/13.wav,Andaman_Drongo,6.0,9.0
../ibc53/Andaman_Drongo/13.wav,Andaman_Drongo,9.0,12.0
../ibc53/Andaman_Drongo/13.wav,Andaman_Drongo,12.0,15.0
../ibc53/Andaman_Drongo/13.wav,Andaman_Drongo,15.0,18.0
../ibc53/Andaman_Drongo/13.wav,Andaman_Drongo,18.0,21.0
../ibc53/Andaman_Drongo/13.wav,Andaman_Drongo,21.0,24.0
../ibc53/Andaman_Drongo/13.wav,Andaman_Drongo,24.0,27.0
../ibc53/Andaman_Drongo/13.wav,Andaman_Drongo,27.0,30.0
../ibc53/Andaman_Drongo/13.wav,Andaman_Drongo,30.0,33.0
../ibc53/Andaman_Drongo/13.wav,Andaman_Drongo,33.0,36.0
../ibc53/Andaman_Drongo/13.wav,Andaman_Drongo,36.0,39.0
../ibc53/Andaman_Drongo/13.wav,Andaman_Drongo,39.0,42.0
../ibc53/Andaman_Drongo/13.wav,Andaman_Drongo,42.0,45.0
../ibc53/Andaman_Drongo/13.wav,Andaman_Drongo,45.0,48.0
../ibc53/Andaman_Drongo/13.wav,Andaman_Drongo,48.0,51.0
../ibc53/Andaman_Drongo/13.wav,Andaman_Drongo,51.0,54.0
../ibc53/Andaman_Drongo/13.wav,Andaman_Drongo,54.0,57.0
../ibc53/Andaman_Drongo/13.wav,Andaman_Drongo,57.0,60.0
../ibc53/Andaman_Drongo/13.wav,Andaman_Drongo,60.0,63.0
../ibc53/Andaman_Drongo/13.wav,Andaman_Drongo,63.0,66.0
../ibc53/Andaman_Drongo/16.wav,Andaman_Drongo,0,3.0
../ibc53/Andaman_Drongo/16.wav,Andaman_Drongo,3.0,6.0
../ibc53/Andaman_Drongo/16.wav,Andaman_Drongo,6.0,9.0
../ibc53/Andaman_Drongo/16.wav,Andaman_Drongo,9.0,12.0
../ibc53/Andaman_Drongo/16.wav,Andaman_Drongo,12.0,15.0
../ibc53/Andaman_Drongo/16.wav,Andaman_Drongo,15.0,18.0
../ibc53/Andaman_Drongo/16.wav,Andaman_Drongo,18.0,21.0
../ibc53/Andaman_Drongo/16.wav,Andaman_Drongo,21.0,24.0
../ibc53/Andaman_Drongo/16.wav,Andaman_Drongo,24.0,27.0
../ibc53/Andaman_Drongo/16.wav,Andaman_Drongo,27.0,30.0
../ibc53/Andaman_Drongo/16.wav,Andaman_Drongo,30.0,33.0
../ibc53/Andaman_Drongo/20.wav,Andaman_Drongo,0,3.0
../ibc53/Andaman_Drongo/20.wav,Andaman_Drongo,3.0,6.0
../ibc53/Andaman_Drongo/20.wav,Andaman_Drongo,6.0,9.0
../ibc53/Andaman_Drongo/12.wav,Andaman_Drongo,0,3.0
../ibc53/Andaman_Drongo/12.wav,Andaman_Drongo,3.0,6.0
../ibc53/Andaman_Drongo/12.wav,Andaman_Drongo,6.0,9.0
../ibc53/Andaman_Drongo/12.wav,Andaman_Drongo,9.0,12.0
../ibc53/Andaman_Drongo/12.wav,Andaman_Drongo,12.0,15.0
../ibc53/Andaman_Drongo/12.wav,Andaman_Drongo,15.0,18.0
../ibc53/Andaman_Drongo/12.wav,Andaman_Drongo,18.0,21.0
../ibc53/Andaman_Drongo/12.wav,Andaman_Drongo,21.0,24.0
../ibc53/Andaman_Drongo/12.wav,Andaman_Drongo,24.0,27.0
../ibc53/Andaman_Drongo/2.wav,Andaman_Drongo,0,3.0
../ibc53/Andaman_Drongo/2.wav,Andaman_Drongo,3.0,6.0
../ibc53/Andaman_Drongo/2.wav,Andaman_Drongo,6.0,9.0
../ibc53/Andaman_Drongo/2.wav,Andaman_Drongo,9.0,12.0
../ibc53/Andaman_Drongo/2.wav,Andaman_Drongo,12.0,15.0
../ibc53/Andaman_Drongo/2.wav,Andaman_Drongo,15.0,18.0
../ibc53/Andaman_Drongo/2.wav,Andaman_Drongo,18.0,21.0
../ibc53/Andaman_Drongo/2.wav,Andaman_Drongo,21.0,24.0
../ibc53/Andaman_Drongo/2.wav,Andaman_Drongo,24.0,27.0
../ibc53/Andaman_Drongo/2.wav,Andaman_Drongo,27.0,30.0
../ibc53/Andaman_Drongo/2.wav,Andaman_Drongo,30.0,33.0
../ibc53/Andaman_Drongo/2.wav,Andaman_Drongo,33.0,36.0
../ibc53/Andaman_Drongo/2.wav,Andaman_Drongo,36.0,39.0
../ibc53/Andaman_Drongo/2.wav,Andaman_Drongo,39.0,42.0
../ibc53/Andaman_Drongo/2.wav,Andaman_Drongo,42.0,45.0
../ibc53/Andaman_Drongo/2.wav,Andaman_Drongo,45.0,48.0
../ibc53/Andaman_Drongo/2.wav,Andaman_Drongo,48.0,51.0
../ibc53/Andaman_Drongo/2.wav,Andaman_Drongo,51.0,54.0
../ibc53/Andaman_Drongo/2.wav,Andaman_Drongo,54.0,57.0
../ibc53/Andaman_Drongo/2.wav,Andaman_Drongo,57.0,60.0
../ibc53/Andaman_Drongo/2.wav,Andaman_Drongo,60.0,63.0
../ibc53/Andaman_Drongo/4.wav,Andaman_Drongo,0,3.0
../ibc53/Andaman_Drongo/4.wav,Andaman_Drongo,3.0,6.0
../ibc53/Andaman_Drongo/4.wav,Andaman_Drongo,6.0,9.0
../ibc53/Andaman_Drongo/4.wav,Andaman_Drongo,9.0,12.0
../ibc53/Andaman_Drongo/14.wav,Andaman_Drongo,0,3.0
../ibc53/Andaman_Drongo/14.wav,Andaman_Drongo,3.0,6.0
../ibc53/Andaman_Drongo/14.wav,Andaman_Drongo,6.0,9.0
../ibc53/Andaman_Drongo/14.wav,Andaman_Drongo,9.0,12.0
../ibc53/Andaman_Drongo/14.wav,Andaman_Drongo,12.0,15.0
../ibc53/Andaman_Drongo/14.wav,Andaman_Drongo,15.0,18.0
../ibc53/Andaman_Drongo/14.wav,Andaman_Drongo,18.0,21.0
../ibc53/Andaman_Drongo/10.wav,Andaman_Drongo,0,3.0
../ibc53/Andaman_Drongo/10.wav,Andaman_Drongo,3.0,6.0
../ibc53/Andaman_Drongo/10.wav,Andaman_Drongo,6.0,9.0
../ibc53/Andaman_Drongo/10.wav,Andaman_Drongo,9.0,12.0
../ibc53/Andaman_Drongo/10.wav,Andaman_Drongo,12.0,15.0
../ibc53/Andaman_Drongo/10.wav,Andaman_Drongo,15.0,18.0
../ibc53/Andaman_Drongo/10.wav,Andaman_Drongo,18.0,21.0
../ibc53/Andaman_Drongo/10.wav,Andaman_Drongo,21.0,24.0
../ibc53/Andaman_Drongo/10.wav,Andaman_Drongo,24.0,27.0
../ibc53/Andaman_Drongo/10.wav,Andaman_Drongo,27.0,30.0
../ibc53/Andaman_Drongo/10.wav,Andaman_Drongo,30.0,33.0
../ibc53/Andaman_Drongo/10.wav,Andaman_Drongo,33.0,36.0
../ibc53/Andaman_Drongo/10.wav,Andaman_Drongo,36.0,39.0
../ibc53/Andaman_Drongo/10.wav,Andaman_Drongo,39.0,42.0
../ibc53/Andaman_Drongo/10.wav,Andaman_Drongo,42.0,45.0
../ibc53/Andaman_Drongo/10.wav,Andaman_Drongo,45.0,48.0
../ibc53/Andaman_Drongo/10.wav,Andaman_Drongo,48.0,51.0
../ibc53/Andaman_Drongo/10.wav,Andaman_Drongo,51.0,54.0
../ibc53/Andaman_Drongo/10.wav,Andaman_Drongo,54.0,57.0
../ibc53/Andaman_Drongo/19.wav,Andaman_Drongo,0,3.0
../ibc53/Andaman_Drongo/19.wav,Andaman_Drongo,3.0,6.0
../ibc53/Andaman_Drongo/19.wav,Andaman_Drongo,6.0,9.0
../ibc53/Andaman_Drongo/19.wav,Andaman_Drongo,9.0,12.0
../ibc53/Andaman_Drongo/19.wav,Andaman_Drongo,12.0,15.0
../ibc53/Andaman_Drongo/19.wav,Andaman_Drongo,15.0,18.0
../ibc53/Andaman_Drongo/9.wav,Andaman_Drongo,0,3.0
../ibc53/Andaman_Drongo/9.wav,Andaman_Drongo,3.0,6.0
../ibc53/Andaman_Drongo/9.wav,Andaman_Drongo,6.0,9.0
../ibc53/Andaman_Drongo/9.wav,Andaman_Drongo,9.0,12.0
../ibc53/Andaman_Drongo/9.wav,Andaman_Drongo,12.0,15.0
../ibc53/Andaman_Drongo/9.wav,Andaman_Drongo,15.0,18.0
../ibc53/Andaman_Drongo/9.wav,Andaman_Drongo,18.0,21.0
../ibc53/Andaman_Drongo/9.wav,Andaman_Drongo,21.0,24.0
../ibc53/Andaman_Drongo/6.wav,Andaman_Drongo,0,3.0
../ibc53/Andaman_Drongo/6.wav,Andaman_Drongo,3.0,6.0
../ibc53/Andaman_Drongo/6.wav,Andaman_Drongo,6.0,9.0
../ibc53/Andaman_Drongo/6.wav,Andaman_Drongo,9.0,12.0
../ibc53/Andaman_Drongo/6.wav,Andaman_Drongo,12.0,15.0
../ibc53/Andaman_Drongo/6.wav,Andaman_Drongo,15.0,18.0
../ibc53/Andaman_Drongo/6.wav,Andaman_Drongo,18.0,21.0
../ibc53/Andaman_Drongo/11.wav,Andaman_Drongo,0,3.0
../ibc53/Andaman_Drongo/11.wav,Andaman_Drongo,3.0,6.0
../ibc53/Andaman_Drongo/11.wav,Andaman_Drongo,6.0,9.0
../ibc53/Andaman_Drongo/11.wav,Andaman_Drongo,9.0,12.0
../ibc53/Andaman_Drongo/11.wav,Andaman_Drongo,12.0,15.0
../ibc53/Andaman_Drongo/11.wav,Andaman_Drongo,15.0,18.0
../ibc53/Andaman_Drongo/11.wav,Andaman_Drongo,18.0,21.0
../ibc53/Andaman_Drongo/11.wav,Andaman_Drongo,21.0,24.0
../ibc53/Andaman_Drongo/11.wav,Andaman_Drongo,24.0,27.0
../ibc53/Andaman_Drongo/11.wav,Andaman_Drongo,27.0,30.0
../ibc53/Andaman_Drongo/11.wav,Andaman_Drongo,30.0,33.0
../ibc53/Andaman_Drongo/11.wav,Andaman_Drongo,33.0,36.0
../ibc53/Andaman_Drongo/11.wav,Andaman_Drongo,36.0,39.0
../ibc53/Andaman_Drongo/11.wav,Andaman_Drongo,39.0,42.0
../ibc53/Andaman_Drongo/11.wav,Andaman_Drongo,42.0,45.0
../ibc53/Andaman_Drongo/11.wav,Andaman_Drongo,45.0,48.0
../ibc53/Andaman_Drongo/11.wav,Andaman_Drongo,48.0,51.0
../ibc53/Andaman_Drongo/11.wav,Andaman_Drongo,51.0,54.0
../ibc53/Andaman_Drongo/11.wav,Andaman_Drongo,54.0,57.0
../ibc53/Asian_Barred_Owlet/34.wav,Asian_Barred_Owlet,0,3.0
../ibc53/Asian_Barred_Owlet/34.wav,Asian_Barred_Owlet,3.0,6.0
../ibc53/Asian_Barred_Owlet/34.wav,Asian_Barred_Owlet,6.0,9.0
../ibc53/Asian_Barred_Owlet/34.wav,Asian_Barred_Owlet,9.0,12.0
../ibc53/Asian_Barred_Owlet/34.wav,Asian_Barred_Owlet,12.0,15.0
../ibc53/Asian_Barred_Owlet/34.wav,Asian_Barred_Owlet,15.0,18.0
../ibc53/Asian_Barred_Owlet/15.wav,Asian_Barred_Owlet,0,3.0
../ibc53/Asian_Barred_Owlet/15.wav,Asian_Barred_Owlet,3.0,6.0
../ibc53/Asian_Barred_Owlet/15.wav,Asian_Barred_Owlet,6.0,9.0
../ibc53/Asian_Barred_Owlet/15.wav,Asian_Barred_Owlet,9.0,12.0
../ibc53/Asian_Barred_Owlet/15.wav,Asian_Barred_Owlet,12.0,15.0
../ibc53/Asian_Barred_Owlet/15.wav,Asian_Barred_Owlet,15.0,18.0
../ibc53/Asian_Barred_Owlet/15.wav,Asian_Barred_Owlet,18.0,21.0
../ibc53/Asian_Barred_Owlet/15.wav,Asian_Barred_Owlet,21.0,24.0
../ibc53/Asian_Barred_Owlet/15.wav,Asian_Barred_Owlet,24.0,27.0
../ibc53/Asian_Barred_Owlet/15.wav,Asian_Barred_Owlet,27.0,30.0
../ibc53/Asian_Barred_Owlet/15.wav,Asian_Barred_Owlet,30.0,33.0
../ibc53/Asian_Barred_Owlet/15.wav,Asian_Barred_Owlet,33.0,36.0
../ibc53/Asian_Barred_Owlet/3.wav,Asian_Barred_Owlet,0,3.0
../ibc53/Asian_Barred_Owlet/3.wav,Asian_Barred_Owlet,3.0,6.0
../ibc53/Asian_Barred_Owlet/3.wav,Asian_Barred_Owlet,6.0,9.0
../ibc53/Asian_Barred_Owlet/3.wav,Asian_Barred_Owlet,9.0,12.0
../ibc53/Asian_Barred_Owlet/3.wav,Asian_Barred_Owlet,12.0,15.0
../ibc53/Asian_Barred_Owlet/3.wav,Asian_Barred_Owlet,15.0,18.0
../ibc53/Asian_Barred_Owlet/5.wav,Asian_Barred_Owlet,0,3.0
../ibc53/Asian_Barred_Owlet/5.wav,Asian_Barred_Owlet,3.0,6.0
../ibc53/Asian_Barred_Owlet/18.wav,Asian_Barred_Owlet,0,3.0
../ibc53/Asian_Barred_Owlet/18.wav,Asian_Barred_Owlet,3.0,6.0
../ibc53/Asian_Barred_Owlet/18.wav,Asian_Barred_Owlet,6.0,9.0
../ibc53/Asian_Barred_Owlet/7.wav,Asian_Barred_Owlet,0,3.0
../ibc53/Asian_Barred_Owlet/7.wav,Asian_Barred_Owlet,3.0,6.0
../ibc53/Asian_Barred_Owlet/7.wav,Asian_Barred_Owlet,6.0,9.0
../ibc53/Asian_Barred_Owlet/8.wav,Asian_Barred_Owlet,0,3.0
../ibc53/Asian_Barred_Owlet/8.wav,Asian_Barred_Owlet,3.0,6.0
../ibc53/Asian_Barred_Owlet/8.wav,Asian_Barred_Owlet,6.0,9.0
../ibc53/Asian_Barred_Owlet/8.wav,Asian_Barred_Owlet,9.0,12.0
../ibc53/Asian_Barred_Owlet/8.wav,Asian_Barred_Owlet,12.0,15.0
../ibc53/Asian_Barred_Owlet/8.wav,Asian_Barred_Owlet,15.0,18.0
../ibc53/Asian_Barred_Owlet/8.wav,Asian_Barred_Owlet,18.0,21.0
../ibc53/Asian_Barred_Owlet/8.wav,Asian_Barred_Owlet,21.0,24.0
../ibc53/Asian_Barred_Owlet/8.wav,Asian_Barred_Owlet,24.0,27.0
../ibc53/Asian_Barred_Owlet/8.wav,Asian_Barred_Owlet,27.0,30.0
../ibc53/Asian_Barred_Owlet/8.wav,Asian_Barred_Owlet,30.0,33.0
../ibc53/Asian_Barred_Owlet/8.wav,Asian_Barred_Owlet,33.0,36.0
../ibc53/Asian_Barred_Owlet/8.wav,Asian_Barred_Owlet,36.0,39.0
../ibc53/Asian_Barred_Owlet/25.wav,Asian_Barred_Owlet,0,3.0
../ibc53/Asian_Barred_Owlet/25.wav,Asian_Barred_Owlet,3.0,6.0
../ibc53/Asian_Barred_Owlet/25.wav,Asian_Barred_Owlet,6.0,9.0
../ibc53/Asian_Barred_Owlet/25.wav,Asian_Barred_Owlet,9.0,12.0
../ibc53/Asian_Barred_Owlet/25.wav,Asian_Barred_Owlet,12.0,15.0
../ibc53/Asian_Barred_Owlet/25.wav,Asian_Barred_Owlet,15.0,18.0
../ibc53/Asian_Barred_Owlet/25.wav,Asian_Barred_Owlet,18.0,21.0
../ibc53/Asian_Barred_Owlet/25.wav,Asian_Barred_Owlet,21.0,24.0
../ibc53/Asian_Barred_Owlet/25.wav,Asian_Barred_Owlet,24.0,27.0
../ibc53/Asian_Barred_Owlet/25.wav,Asian_Barred_Owlet,27.0,30.0
../ibc53/Asian_Barred_Owlet/25.wav,Asian_Barred_Owlet,30.0,33.0
../ibc53/Asian_Barred_Owlet/25.wav,Asian_Barred_Owlet,33.0,36.0
../ibc53/Asian_Barred_Owlet/25.wav,Asian_Barred_Owlet,36.0,39.0
../ibc53/Asian_Barred_Owlet/25.wav,Asian_Barred_Owlet,39.0,42.0
../ibc53/Asian_Barred_Owlet/25.wav,Asian_Barred_Owlet,42.0,45.0
../ibc53/Asian_Barred_Owlet/25.wav,Asian_Barred_Owlet,45.0,48.0
../ibc53/Asian_Barred_Owlet/25.wav,Asian_Barred_Owlet,48.0,51.0
../ibc53/Asian_Barred_Owlet/25.wav,Asian_Barred_Owlet,51.0,54.0
../ibc53/Asian_Barred_Owlet/25.wav,Asian_Barred_Owlet,54.0,57.0
../ibc53/Asian_Barred_Owlet/25.wav,Asian_Barred_Owlet,57.0,60.0
../ibc53/Asian_Barred_Owlet/25.wav,Asian_Barred_Owlet,60.0,63.0
../ibc53/Asian_Barred_Owlet/24.wav,Asian_Barred_Owlet,0,3.0
../ibc53/Asian_Barred_Owlet/24.wav,Asian_Barred_Owlet,3.0,6.0
../ibc53/Asian_Barred_Owlet/24.wav,Asian_Barred_Owlet,6.0,9.0
../ibc53/Asian_Barred_Owlet/24.wav,Asian_Barred_Owlet,9.0,12.0
../ibc53/Asian_Barred_Owlet/31.wav,Asian_Barred_Owlet,0,3.0
../ibc53/Asian_Barred_Owlet/31.wav,Asian_Barred_Owlet,3.0,6.0
../ibc53/Asian_Barred_Owlet/31.wav,Asian_Barred_Owlet,6.0,9.0
../ibc53/Asian_Barred_Owlet/31.wav,Asian_Barred_Owlet,9.0,12.0
../ibc53/Asian_Barred_Owlet/31.wav,Asian_Barred_Owlet,12.0,15.0
../ibc53/Asian_Barred_Owlet/31.wav,Asian_Barred_Owlet,15.0,18.0
../ibc53/Asian_Barred_Owlet/31.wav,Asian_Barred_Owlet,18.0,21.0
../ibc53/Asian_Barred_Owlet/31.wav,Asian_Barred_Owlet,21.0,24.0
../ibc53/Asian_Barred_Owlet/31.wav,Asian_Barred_Owlet,24.0,27.0
../ibc53/Asian_Barred_Owlet/31.wav,Asian_Barred_Owlet,27.0,30.0
../ibc53/Asian_Barred_Owlet/31.wav,Asian_Barred_Owlet,30.0,33.0
../ibc53/Asian_Barred_Owlet/31.wav,Asian_Barred_Owlet,33.0,36.0
../ibc53/Asian_Barred_Owlet/31.wav,Asian_Barred_Owlet,36.0,39.0
../ibc53/Asian_Barred_Owlet/31.wav,Asian_Barred_Owlet,39.0,42.0
../ibc53/Asian_Barred_Owlet/31.wav,Asian_Barred_Owlet,42.0,45.0
../ibc53/Asian_Barred_Owlet/31.wav,Asian_Barred_Owlet,45.0,48.0
../ibc53/Asian_Barred_Owlet/31.wav,Asian_Barred_Owlet,48.0,51.0
../ibc53/Asian_Barred_Owlet/31.wav,Asian_Barred_Owlet,51.0,54.0
../ibc53/Asian_Barred_Owlet/31.wav,Asian_Barred_Owlet,54.0,57.0
../ibc53/Asian_Barred_Owlet/31.wav,Asian_Barred_Owlet,57.0,60.0
../ibc53/Asian_Barred_Owlet/31.wav,Asian_Barred_Owlet,60.0,63.0
../ibc53/Asian_Barred_Owlet/31.wav,Asian_Barred_Owlet,63.0,66.0
../ibc53/Asian_Barred_Owlet/31.wav,Asian_Barred_Owlet,66.0,69.0
../ibc53/Asian_Barred_Owlet/31.wav,Asian_Barred_Owlet,69.0,72.0
../ibc53/Asian_Barred_Owlet/31.wav,Asian_Barred_Owlet,72.0,75.0
../ibc53/Asian_Barred_Owlet/31.wav,Asian_Barred_Owlet,75.0,78.0
../ibc53/Asian_Barred_Owlet/31.wav,Asian_Barred_Owlet,78.0,81.0
../ibc53/Asian_Barred_Owlet/31.wav,Asian_Barred_Owlet,81.0,84.0
../ibc53/Asian_Barred_Owlet/31.wav,Asian_Barred_Owlet,84.0,87.0
../ibc53/Asian_Barred_Owlet/31.wav,Asian_Barred_Owlet,87.0,90.0
../ibc53/Asian_Barred_Owlet/31.wav,Asian_Barred_Owlet,90.0,93.0
../ibc53/Asian_Barred_Owlet/31.wav,Asian_Barred_Owlet,93.0,96.0
../ibc53/Asian_Barred_Owlet/31.wav,Asian_Barred_Owlet,96.0,99.0
../ibc53/Asian_Barred_Owlet/31.wav,Asian_Barred_Owlet,99.0,102.0
../ibc53/Asian_Barred_Owlet/31.wav,Asian_Barred_Owlet,102.0,105.0
../ibc53/Asian_Barred_Owlet/31.wav,Asian_Barred_Owlet,105.0,108.0
../ibc53/Asian_Barred_Owlet/31.wav,Asian_Barred_Owlet,108.0,111.0
../ibc53/Asian_Barred_Owlet/31.wav,Asian_Barred_Owlet,111.0,114.0
../ibc53/Asian_Barred_Owlet/31.wav,Asian_Barred_Owlet,114.0,117.0
../ibc53/Asian_Barred_Owlet/31.wav,Asian_Barred_Owlet,117.0,120.0
../ibc53/Asian_Barred_Owlet/31.wav,Asian_Barred_Owlet,120.0,123.0
../ibc53/Asian_Barred_Owlet/31.wav,Asian_Barred_Owlet,123.0,126.0
../ibc53/Asian_Barred_Owlet/31.wav,Asian_Barred_Owlet,126.0,129.0
../ibc53/Asian_Barred_Owlet/31.wav,Asian_Barred_Owlet,129.0,132.0
../ibc53/Asian_Barred_Owlet/31.wav,Asian_Barred_Owlet,132.0,135.0
../ibc53/Asian_Barred_Owlet/31.wav,Asian_Barred_Owlet,135.0,138.0
../ibc53/Asian_Barred_Owlet/31.wav,Asian_Barred_Owlet,138.0,141.0
../ibc53/Asian_Barred_Owlet/31.wav,Asian_Barred_Owlet,141.0,144.0
../ibc53/Asian_Barred_Owlet/31.wav,Asian_Barred_Owlet,144.0,147.0
../ibc53/Asian_Barred_Owlet/31.wav,Asian_Barred_Owlet,147.0,150.0
../ibc53/Asian_Barred_Owlet/31.wav,Asian_Barred_Owlet,150.0,153.0
../ibc53/Asian_Barred_Owlet/31.wav,Asian_Barred_Owlet,153.0,156.0
../ibc53/Asian_Barred_Owlet/31.wav,Asian_Barred_Owlet,156.0,159.0
../ibc53/Asian_Barred_Owlet/31.wav,Asian_Barred_Owlet,159.0,162.0
../ibc53/Asian_Barred_Owlet/31.wav,Asian_Barred_Owlet,162.0,165.0
../ibc53/Asian_Barred_Owlet/31.wav,Asian_Barred_Owlet,165.0,168.0
../ibc53/Asian_Barred_Owlet/31.wav,Asian_Barred_Owlet,168.0,171.0
../ibc53/Asian_Barred_Owlet/31.wav,Asian_Barred_Owlet,171.0,174.0
../ibc53/Asian_Barred_Owlet/31.wav,Asian_Barred_Owlet,174.0,177.0
../ibc53/Asian_Barred_Owlet/31.wav,Asian_Barred_Owlet,177.0,180.0
../ibc53/Asian_Barred_Owlet/31.wav,Asian_Barred_Owlet,180.0,183.0
../ibc53/Asian_Barred_Owlet/31.wav,Asian_Barred_Owlet,183.0,186.0
../ibc53/Asian_Barred_Owlet/31.wav,Asian_Barred_Owlet,186.0,189.0
../ibc53/Asian_Barred_Owlet/31.wav,Asian_Barred_Owlet,189.0,192.0
../ibc53/Asian_Barred_Owlet/31.wav,Asian_Barred_Owlet,192.0,195.0
../ibc53/Asian_Barred_Owlet/31.wav,Asian_Barred_Owlet,195.0,198.0
../ibc53/Asian_Barred_Owlet/31.wav,Asian_Barred_Owlet,198.0,201.0
../ibc53/Asian_Barred_Owlet/31.wav,Asian_Barred_Owlet,201.0,204.0
../ibc53/Asian_Barred_Owlet/31.wav,Asian_Barred_Owlet,204.0,207.0
../ibc53/Asian_Barred_Owlet/31.wav,Asian_Barred_Owlet,207.0,210.0
../ibc53/Asian_Barred_Owlet/31.wav,Asian_Barred_Owlet,210.0,213.0
../ibc53/Asian_Barred_Owlet/31.wav,Asian_Barred_Owlet,213.0,216.0
../ibc53/Asian_Barred_Owlet/31.wav,Asian_Barred_Owlet,216.0,219.0
../ibc53/Asian_Barred_Owlet/31.wav,Asian_Barred_Owlet,219.0,222.0
../ibc53/Asian_Barred_Owlet/31.wav,Asian_Barred_Owlet,222.0,225.0
../ibc53/Asian_Barred_Owlet/31.wav,Asian_Barred_Owlet,225.0,228.0
../ibc53/Asian_Barred_Owlet/31.wav,Asian_Barred_Owlet,228.0,231.0
../ibc53/Asian_Barred_Owlet/31.wav,Asian_Barred_Owlet,231.0,234.0
../ibc53/Asian_Barred_Owlet/31.wav,Asian_Barred_Owlet,234.0,237.0
../ibc53/Asian_Barred_Owlet/31.wav,Asian_Barred_Owlet,237.0,240.0
../ibc53/Asian_Barred_Owlet/31.wav,Asian_Barred_Owlet,240.0,243.0
../ibc53/Asian_Barred_Owlet/31.wav,Asian_Barred_Owlet,243.0,246.0
../ibc53/Asian_Barred_Owlet/31.wav,Asian_Barred_Owlet,246.0,249.0
../ibc53/Asian_Barred_Owlet/31.wav,Asian_Barred_Owlet,249.0,252.0
../ibc53/Asian_Barred_Owlet/31.wav,Asian_Barred_Owlet,252.0,255.0
../ibc53/Asian_Barred_Owlet/31.wav,Asian_Barred_Owlet,255.0,258.0
../ibc53/Asian_Barred_Owlet/31.wav,Asian_Barred_Owlet,258.0,261.0
../ibc53/Asian_Barred_Owlet/31.wav,Asian_Barred_Owlet,261.0,264.0
../ibc53/Asian_Barred_Owlet/31.wav,Asian_Barred_Owlet,264.0,267.0
../ibc53/Asian_Barred_Owlet/31.wav,Asian_Barred_Owlet,267.0,270.0
../ibc53/Asian_Barred_Owlet/31.wav,Asian_Barred_Owlet,270.0,273.0
../ibc53/Asian_Barred_Owlet/31.wav,Asian_Barred_Owlet,273.0,276.0
../ibc53/Asian_Barred_Owlet/17.wav,Asian_Barred_Owlet,0,3.0
../ibc53/Asian_Barred_Owlet/17.wav,Asian_Barred_Owlet,3.0,6.0
../ibc53/Asian_Barred_Owlet/17.wav,Asian_Barred_Owlet,6.0,9.0
../ibc53/Asian_Barred_Owlet/17.wav,Asian_Barred_Owlet,9.0,12.0
../ibc53/Asian_Barred_Owlet/17.wav,Asian_Barred_Owlet,12.0,15.0
../ibc53/Asian_Barred_Owlet/17.wav,Asian_Barred_Owlet,15.0,18.0
../ibc53/Asian_Barred_Owlet/17.wav,Asian_Barred_Owlet,18.0,21.0
../ibc53/Asian_Barred_Owlet/17.wav,Asian_Barred_Owlet,21.0,24.0
../ibc53/Asian_Barred_Owlet/17.wav,Asian_Barred_Owlet,24.0,27.0
../ibc53/Asian_Barred_Owlet/17.wav,Asian_Barred_Owlet,27.0,30.0
../ibc53/Asian_Barred_Owlet/17.wav,Asian_Barred_Owlet,30.0,33.0
../ibc53/Asian_Barred_Owlet/17.wav,Asian_Barred_Owlet,33.0,36.0
../ibc53/Asian_Barred_Owlet/1.wav,Asian_Barred_Owlet,0,3.0
../ibc53/Asian_Barred_Owlet/1.wav,Asian_Barred_Owlet,3.0,6.0
../ibc53/Asian_Barred_Owlet/1.wav,Asian_Barred_Owlet,6.0,9.0
../ibc53/Asian_Barred_Owlet/1.wav,Asian_Barred_Owlet,9.0,12.0
../ibc53/Asian_Barred_Owlet/1.wav,Asian_Barred_Owlet,12.0,15.0
../ibc53/Asian_Barred_Owlet/1.wav,Asian_Barred_Owlet,15.0,18.0
../ibc53/Asian_Barred_Owlet/1.wav,Asian_Barred_Owlet,18.0,21.0
../ibc53/Asian_Barred_Owlet/1.wav,Asian_Barred_Owlet,21.0,24.0
../ibc53/Asian_Barred_Owlet/33.wav,Asian_Barred_Owlet,0,3.0
../ibc53/Asian_Barred_Owlet/33.wav,Asian_Barred_Owlet,3.0,6.0
../ibc53/Asian_Barred_Owlet/33.wav,Asian_Barred_Owlet,6.0,9.0
../ibc53/Asian_Barred_Owlet/33.wav,Asian_Barred_Owlet,9.0,12.0
../ibc53/Asian_Barred_Owlet/13.wav,Asian_Barred_Owlet,0,3.0
../ibc53/Asian_Barred_Owlet/13.wav,Asian_Barred_Owlet,3.0,6.0
../ibc53/Asian_Barred_Owlet/13.wav,Asian_Barred_Owlet,6.0,9.0
../ibc53/Asian_Barred_Owlet/13.wav,Asian_Barred_Owlet,9.0,12.0
../ibc53/Asian_Barred_Owlet/13.wav,Asian_Barred_Owlet,12.0,15.0
../ibc53/Asian_Barred_Owlet/13.wav,Asian_Barred_Owlet,15.0,18.0
../ibc53/Asian_Barred_Owlet/13.wav,Asian_Barred_Owlet,18.0,21.0
../ibc53/Asian_Barred_Owlet/26.wav,Asian_Barred_Owlet,0,3.0
../ibc53/Asian_Barred_Owlet/26.wav,Asian_Barred_Owlet,3.0,6.0
../ibc53/Asian_Barred_Owlet/26.wav,Asian_Barred_Owlet,6.0,9.0
../ibc53/Asian_Barred_Owlet/26.wav,Asian_Barred_Owlet,9.0,12.0
../ibc53/Asian_Barred_Owlet/26.wav,Asian_Barred_Owlet,12.0,15.0
../ibc53/Asian_Barred_Owlet/16.wav,Asian_Barred_Owlet,0,3.0
../ibc53/Asian_Barred_Owlet/16.wav,Asian_Barred_Owlet,3.0,6.0
../ibc53/Asian_Barred_Owlet/36.wav,Asian_Barred_Owlet,0,3.0
../ibc53/Asian_Barred_Owlet/36.wav,Asian_Barred_Owlet,3.0,6.0
../ibc53/Asian_Barred_Owlet/36.wav,Asian_Barred_Owlet,6.0,9.0
../ibc53/Asian_Barred_Owlet/36.wav,Asian_Barred_Owlet,9.0,12.0
../ibc53/Asian_Barred_Owlet/20.wav,Asian_Barred_Owlet,0,3.0
../ibc53/Asian_Barred_Owlet/20.wav,Asian_Barred_Owlet,3.0,6.0
../ibc53/Asian_Barred_Owlet/20.wav,Asian_Barred_Owlet,6.0,9.0
../ibc53/Asian_Barred_Owlet/28.wav,Asian_Barred_Owlet,0,3.0
../ibc53/Asian_Barred_Owlet/28.wav,Asian_Barred_Owlet,3.0,6.0
../ibc53/Asian_Barred_Owlet/28.wav,Asian_Barred_Owlet,6.0,9.0
../ibc53/Asian_Barred_Owlet/28.wav,Asian_Barred_Owlet,9.0,12.0
../ibc53/Asian_Barred_Owlet/28.wav,Asian_Barred_Owlet,12.0,15.0
../ibc53/Asian_Barred_Owlet/28.wav,Asian_Barred_Owlet,15.0,18.0
../ibc53/Asian_Barred_Owlet/21.wav,Asian_Barred_Owlet,0,3.0
../ibc53/Asian_Barred_Owlet/21.wav,Asian_Barred_Owlet,3.0,6.0
../ibc53/Asian_Barred_Owlet/21.wav,Asian_Barred_Owlet,6.0,9.0
../ibc53/Asian_Barred_Owlet/21.wav,Asian_Barred_Owlet,9.0,12.0
../ibc53/Asian_Barred_Owlet/21.wav,Asian_Barred_Owlet,12.0,15.0
../ibc53/Asian_Barred_Owlet/21.wav,Asian_Barred_Owlet,15.0,18.0
../ibc53/Asian_Barred_Owlet/21.wav,Asian_Barred_Owlet,18.0,21.0
../ibc53/Asian_Barred_Owlet/21.wav,Asian_Barred_Owlet,21.0,24.0
../ibc53/Asian_Barred_Owlet/21.wav,Asian_Barred_Owlet,24.0,27.0
../ibc53/Asian_Barred_Owlet/21.wav,Asian_Barred_Owlet,27.0,30.0
../ibc53/Asian_Barred_Owlet/21.wav,Asian_Barred_Owlet,30.0,33.0
../ibc53/Asian_Barred_Owlet/21.wav,Asian_Barred_Owlet,33.0,36.0
../ibc53/Asian_Barred_Owlet/21.wav,Asian_Barred_Owlet,36.0,39.0
../ibc53/Asian_Barred_Owlet/21.wav,Asian_Barred_Owlet,39.0,42.0
../ibc53/Asian_Barred_Owlet/21.wav,Asian_Barred_Owlet,42.0,45.0
../ibc53/Asian_Barred_Owlet/21.wav,Asian_Barred_Owlet,45.0,48.0
../ibc53/Asian_Barred_Owlet/21.wav,Asian_Barred_Owlet,48.0,51.0
../ibc53/Asian_Barred_Owlet/39.wav,Asian_Barred_Owlet,0,3.0
../ibc53/Asian_Barred_Owlet/39.wav,Asian_Barred_Owlet,3.0,6.0
../ibc53/Asian_Barred_Owlet/39.wav,Asian_Barred_Owlet,6.0,9.0
../ibc53/Asian_Barred_Owlet/39.wav,Asian_Barred_Owlet,9.0,12.0
../ibc53/Asian_Barred_Owlet/39.wav,Asian_Barred_Owlet,12.0,15.0
../ibc53/Asian_Barred_Owlet/39.wav,Asian_Barred_Owlet,15.0,18.0
../ibc53/Asian_Barred_Owlet/39.wav,Asian_Barred_Owlet,18.0,21.0
../ibc53/Asian_Barred_Owlet/39.wav,Asian_Barred_Owlet,21.0,24.0
../ibc53/Asian_Barred_Owlet/39.wav,Asian_Barred_Owlet,24.0,27.0
../ibc53/Asian_Barred_Owlet/39.wav,Asian_Barred_Owlet,27.0,30.0
../ibc53/Asian_Barred_Owlet/39.wav,Asian_Barred_Owlet,30.0,33.0
../ibc53/Asian_Barred_Owlet/39.wav,Asian_Barred_Owlet,33.0,36.0
../ibc53/Asian_Barred_Owlet/12.wav,Asian_Barred_Owlet,0,3.0
../ibc53/Asian_Barred_Owlet/12.wav,Asian_Barred_Owlet,3.0,6.0
../ibc53/Asian_Barred_Owlet/12.wav,Asian_Barred_Owlet,6.0,9.0
../ibc53/Asian_Barred_Owlet/12.wav,Asian_Barred_Owlet,9.0,12.0
../ibc53/Asian_Barred_Owlet/12.wav,Asian_Barred_Owlet,12.0,15.0
../ibc53/Asian_Barred_Owlet/12.wav,Asian_Barred_Owlet,15.0,18.0
../ibc53/Asian_Barred_Owlet/12.wav,Asian_Barred_Owlet,18.0,21.0
../ibc53/Asian_Barred_Owlet/12.wav,Asian_Barred_Owlet,21.0,24.0
../ibc53/Asian_Barred_Owlet/12.wav,Asian_Barred_Owlet,24.0,27.0
../ibc53/Asian_Barred_Owlet/12.wav,Asian_Barred_Owlet,27.0,30.0
../ibc53/Asian_Barred_Owlet/12.wav,Asian_Barred_Owlet,30.0,33.0
../ibc53/Asian_Barred_Owlet/12.wav,Asian_Barred_Owlet,33.0,36.0
../ibc53/Asian_Barred_Owlet/12.wav,Asian_Barred_Owlet,36.0,39.0
../ibc53/Asian_Barred_Owlet/12.wav,Asian_Barred_Owlet,39.0,42.0
../ibc53/Asian_Barred_Owlet/12.wav,Asian_Barred_Owlet,42.0,45.0
../ibc53/Asian_Barred_Owlet/12.wav,Asian_Barred_Owlet,45.0,48.0
../ibc53/Asian_Barred_Owlet/12.wav,Asian_Barred_Owlet,48.0,51.0
../ibc53/Asian_Barred_Owlet/12.wav,Asian_Barred_Owlet,51.0,54.0
../ibc53/Asian_Barred_Owlet/12.wav,Asian_Barred_Owlet,54.0,57.0
../ibc53/Asian_Barred_Owlet/12.wav,Asian_Barred_Owlet,57.0,60.0
../ibc53/Asian_Barred_Owlet/12.wav,Asian_Barred_Owlet,60.0,63.0
../ibc53/Asian_Barred_Owlet/12.wav,Asian_Barred_Owlet,63.0,66.0
../ibc53/Asian_Barred_Owlet/12.wav,Asian_Barred_Owlet,66.0,69.0
../ibc53/Asian_Barred_Owlet/12.wav,Asian_Barred_Owlet,69.0,72.0
../ibc53/Asian_Barred_Owlet/12.wav,Asian_Barred_Owlet,72.0,75.0
../ibc53/Asian_Barred_Owlet/12.wav,Asian_Barred_Owlet,75.0,78.0
../ibc53/Asian_Barred_Owlet/12.wav,Asian_Barred_Owlet,78.0,81.0
../ibc53/Asian_Barred_Owlet/12.wav,Asian_Barred_Owlet,81.0,84.0
../ibc53/Asian_Barred_Owlet/12.wav,Asian_Barred_Owlet,84.0,87.0
../ibc53/Asian_Barred_Owlet/12.wav,Asian_Barred_Owlet,87.0,90.0
../ibc53/Asian_Barred_Owlet/12.wav,Asian_Barred_Owlet,90.0,93.0
../ibc53/Asian_Barred_Owlet/12.wav,Asian_Barred_Owlet,93.0,96.0
../ibc53/Asian_Barred_Owlet/12.wav,Asian_Barred_Owlet,96.0,99.0
../ibc53/Asian_Barred_Owlet/12.wav,Asian_Barred_Owlet,99.0,102.0
../ibc53/Asian_Barred_Owlet/12.wav,Asian_Barred_Owlet,102.0,105.0
../ibc53/Asian_Barred_Owlet/12.wav,Asian_Barred_Owlet,105.0,108.0
../ibc53/Asian_Barred_Owlet/12.wav,Asian_Barred_Owlet,108.0,111.0
../ibc53/Asian_Barred_Owlet/12.wav,Asian_Barred_Owlet,111.0,114.0
../ibc53/Asian_Barred_Owlet/12.wav,Asian_Barred_Owlet,114.0,117.0
../ibc53/Asian_Barred_Owlet/12.wav,Asian_Barred_Owlet,117.0,120.0
../ibc53/Asian_Barred_Owlet/12.wav,Asian_Barred_Owlet,120.0,123.0
../ibc53/Asian_Barred_Owlet/12.wav,Asian_Barred_Owlet,123.0,126.0
../ibc53/Asian_Barred_Owlet/12.wav,Asian_Barred_Owlet,126.0,129.0
../ibc53/Asian_Barred_Owlet/12.wav,Asian_Barred_Owlet,129.0,132.0
../ibc53/Asian_Barred_Owlet/12.wav,Asian_Barred_Owlet,132.0,135.0
../ibc53/Asian_Barred_Owlet/12.wav,Asian_Barred_Owlet,135.0,138.0
../ibc53/Asian_Barred_Owlet/12.wav,Asian_Barred_Owlet,138.0,141.0
../ibc53/Asian_Barred_Owlet/2.wav,Asian_Barred_Owlet,0,3.0
../ibc53/Asian_Barred_Owlet/2.wav,Asian_Barred_Owlet,3.0,6.0
../ibc53/Asian_Barred_Owlet/2.wav,Asian_Barred_Owlet,6.0,9.0
../ibc53/Asian_Barred_Owlet/2.wav,Asian_Barred_Owlet,9.0,12.0
../ibc53/Asian_Barred_Owlet/2.wav,Asian_Barred_Owlet,12.0,15.0
../ibc53/Asian_Barred_Owlet/2.wav,Asian_Barred_Owlet,15.0,18.0
../ibc53/Asian_Barred_Owlet/2.wav,Asian_Barred_Owlet,18.0,21.0
../ibc53/Asian_Barred_Owlet/2.wav,Asian_Barred_Owlet,21.0,24.0
../ibc53/Asian_Barred_Owlet/2.wav,Asian_Barred_Owlet,24.0,27.0
../ibc53/Asian_Barred_Owlet/2.wav,Asian_Barred_Owlet,27.0,30.0
../ibc53/Asian_Barred_Owlet/2.wav,Asian_Barred_Owlet,30.0,33.0
../ibc53/Asian_Barred_Owlet/2.wav,Asian_Barred_Owlet,33.0,36.0
../ibc53/Asian_Barred_Owlet/2.wav,Asian_Barred_Owlet,36.0,39.0
../ibc53/Asian_Barred_Owlet/2.wav,Asian_Barred_Owlet,39.0,42.0
../ibc53/Asian_Barred_Owlet/2.wav,Asian_Barred_Owlet,42.0,45.0
../ibc53/Asian_Barred_Owlet/2.wav,Asian_Barred_Owlet,45.0,48.0
../ibc53/Asian_Barred_Owlet/4.wav,Asian_Barred_Owlet,0,3.0
../ibc53/Asian_Barred_Owlet/4.wav,Asian_Barred_Owlet,3.0,6.0
../ibc53/Asian_Barred_Owlet/4.wav,Asian_Barred_Owlet,6.0,9.0
../ibc53/Asian_Barred_Owlet/27.wav,Asian_Barred_Owlet,0,3.0
../ibc53/Asian_Barred_Owlet/27.wav,Asian_Barred_Owlet,3.0,6.0
../ibc53/Asian_Barred_Owlet/27.wav,Asian_Barred_Owlet,6.0,9.0
../ibc53/Asian_Barred_Owlet/27.wav,Asian_Barred_Owlet,9.0,12.0
../ibc53/Asian_Barred_Owlet/27.wav,Asian_Barred_Owlet,12.0,15.0
../ibc53/Asian_Barred_Owlet/14.wav,Asian_Barred_Owlet,0,3.0
../ibc53/Asian_Barred_Owlet/14.wav,Asian_Barred_Owlet,3.0,6.0
../ibc53/Asian_Barred_Owlet/14.wav,Asian_Barred_Owlet,6.0,9.0
../ibc53/Asian_Barred_Owlet/14.wav,Asian_Barred_Owlet,9.0,12.0
../ibc53/Asian_Barred_Owlet/14.wav,Asian_Barred_Owlet,12.0,15.0
../ibc53/Asian_Barred_Owlet/14.wav,Asian_Barred_Owlet,15.0,18.0
../ibc53/Asian_Barred_Owlet/14.wav,Asian_Barred_Owlet,18.0,21.0
../ibc53/Asian_Barred_Owlet/14.wav,Asian_Barred_Owlet,21.0,24.0
../ibc53/Asian_Barred_Owlet/14.wav,Asian_Barred_Owlet,24.0,27.0
../ibc53/Asian_Barred_Owlet/14.wav,Asian_Barred_Owlet,27.0,30.0
../ibc53/Asian_Barred_Owlet/14.wav,Asian_Barred_Owlet,30.0,33.0
../ibc53/Asian_Barred_Owlet/14.wav,Asian_Barred_Owlet,33.0,36.0
../ibc53/Asian_Barred_Owlet/37.wav,Asian_Barred_Owlet,0,3.0
../ibc53/Asian_Barred_Owlet/37.wav,Asian_Barred_Owlet,3.0,6.0
../ibc53/Asian_Barred_Owlet/37.wav,Asian_Barred_Owlet,6.0,9.0
../ibc53/Asian_Barred_Owlet/37.wav,Asian_Barred_Owlet,9.0,12.0
../ibc53/Asian_Barred_Owlet/37.wav,Asian_Barred_Owlet,12.0,15.0
../ibc53/Asian_Barred_Owlet/37.wav,Asian_Barred_Owlet,15.0,18.0
../ibc53/Asian_Barred_Owlet/37.wav,Asian_Barred_Owlet,18.0,21.0
../ibc53/Asian_Barred_Owlet/37.wav,Asian_Barred_Owlet,21.0,24.0
../ibc53/Asian_Barred_Owlet/22.wav,Asian_Barred_Owlet,0,3.0
../ibc53/Asian_Barred_Owlet/22.wav,Asian_Barred_Owlet,3.0,6.0
../ibc53/Asian_Barred_Owlet/22.wav,Asian_Barred_Owlet,6.0,9.0
../ibc53/Asian_Barred_Owlet/22.wav,Asian_Barred_Owlet,9.0,12.0
../ibc53/Asian_Barred_Owlet/10.wav,Asian_Barred_Owlet,0,3.0
../ibc53/Asian_Barred_Owlet/10.wav,Asian_Barred_Owlet,3.0,6.0
../ibc53/Asian_Barred_Owlet/10.wav,Asian_Barred_Owlet,6.0,9.0
../ibc53/Asian_Barred_Owlet/10.wav,Asian_Barred_Owlet,9.0,12.0
../ibc53/Asian_Barred_Owlet/10.wav,Asian_Barred_Owlet,12.0,15.0
../ibc53/Asian_Barred_Owlet/10.wav,Asian_Barred_Owlet,15.0,18.0
../ibc53/Asian_Barred_Owlet/10.wav,Asian_Barred_Owlet,18.0,21.0
../ibc53/Asian_Barred_Owlet/10.wav,Asian_Barred_Owlet,21.0,24.0
../ibc53/Asian_Barred_Owlet/10.wav,Asian_Barred_Owlet,24.0,27.0
../ibc53/Asian_Barred_Owlet/10.wav,Asian_Barred_Owlet,27.0,30.0
../ibc53/Asian_Barred_Owlet/10.wav,Asian_Barred_Owlet,30.0,33.0
../ibc53/Asian_Barred_Owlet/10.wav,Asian_Barred_Owlet,33.0,36.0
../ibc53/Asian_Barred_Owlet/29.wav,Asian_Barred_Owlet,0,3.0
../ibc53/Asian_Barred_Owlet/29.wav,Asian_Barred_Owlet,3.0,6.0
../ibc53/Asian_Barred_Owlet/29.wav,Asian_Barred_Owlet,6.0,9.0
../ibc53/Asian_Barred_Owlet/29.wav,Asian_Barred_Owlet,9.0,12.0
../ibc53/Asian_Barred_Owlet/29.wav,Asian_Barred_Owlet,12.0,15.0
../ibc53/Asian_Barred_Owlet/29.wav,Asian_Barred_Owlet,15.0,18.0
../ibc53/Asian_Barred_Owlet/29.wav,Asian_Barred_Owlet,18.0,21.0
../ibc53/Asian_Barred_Owlet/29.wav,Asian_Barred_Owlet,21.0,24.0
../ibc53/Asian_Barred_Owlet/29.wav,Asian_Barred_Owlet,24.0,27.0
../ibc53/Asian_Barred_Owlet/29.wav,Asian_Barred_Owlet,27.0,30.0
../ibc53/Asian_Barred_Owlet/29.wav,Asian_Barred_Owlet,30.0,33.0
../ibc53/Asian_Barred_Owlet/29.wav,Asian_Barred_Owlet,33.0,36.0
../ibc53/Asian_Barred_Owlet/29.wav,Asian_Barred_Owlet,36.0,39.0
../ibc53/Asian_Barred_Owlet/29.wav,Asian_Barred_Owlet,39.0,42.0
../ibc53/Asian_Barred_Owlet/29.wav,Asian_Barred_Owlet,42.0,45.0
../ibc53/Asian_Barred_Owlet/29.wav,Asian_Barred_Owlet,45.0,48.0
../ibc53/Asian_Barred_Owlet/29.wav,Asian_Barred_Owlet,48.0,51.0
../ibc53/Asian_Barred_Owlet/29.wav,Asian_Barred_Owlet,51.0,54.0
../ibc53/Asian_Barred_Owlet/29.wav,Asian_Barred_Owlet,54.0,57.0
../ibc53/Asian_Barred_Owlet/29.wav,Asian_Barred_Owlet,57.0,60.0
../ibc53/Asian_Barred_Owlet/29.wav,Asian_Barred_Owlet,60.0,63.0
../ibc53/Asian_Barred_Owlet/29.wav,Asian_Barred_Owlet,63.0,66.0
../ibc53/Asian_Barred_Owlet/29.wav,Asian_Barred_Owlet,66.0,69.0
../ibc53/Asian_Barred_Owlet/29.wav,Asian_Barred_Owlet,69.0,72.0
../ibc53/Asian_Barred_Owlet/29.wav,Asian_Barred_Owlet,72.0,75.0
../ibc53/Asian_Barred_Owlet/29.wav,Asian_Barred_Owlet,75.0,78.0
../ibc53/Asian_Barred_Owlet/29.wav,Asian_Barred_Owlet,78.0,81.0
../ibc53/Asian_Barred_Owlet/29.wav,Asian_Barred_Owlet,81.0,84.0
../ibc53/Asian_Barred_Owlet/29.wav,Asian_Barred_Owlet,84.0,87.0
../ibc53/Asian_Barred_Owlet/41.wav,Asian_Barred_Owlet,0,3.0
../ibc53/Asian_Barred_Owlet/41.wav,Asian_Barred_Owlet,3.0,6.0
../ibc53/Asian_Barred_Owlet/40.wav,Asian_Barred_Owlet,0,3.0
../ibc53/Asian_Barred_Owlet/40.wav,Asian_Barred_Owlet,3.0,6.0
../ibc53/Asian_Barred_Owlet/40.wav,Asian_Barred_Owlet,6.0,9.0
../ibc53/Asian_Barred_Owlet/40.wav,Asian_Barred_Owlet,9.0,12.0
../ibc53/Asian_Barred_Owlet/32.wav,Asian_Barred_Owlet,0,3.0
../ibc53/Asian_Barred_Owlet/32.wav,Asian_Barred_Owlet,3.0,6.0
../ibc53/Asian_Barred_Owlet/32.wav,Asian_Barred_Owlet,6.0,9.0
../ibc53/Asian_Barred_Owlet/32.wav,Asian_Barred_Owlet,9.0,12.0
../ibc53/Asian_Barred_Owlet/32.wav,Asian_Barred_Owlet,12.0,15.0
../ibc53/Asian_Barred_Owlet/32.wav,Asian_Barred_Owlet,15.0,18.0
../ibc53/Asian_Barred_Owlet/32.wav,Asian_Barred_Owlet,18.0,21.0
../ibc53/Asian_Barred_Owlet/32.wav,Asian_Barred_Owlet,21.0,24.0
../ibc53/Asian_Barred_Owlet/30.wav,Asian_Barred_Owlet,0,3.0
../ibc53/Asian_Barred_Owlet/30.wav,Asian_Barred_Owlet,3.0,6.0
../ibc53/Asian_Barred_Owlet/30.wav,Asian_Barred_Owlet,6.0,9.0
../ibc53/Asian_Barred_Owlet/30.wav,Asian_Barred_Owlet,9.0,12.0
../ibc53/Asian_Barred_Owlet/30.wav,Asian_Barred_Owlet,12.0,15.0
../ibc53/Asian_Barred_Owlet/30.wav,Asian_Barred_Owlet,15.0,18.0
../ibc53/Asian_Barred_Owlet/30.wav,Asian_Barred_Owlet,18.0,21.0
../ibc53/Asian_Barred_Owlet/30.wav,Asian_Barred_Owlet,21.0,24.0
../ibc53/Asian_Barred_Owlet/30.wav,Asian_Barred_Owlet,24.0,27.0
../ibc53/Asian_Barred_Owlet/30.wav,Asian_Barred_Owlet,27.0,30.0
../ibc53/Asian_Barred_Owlet/30.wav,Asian_Barred_Owlet,30.0,33.0
../ibc53/Asian_Barred_Owlet/30.wav,Asian_Barred_Owlet,33.0,36.0
../ibc53/Asian_Barred_Owlet/30.wav,Asian_Barred_Owlet,36.0,39.0
../ibc53/Asian_Barred_Owlet/30.wav,Asian_Barred_Owlet,39.0,42.0
../ibc53/Asian_Barred_Owlet/30.wav,Asian_Barred_Owlet,42.0,45.0
../ibc53/Asian_Barred_Owlet/30.wav,Asian_Barred_Owlet,45.0,48.0
../ibc53/Asian_Barred_Owlet/30.wav,Asian_Barred_Owlet,48.0,51.0
../ibc53/Asian_Barred_Owlet/30.wav,Asian_Barred_Owlet,51.0,54.0
../ibc53/Asian_Barred_Owlet/30.wav,Asian_Barred_Owlet,54.0,57.0
../ibc53/Asian_Barred_Owlet/30.wav,Asian_Barred_Owlet,57.0,60.0
../ibc53/Asian_Barred_Owlet/30.wav,Asian_Barred_Owlet,60.0,63.0
../ibc53/Asian_Barred_Owlet/30.wav,Asian_Barred_Owlet,63.0,66.0
../ibc53/Asian_Barred_Owlet/30.wav,Asian_Barred_Owlet,66.0,69.0
../ibc53/Asian_Barred_Owlet/30.wav,Asian_Barred_Owlet,69.0,72.0
../ibc53/Asian_Barred_Owlet/30.wav,Asian_Barred_Owlet,72.0,75.0
../ibc53/Asian_Barred_Owlet/30.wav,Asian_Barred_Owlet,75.0,78.0
../ibc53/Asian_Barred_Owlet/30.wav,Asian_Barred_Owlet,78.0,81.0
../ibc53/Asian_Barred_Owlet/30.wav,Asian_Barred_Owlet,81.0,84.0
../ibc53/Asian_Barred_Owlet/30.wav,Asian_Barred_Owlet,84.0,87.0
../ibc53/Asian_Barred_Owlet/30.wav,Asian_Barred_Owlet,87.0,90.0
../ibc53/Asian_Barred_Owlet/19.wav,Asian_Barred_Owlet,0,3.0
../ibc53/Asian_Barred_Owlet/19.wav,Asian_Barred_Owlet,3.0,6.0
../ibc53/Asian_Barred_Owlet/19.wav,Asian_Barred_Owlet,6.0,9.0
../ibc53/Asian_Barred_Owlet/9.wav,Asian_Barred_Owlet,0,3.0
../ibc53/Asian_Barred_Owlet/6.wav,Asian_Barred_Owlet,0,3.0
../ibc53/Asian_Barred_Owlet/6.wav,Asian_Barred_Owlet,3.0,6.0
../ibc53/Asian_Barred_Owlet/6.wav,Asian_Barred_Owlet,6.0,9.0
../ibc53/Asian_Barred_Owlet/6.wav,Asian_Barred_Owlet,9.0,12.0
../ibc53/Asian_Barred_Owlet/6.wav,Asian_Barred_Owlet,12.0,15.0
../ibc53/Asian_Barred_Owlet/6.wav,Asian_Barred_Owlet,15.0,18.0
../ibc53/Asian_Barred_Owlet/6.wav,Asian_Barred_Owlet,18.0,21.0
../ibc53/Asian_Barred_Owlet/6.wav,Asian_Barred_Owlet,21.0,24.0
../ibc53/Asian_Barred_Owlet/6.wav,Asian_Barred_Owlet,24.0,27.0
../ibc53/Asian_Barred_Owlet/6.wav,Asian_Barred_Owlet,27.0,30.0
../ibc53/Asian_Barred_Owlet/11.wav,Asian_Barred_Owlet,0,3.0
../ibc53/Asian_Barred_Owlet/11.wav,Asian_Barred_Owlet,3.0,6.0
../ibc53/Asian_Barred_Owlet/35.wav,Asian_Barred_Owlet,0,3.0
../ibc53/Asian_Barred_Owlet/35.wav,Asian_Barred_Owlet,3.0,6.0
../ibc53/Asian_Barred_Owlet/35.wav,Asian_Barred_Owlet,6.0,9.0
../ibc53/Asian_Barred_Owlet/38.wav,Asian_Barred_Owlet,0,3.0
../ibc53/Asian_Barred_Owlet/38.wav,Asian_Barred_Owlet,3.0,6.0
../ibc53/Asian_Barred_Owlet/38.wav,Asian_Barred_Owlet,6.0,9.0
../ibc53/Asian_Barred_Owlet/38.wav,Asian_Barred_Owlet,9.0,12.0
../ibc53/Asian_Barred_Owlet/38.wav,Asian_Barred_Owlet,12.0,15.0
../ibc53/Asian_Barred_Owlet/38.wav,Asian_Barred_Owlet,15.0,18.0
../ibc53/Asian_Barred_Owlet/38.wav,Asian_Barred_Owlet,18.0,21.0
../ibc53/Asian_Barred_Owlet/38.wav,Asian_Barred_Owlet,21.0,24.0
../ibc53/Asian_Barred_Owlet/38.wav,Asian_Barred_Owlet,24.0,27.0
../ibc53/Asian_Barred_Owlet/38.wav,Asian_Barred_Owlet,27.0,30.0
../ibc53/Asian_Barred_Owlet/38.wav,Asian_Barred_Owlet,30.0,33.0
../ibc53/Asian_Barred_Owlet/38.wav,Asian_Barred_Owlet,33.0,36.0
../ibc53/Asian_Barred_Owlet/38.wav,Asian_Barred_Owlet,36.0,39.0
../ibc53/Asian_Barred_Owlet/23.wav,Asian_Barred_Owlet,0,3.0
../ibc53/Asian_Barred_Owlet/23.wav,Asian_Barred_Owlet,3.0,6.0
../ibc53/Asian_Barred_Owlet/23.wav,Asian_Barred_Owlet,6.0,9.0
../ibc53/Asian_Barred_Owlet/23.wav,Asian_Barred_Owlet,9.0,12.0
../ibc53/Asian_Barred_Owlet/23.wav,Asian_Barred_Owlet,12.0,15.0
../ibc53/Asian_Barred_Owlet/23.wav,Asian_Barred_Owlet,15.0,18.0
../ibc53/Asian_Palm_Swift/3.wav,Asian_Palm_Swift,0,3.0
../ibc53/Asian_Palm_Swift/3.wav,Asian_Palm_Swift,3.0,6.0
../ibc53/Asian_Palm_Swift/3.wav,Asian_Palm_Swift,6.0,9.0
../ibc53/Asian_Palm_Swift/3.wav,Asian_Palm_Swift,9.0,12.0
../ibc53/Asian_Palm_Swift/3.wav,Asian_Palm_Swift,12.0,15.0
../ibc53/Asian_Palm_Swift/3.wav,Asian_Palm_Swift,15.0,18.0
../ibc53/Asian_Palm_Swift/5.wav,Asian_Palm_Swift,0,3.0
../ibc53/Asian_Palm_Swift/5.wav,Asian_Palm_Swift,3.0,6.0
../ibc53/Asian_Palm_Swift/5.wav,Asian_Palm_Swift,6.0,9.0
../ibc53/Asian_Palm_Swift/5.wav,Asian_Palm_Swift,9.0,12.0
../ibc53/Asian_Palm_Swift/5.wav,Asian_Palm_Swift,12.0,15.0
../ibc53/Asian_Palm_Swift/5.wav,Asian_Palm_Swift,15.0,18.0
../ibc53/Asian_Palm_Swift/5.wav,Asian_Palm_Swift,18.0,21.0
../ibc53/Asian_Palm_Swift/5.wav,Asian_Palm_Swift,21.0,24.0
../ibc53/Asian_Palm_Swift/7.wav,Asian_Palm_Swift,0,3.0
../ibc53/Asian_Palm_Swift/7.wav,Asian_Palm_Swift,3.0,6.0
../ibc53/Asian_Palm_Swift/7.wav,Asian_Palm_Swift,6.0,9.0
../ibc53/Asian_Palm_Swift/7.wav,Asian_Palm_Swift,9.0,12.0
../ibc53/Asian_Palm_Swift/7.wav,Asian_Palm_Swift,12.0,15.0
../ibc53/Asian_Palm_Swift/7.wav,Asian_Palm_Swift,15.0,18.0
../ibc53/Asian_Palm_Swift/7.wav,Asian_Palm_Swift,18.0,21.0
../ibc53/Asian_Palm_Swift/7.wav,Asian_Palm_Swift,21.0,24.0
../ibc53/Asian_Palm_Swift/7.wav,Asian_Palm_Swift,24.0,27.0
../ibc53/Asian_Palm_Swift/7.wav,Asian_Palm_Swift,27.0,30.0
../ibc53/Asian_Palm_Swift/7.wav,Asian_Palm_Swift,30.0,33.0
../ibc53/Asian_Palm_Swift/7.wav,Asian_Palm_Swift,33.0,36.0
../ibc53/Asian_Palm_Swift/7.wav,Asian_Palm_Swift,36.0,39.0
../ibc53/Asian_Palm_Swift/7.wav,Asian_Palm_Swift,39.0,42.0
../ibc53/Asian_Palm_Swift/7.wav,Asian_Palm_Swift,42.0,45.0
../ibc53/Asian_Palm_Swift/7.wav,Asian_Palm_Swift,45.0,48.0
../ibc53/Asian_Palm_Swift/7.wav,Asian_Palm_Swift,48.0,51.0
../ibc53/Asian_Palm_Swift/7.wav,Asian_Palm_Swift,51.0,54.0
../ibc53/Asian_Palm_Swift/7.wav,Asian_Palm_Swift,54.0,57.0
../ibc53/Asian_Palm_Swift/7.wav,Asian_Palm_Swift,57.0,60.0
../ibc53/Asian_Palm_Swift/7.wav,Asian_Palm_Swift,60.0,63.0
../ibc53/Asian_Palm_Swift/7.wav,Asian_Palm_Swift,63.0,66.0
../ibc53/Asian_Palm_Swift/7.wav,Asian_Palm_Swift,66.0,69.0
../ibc53/Asian_Palm_Swift/7.wav,Asian_Palm_Swift,69.0,72.0
../ibc53/Asian_Palm_Swift/7.wav,Asian_Palm_Swift,72.0,75.0
../ibc53/Asian_Palm_Swift/7.wav,Asian_Palm_Swift,75.0,78.0
../ibc53/Asian_Palm_Swift/7.wav,Asian_Palm_Swift,78.0,81.0
../ibc53/Asian_Palm_Swift/7.wav,Asian_Palm_Swift,81.0,84.0
../ibc53/Asian_Palm_Swift/7.wav,Asian_Palm_Swift,84.0,87.0
../ibc53/Asian_Palm_Swift/7.wav,Asian_Palm_Swift,87.0,90.0
../ibc53/Asian_Palm_Swift/7.wav,Asian_Palm_Swift,90.0,93.0
../ibc53/Asian_Palm_Swift/7.wav,Asian_Palm_Swift,93.0,96.0
../ibc53/Asian_Palm_Swift/7.wav,Asian_Palm_Swift,96.0,99.0
../ibc53/Asian_Palm_Swift/7.wav,Asian_Palm_Swift,99.0,102.0
../ibc53/Asian_Palm_Swift/7.wav,Asian_Palm_Swift,102.0,105.0
../ibc53/Asian_Palm_Swift/7.wav,Asian_Palm_Swift,105.0,108.0
../ibc53/Asian_Palm_Swift/8.wav,Asian_Palm_Swift,0,3.0
../ibc53/Asian_Palm_Swift/8.wav,Asian_Palm_Swift,3.0,6.0
../ibc53/Asian_Palm_Swift/8.wav,Asian_Palm_Swift,6.0,9.0
../ibc53/Asian_Palm_Swift/8.wav,Asian_Palm_Swift,9.0,12.0
../ibc53/Asian_Palm_Swift/8.wav,Asian_Palm_Swift,12.0,15.0
../ibc53/Asian_Palm_Swift/8.wav,Asian_Palm_Swift,15.0,18.0
../ibc53/Asian_Palm_Swift/8.wav,Asian_Palm_Swift,18.0,21.0
../ibc53/Asian_Palm_Swift/8.wav,Asian_Palm_Swift,21.0,24.0
../ibc53/Asian_Palm_Swift/1.wav,Asian_Palm_Swift,0,3.0
../ibc53/Asian_Palm_Swift/2.wav,Asian_Palm_Swift,0,3.0
../ibc53/Asian_Palm_Swift/2.wav,Asian_Palm_Swift,3.0,6.0
../ibc53/Asian_Palm_Swift/4.wav,Asian_Palm_Swift,0,3.0
../ibc53/Asian_Palm_Swift/4.wav,Asian_Palm_Swift,3.0,6.0
../ibc53/Asian_Palm_Swift/4.wav,Asian_Palm_Swift,6.0,9.0
../ibc53/Asian_Palm_Swift/4.wav,Asian_Palm_Swift,9.0,12.0
../ibc53/Asian_Palm_Swift/4.wav,Asian_Palm_Swift,12.0,15.0
../ibc53/Asian_Palm_Swift/4.wav,Asian_Palm_Swift,15.0,18.0
../ibc53/Asian_Palm_Swift/9.wav,Asian_Palm_Swift,0,3.0
../ibc53/Asian_Palm_Swift/9.wav,Asian_Palm_Swift,3.0,6.0
../ibc53/Asian_Palm_Swift/9.wav,Asian_Palm_Swift,6.0,9.0
../ibc53/Asian_Palm_Swift/6.wav,Asian_Palm_Swift,0,3.0
../ibc53/Asian_Palm_Swift/6.wav,Asian_Palm_Swift,3.0,6.0
../ibc53/Asian_Palm_Swift/6.wav,Asian_Palm_Swift,6.0,9.0
../ibc53/Asian_Palm_Swift/6.wav,Asian_Palm_Swift,9.0,12.0
../ibc53/Asian_Palm_Swift/6.wav,Asian_Palm_Swift,12.0,15.0
../ibc53/Asian_Palm_Swift/6.wav,Asian_Palm_Swift,15.0,18.0
../ibc53/Asian_Palm_Swift/6.wav,Asian_Palm_Swift,18.0,21.0
../ibc53/Asian_Palm_Swift/6.wav,Asian_Palm_Swift,21.0,24.0
../ibc53/Asian_Palm_Swift/6.wav,Asian_Palm_Swift,24.0,27.0
../ibc53/Asian_Palm_Swift/6.wav,Asian_Palm_Swift,27.0,30.0
../ibc53/Asian_Palm_Swift/6.wav,Asian_Palm_Swift,30.0,33.0
../ibc53/Asian_Palm_Swift/6.wav,Asian_Palm_Swift,33.0,36.0
../ibc53/Asian_Palm_Swift/6.wav,Asian_Palm_Swift,36.0,39.0
../ibc53/Asian_Palm_Swift/6.wav,Asian_Palm_Swift,39.0,42.0
../ibc53/Baikal_Bush_Warbler/3.wav,Baikal_Bush_Warbler,0,3.0
../ibc53/Baikal_Bush_Warbler/3.wav,Baikal_Bush_Warbler,3.0,6.0
../ibc53/Baikal_Bush_Warbler/3.wav,Baikal_Bush_Warbler,6.0,9.0
../ibc53/Baikal_Bush_Warbler/3.wav,Baikal_Bush_Warbler,9.0,12.0
../ibc53/Baikal_Bush_Warbler/3.wav,Baikal_Bush_Warbler,12.0,15.0
../ibc53/Baikal_Bush_Warbler/3.wav,Baikal_Bush_Warbler,15.0,18.0
../ibc53/Baikal_Bush_Warbler/3.wav,Baikal_Bush_Warbler,18.0,21.0
../ibc53/Baikal_Bush_Warbler/3.wav,Baikal_Bush_Warbler,21.0,24.0
../ibc53/Baikal_Bush_Warbler/3.wav,Baikal_Bush_Warbler,24.0,27.0
../ibc53/Baikal_Bush_Warbler/3.wav,Baikal_Bush_Warbler,27.0,30.0
../ibc53/Baikal_Bush_Warbler/5.wav,Baikal_Bush_Warbler,0,3.0
../ibc53/Baikal_Bush_Warbler/5.wav,Baikal_Bush_Warbler,3.0,6.0
../ibc53/Baikal_Bush_Warbler/5.wav,Baikal_Bush_Warbler,6.0,9.0
../ibc53/Baikal_Bush_Warbler/5.wav,Baikal_Bush_Warbler,9.0,12.0
../ibc53/Baikal_Bush_Warbler/5.wav,Baikal_Bush_Warbler,12.0,15.0
../ibc53/Baikal_Bush_Warbler/5.wav,Baikal_Bush_Warbler,15.0,18.0
../ibc53/Baikal_Bush_Warbler/5.wav,Baikal_Bush_Warbler,18.0,21.0
../ibc53/Baikal_Bush_Warbler/5.wav,Baikal_Bush_Warbler,21.0,24.0
../ibc53/Baikal_Bush_Warbler/5.wav,Baikal_Bush_Warbler,24.0,27.0
../ibc53/Baikal_Bush_Warbler/7.wav,Baikal_Bush_Warbler,0,3.0
../ibc53/Baikal_Bush_Warbler/7.wav,Baikal_Bush_Warbler,3.0,6.0
../ibc53/Baikal_Bush_Warbler/7.wav,Baikal_Bush_Warbler,6.0,9.0
../ibc53/Baikal_Bush_Warbler/7.wav,Baikal_Bush_Warbler,9.0,12.0
../ibc53/Baikal_Bush_Warbler/7.wav,Baikal_Bush_Warbler,12.0,15.0
../ibc53/Baikal_Bush_Warbler/7.wav,Baikal_Bush_Warbler,15.0,18.0
../ibc53/Baikal_Bush_Warbler/8.wav,Baikal_Bush_Warbler,0,3.0
../ibc53/Baikal_Bush_Warbler/8.wav,Baikal_Bush_Warbler,3.0,6.0
../ibc53/Baikal_Bush_Warbler/1.wav,Baikal_Bush_Warbler,0,3.0
../ibc53/Baikal_Bush_Warbler/1.wav,Baikal_Bush_Warbler,3.0,6.0
../ibc53/Baikal_Bush_Warbler/1.wav,Baikal_Bush_Warbler,6.0,9.0
../ibc53/Baikal_Bush_Warbler/1.wav,Baikal_Bush_Warbler,9.0,12.0
../ibc53/Baikal_Bush_Warbler/1.wav,Baikal_Bush_Warbler,12.0,15.0
../ibc53/Baikal_Bush_Warbler/1.wav,Baikal_Bush_Warbler,15.0,18.0
../ibc53/Baikal_Bush_Warbler/1.wav,Baikal_Bush_Warbler,18.0,21.0
../ibc53/Baikal_Bush_Warbler/1.wav,Baikal_Bush_Warbler,21.0,24.0
../ibc53/Baikal_Bush_Warbler/1.wav,Baikal_Bush_Warbler,24.0,27.0
../ibc53/Baikal_Bush_Warbler/1.wav,Baikal_Bush_Warbler,27.0,30.0
../ibc53/Baikal_Bush_Warbler/1.wav,Baikal_Bush_Warbler,30.0,33.0
../ibc53/Baikal_Bush_Warbler/1.wav,Baikal_Bush_Warbler,33.0,36.0
../ibc53/Baikal_Bush_Warbler/2.wav,Baikal_Bush_Warbler,0,3.0
../ibc53/Baikal_Bush_Warbler/2.wav,Baikal_Bush_Warbler,3.0,6.0
../ibc53/Baikal_Bush_Warbler/2.wav,Baikal_Bush_Warbler,6.0,9.0
../ibc53/Baikal_Bush_Warbler/2.wav,Baikal_Bush_Warbler,9.0,12.0
../ibc53/Baikal_Bush_Warbler/2.wav,Baikal_Bush_Warbler,12.0,15.0
../ibc53/Baikal_Bush_Warbler/2.wav,Baikal_Bush_Warbler,15.0,18.0
../ibc53/Baikal_Bush_Warbler/4.wav,Baikal_Bush_Warbler,0,3.0
../ibc53/Baikal_Bush_Warbler/4.wav,Baikal_Bush_Warbler,3.0,6.0
../ibc53/Baikal_Bush_Warbler/4.wav,Baikal_Bush_Warbler,6.0,9.0
../ibc53/Baikal_Bush_Warbler/4.wav,Baikal_Bush_Warbler,9.0,12.0
../ibc53/Baikal_Bush_Warbler/4.wav,Baikal_Bush_Warbler,12.0,15.0
../ibc53/Baikal_Bush_Warbler/4.wav,Baikal_Bush_Warbler,15.0,18.0
../ibc53/Baikal_Bush_Warbler/4.wav,Baikal_Bush_Warbler,18.0,21.0
../ibc53/Baikal_Bush_Warbler/4.wav,Baikal_Bush_Warbler,21.0,24.0
../ibc53/Baikal_Bush_Warbler/4.wav,Baikal_Bush_Warbler,24.0,27.0
../ibc53/Baikal_Bush_Warbler/4.wav,Baikal_Bush_Warbler,27.0,30.0
../ibc53/Baikal_Bush_Warbler/4.wav,Baikal_Bush_Warbler,30.0,33.0
../ibc53/Baikal_Bush_Warbler/4.wav,Baikal_Bush_Warbler,33.0,36.0
../ibc53/Baikal_Bush_Warbler/4.wav,Baikal_Bush_Warbler,36.0,39.0
../ibc53/Baikal_Bush_Warbler/6.wav,Baikal_Bush_Warbler,0,3.0
../ibc53/Baikal_Bush_Warbler/6.wav,Baikal_Bush_Warbler,3.0,6.0
../ibc53/Baikal_Bush_Warbler/6.wav,Baikal_Bush_Warbler,6.0,9.0
../ibc53/Baikal_Bush_Warbler/6.wav,Baikal_Bush_Warbler,9.0,12.0
../ibc53/Baikal_Bush_Warbler/6.wav,Baikal_Bush_Warbler,12.0,15.0
../ibc53/Baikal_Bush_Warbler/6.wav,Baikal_Bush_Warbler,15.0,18.0
../ibc53/Baikal_Bush_Warbler/6.wav,Baikal_Bush_Warbler,18.0,21.0
../ibc53/Baikal_Bush_Warbler/6.wav,Baikal_Bush_Warbler,21.0,24.0
../ibc53/Baikal_Bush_Warbler/6.wav,Baikal_Bush_Warbler,24.0,27.0
../ibc53/Baikal_Bush_Warbler/6.wav,Baikal_Bush_Warbler,27.0,30.0
../ibc53/Baikal_Bush_Warbler/6.wav,Baikal_Bush_Warbler,30.0,33.0
../ibc53/Baikal_Bush_Warbler/6.wav,Baikal_Bush_Warbler,33.0,36.0
../ibc53/Baikal_Bush_Warbler/6.wav,Baikal_Bush_Warbler,36.0,39.0
../ibc53/Baikal_Bush_Warbler/6.wav,Baikal_Bush_Warbler,39.0,42.0
../ibc53/Black-bellied_Plover/3.wav,Black-bellied_Plover,0,3.0
../ibc53/Black-bellied_Plover/3.wav,Black-bellied_Plover,3.0,6.0
../ibc53/Black-bellied_Plover/3.wav,Black-bellied_Plover,6.0,9.0
../ibc53/Black-bellied_Plover/5.wav,Black-bellied_Plover,0,3.0
../ibc53/Black-bellied_Plover/7.wav,Black-bellied_Plover,0,3.0
../ibc53/Black-bellied_Plover/7.wav,Black-bellied_Plover,3.0,6.0
../ibc53/Black-bellied_Plover/1.wav,Black-bellied_Plover,0,3.0
../ibc53/Black-bellied_Plover/1.wav,Black-bellied_Plover,3.0,6.0
../ibc53/Black-bellied_Plover/1.wav,Black-bellied_Plover,6.0,9.0
../ibc53/Black-bellied_Plover/1.wav,Black-bellied_Plover,9.0,12.0
../ibc53/Black-bellied_Plover/1.wav,Black-bellied_Plover,12.0,15.0
../ibc53/Black-bellied_Plover/1.wav,Black-bellied_Plover,15.0,18.0
../ibc53/Black-bellied_Plover/1.wav,Black-bellied_Plover,18.0,21.0
../ibc53/Black-bellied_Plover/1.wav,Black-bellied_Plover,21.0,24.0
../ibc53/Black-bellied_Plover/1.wav,Black-bellied_Plover,24.0,27.0
../ibc53/Black-bellied_Plover/1.wav,Black-bellied_Plover,27.0,30.0
../ibc53/Black-bellied_Plover/1.wav,Black-bellied_Plover,30.0,33.0
../ibc53/Black-bellied_Plover/1.wav,Black-bellied_Plover,33.0,36.0
../ibc53/Black-bellied_Plover/1.wav,Black-bellied_Plover,36.0,39.0
../ibc53/Black-bellied_Plover/1.wav,Black-bellied_Plover,39.0,42.0
../ibc53/Black-bellied_Plover/1.wav,Black-bellied_Plover,42.0,45.0
../ibc53/Black-bellied_Plover/1.wav,Black-bellied_Plover,45.0,48.0
../ibc53/Black-bellied_Plover/2.wav,Black-bellied_Plover,0,3.0
../ibc53/Black-bellied_Plover/2.wav,Black-bellied_Plover,3.0,6.0
../ibc53/Black-bellied_Plover/2.wav,Black-bellied_Plover,6.0,9.0
../ibc53/Black-bellied_Plover/2.wav,Black-bellied_Plover,9.0,12.0
../ibc53/Black-bellied_Plover/2.wav,Black-bellied_Plover,12.0,15.0
../ibc53/Black-bellied_Plover/2.wav,Black-bellied_Plover,15.0,18.0
../ibc53/Black-bellied_Plover/2.wav,Black-bellied_Plover,18.0,21.0
../ibc53/Black-bellied_Plover/2.wav,Black-bellied_Plover,21.0,24.0
../ibc53/Black-bellied_Plover/2.wav,Black-bellied_Plover,24.0,27.0
../ibc53/Black-bellied_Plover/2.wav,Black-bellied_Plover,27.0,30.0
../ibc53/Black-bellied_Plover/2.wav,Black-bellied_Plover,30.0,33.0
../ibc53/Black-bellied_Plover/2.wav,Black-bellied_Plover,33.0,36.0
../ibc53/Black-bellied_Plover/2.wav,Black-bellied_Plover,36.0,39.0
../ibc53/Black-bellied_Plover/2.wav,Black-bellied_Plover,39.0,42.0
../ibc53/Black-bellied_Plover/2.wav,Black-bellied_Plover,42.0,45.0
../ibc53/Black-bellied_Plover/2.wav,Black-bellied_Plover,45.0,48.0
../ibc53/Black-bellied_Plover/4.wav,Black-bellied_Plover,0,3.0
../ibc53/Black-bellied_Plover/4.wav,Black-bellied_Plover,3.0,6.0
../ibc53/Black-bellied_Plover/6.wav,Black-bellied_Plover,0,3.0
../ibc53/Blue-winged_Leafbird/1.wav,Blue-winged_Leafbird,0,3.0
../ibc53/Blue-winged_Leafbird/1.wav,Blue-winged_Leafbird,3.0,6.0
../ibc53/Blue-winged_Leafbird/1.wav,Blue-winged_Leafbird,6.0,9.0
../ibc53/Blue-winged_Leafbird/1.wav,Blue-winged_Leafbird,9.0,12.0
../ibc53/Blue-winged_Leafbird/1.wav,Blue-winged_Leafbird,12.0,15.0
../ibc53/Blue-winged_Leafbird/1.wav,Blue-winged_Leafbird,15.0,18.0
../ibc53/Blue-winged_Leafbird/1.wav,Blue-winged_Leafbird,18.0,21.0
../ibc53/Blue-winged_Leafbird/1.wav,Blue-winged_Leafbird,21.0,24.0
../ibc53/Blue-winged_Leafbird/1.wav,Blue-winged_Leafbird,24.0,27.0
../ibc53/Blue-winged_Leafbird/1.wav,Blue-winged_Leafbird,27.0,30.0
../ibc53/Blue-winged_Leafbird/1.wav,Blue-winged_Leafbird,30.0,33.0
../ibc53/Blue-winged_Leafbird/1.wav,Blue-winged_Leafbird,33.0,36.0
../ibc53/Blue-winged_Leafbird/1.wav,Blue-winged_Leafbird,36.0,39.0
../ibc53/Blue-winged_Leafbird/1.wav,Blue-winged_Leafbird,39.0,42.0
../ibc53/Blue-winged_Leafbird/1.wav,Blue-winged_Leafbird,42.0,45.0
../ibc53/Blue-winged_Leafbird/1.wav,Blue-winged_Leafbird,45.0,48.0
../ibc53/Cachar_Bulbul/3.wav,Cachar_Bulbul,0,3.0
../ibc53/Cachar_Bulbul/3.wav,Cachar_Bulbul,3.0,6.0
../ibc53/Cachar_Bulbul/3.wav,Cachar_Bulbul,6.0,9.0
../ibc53/Cachar_Bulbul/3.wav,Cachar_Bulbul,9.0,12.0
../ibc53/Cachar_Bulbul/3.wav,Cachar_Bulbul,12.0,15.0
../ibc53/Cachar_Bulbul/3.wav,Cachar_Bulbul,15.0,18.0
../ibc53/Cachar_Bulbul/3.wav,Cachar_Bulbul,18.0,21.0
../ibc53/Cachar_Bulbul/5.wav,Cachar_Bulbul,0,3.0
../ibc53/Cachar_Bulbul/5.wav,Cachar_Bulbul,3.0,6.0
../ibc53/Cachar_Bulbul/5.wav,Cachar_Bulbul,6.0,9.0
../ibc53/Cachar_Bulbul/1.wav,Cachar_Bulbul,0,3.0
../ibc53/Cachar_Bulbul/1.wav,Cachar_Bulbul,3.0,6.0
../ibc53/Cachar_Bulbul/1.wav,Cachar_Bulbul,6.0,9.0
../ibc53/Cachar_Bulbul/1.wav,Cachar_Bulbul,9.0,12.0
../ibc53/Cachar_Bulbul/2.wav,Cachar_Bulbul,0,3.0
../ibc53/Cachar_Bulbul/2.wav,Cachar_Bulbul,3.0,6.0
../ibc53/Cachar_Bulbul/2.wav,Cachar_Bulbul,6.0,9.0
../ibc53/Cachar_Bulbul/2.wav,Cachar_Bulbul,9.0,12.0
../ibc53/Cachar_Bulbul/2.wav,Cachar_Bulbul,12.0,15.0
../ibc53/Cachar_Bulbul/2.wav,Cachar_Bulbul,15.0,18.0
../ibc53/Cachar_Bulbul/2.wav,Cachar_Bulbul,18.0,21.0
../ibc53/Cachar_Bulbul/4.wav,Cachar_Bulbul,0,3.0
../ibc53/Cachar_Bulbul/4.wav,Cachar_Bulbul,3.0,6.0
../ibc53/Cachar_Bulbul/6.wav,Cachar_Bulbul,0,3.0
../ibc53/Cachar_Bulbul/6.wav,Cachar_Bulbul,3.0,6.0
../ibc53/Cachar_Bulbul/6.wav,Cachar_Bulbul,6.0,9.0
../ibc53/Cachar_Bulbul/6.wav,Cachar_Bulbul,9.0,12.0
../ibc53/Cachar_Bulbul/6.wav,Cachar_Bulbul,12.0,15.0
../ibc53/Cachar_Bulbul/6.wav,Cachar_Bulbul,15.0,18.0
../ibc53/Cachar_Bulbul/6.wav,Cachar_Bulbul,18.0,21.0
../ibc53/Cachar_Bulbul/6.wav,Cachar_Bulbul,21.0,24.0
../ibc53/Cachar_Bulbul/6.wav,Cachar_Bulbul,24.0,27.0
../ibc53/Cachar_Bulbul/6.wav,Cachar_Bulbul,27.0,30.0
../ibc53/Cachar_Bulbul/6.wav,Cachar_Bulbul,30.0,33.0
../ibc53/Cachar_Bulbul/6.wav,Cachar_Bulbul,33.0,36.0
../ibc53/Cachar_Bulbul/6.wav,Cachar_Bulbul,36.0,39.0
../ibc53/Chestnut-tailed_Starling/15.wav,Chestnut-tailed_Starling,0,3.0
../ibc53/Chestnut-tailed_Starling/15.wav,Chestnut-tailed_Starling,3.0,6.0
../ibc53/Chestnut-tailed_Starling/3.wav,Chestnut-tailed_Starling,0,3.0
../ibc53/Chestnut-tailed_Starling/3.wav,Chestnut-tailed_Starling,3.0,6.0
../ibc53/Chestnut-tailed_Starling/3.wav,Chestnut-tailed_Starling,6.0,9.0
../ibc53/Chestnut-tailed_Starling/3.wav,Chestnut-tailed_Starling,9.0,12.0
../ibc53/Chestnut-tailed_Starling/3.wav,Chestnut-tailed_Starling,12.0,15.0
../ibc53/Chestnut-tailed_Starling/3.wav,Chestnut-tailed_Starling,15.0,18.0
../ibc53/Chestnut-tailed_Starling/3.wav,Chestnut-tailed_Starling,18.0,21.0
../ibc53/Chestnut-tailed_Starling/3.wav,Chestnut-tailed_Starling,21.0,24.0
../ibc53/Chestnut-tailed_Starling/3.wav,Chestnut-tailed_Starling,24.0,27.0
../ibc53/Chestnut-tailed_Starling/3.wav,Chestnut-tailed_Starling,27.0,30.0
../ibc53/Chestnut-tailed_Starling/3.wav,Chestnut-tailed_Starling,30.0,33.0
../ibc53/Chestnut-tailed_Starling/3.wav,Chestnut-tailed_Starling,33.0,36.0
../ibc53/Chestnut-tailed_Starling/3.wav,Chestnut-tailed_Starling,36.0,39.0
../ibc53/Chestnut-tailed_Starling/3.wav,Chestnut-tailed_Starling,39.0,42.0
../ibc53/Chestnut-tailed_Starling/5.wav,Chestnut-tailed_Starling,0,3.0
../ibc53/Chestnut-tailed_Starling/5.wav,Chestnut-tailed_Starling,3.0,6.0
../ibc53/Chestnut-tailed_Starling/5.wav,Chestnut-tailed_Starling,6.0,9.0
../ibc53/Chestnut-tailed_Starling/5.wav,Chestnut-tailed_Starling,9.0,12.0
../ibc53/Chestnut-tailed_Starling/5.wav,Chestnut-tailed_Starling,12.0,15.0
../ibc53/Chestnut-tailed_Starling/18.wav,Chestnut-tailed_Starling,0,3.0
../ibc53/Chestnut-tailed_Starling/7.wav,Chestnut-tailed_Starling,0,3.0
../ibc53/Chestnut-tailed_Starling/7.wav,Chestnut-tailed_Starling,3.0,6.0
../ibc53/Chestnut-tailed_Starling/7.wav,Chestnut-tailed_Starling,6.0,9.0
../ibc53/Chestnut-tailed_Starling/7.wav,Chestnut-tailed_Starling,9.0,12.0
../ibc53/Chestnut-tailed_Starling/8.wav,Chestnut-tailed_Starling,0,3.0
../ibc53/Chestnut-tailed_Starling/8.wav,Chestnut-tailed_Starling,3.0,6.0
../ibc53/Chestnut-tailed_Starling/8.wav,Chestnut-tailed_Starling,6.0,9.0
../ibc53/Chestnut-tailed_Starling/8.wav,Chestnut-tailed_Starling,9.0,12.0
../ibc53/Chestnut-tailed_Starling/8.wav,Chestnut-tailed_Starling,12.0,15.0
../ibc53/Chestnut-tailed_Starling/8.wav,Chestnut-tailed_Starling,15.0,18.0
../ibc53/Chestnut-tailed_Starling/8.wav,Chestnut-tailed_Starling,18.0,21.0
../ibc53/Chestnut-tailed_Starling/17.wav,Chestnut-tailed_Starling,0,3.0
../ibc53/Chestnut-tailed_Starling/17.wav,Chestnut-tailed_Starling,3.0,6.0
../ibc53/Chestnut-tailed_Starling/17.wav,Chestnut-tailed_Starling,6.0,9.0
../ibc53/Chestnut-tailed_Starling/1.wav,Chestnut-tailed_Starling,0,3.0
../ibc53/Chestnut-tailed_Starling/1.wav,Chestnut-tailed_Starling,3.0,6.0
../ibc53/Chestnut-tailed_Starling/1.wav,Chestnut-tailed_Starling,6.0,9.0
../ibc53/Chestnut-tailed_Starling/1.wav,Chestnut-tailed_Starling,9.0,12.0
../ibc53/Chestnut-tailed_Starling/1.wav,Chestnut-tailed_Starling,12.0,15.0
../ibc53/Chestnut-tailed_Starling/1.wav,Chestnut-tailed_Starling,15.0,18.0
../ibc53/Chestnut-tailed_Starling/1.wav,Chestnut-tailed_Starling,18.0,21.0
../ibc53/Chestnut-tailed_Starling/13.wav,Chestnut-tailed_Starling,0,3.0
../ibc53/Chestnut-tailed_Starling/13.wav,Chestnut-tailed_Starling,3.0,6.0
../ibc53/Chestnut-tailed_Starling/16.wav,Chestnut-tailed_Starling,0,3.0
../ibc53/Chestnut-tailed_Starling/16.wav,Chestnut-tailed_Starling,3.0,6.0
../ibc53/Chestnut-tailed_Starling/16.wav,Chestnut-tailed_Starling,6.0,9.0
../ibc53/Chestnut-tailed_Starling/16.wav,Chestnut-tailed_Starling,9.0,12.0
../ibc53/Chestnut-tailed_Starling/16.wav,Chestnut-tailed_Starling,12.0,15.0
../ibc53/Chestnut-tailed_Starling/16.wav,Chestnut-tailed_Starling,15.0,18.0
../ibc53/Chestnut-tailed_Starling/16.wav,Chestnut-tailed_Starling,18.0,21.0
../ibc53/Chestnut-tailed_Starling/16.wav,Chestnut-tailed_Starling,21.0,24.0
../ibc53/Chestnut-tailed_Starling/16.wav,Chestnut-tailed_Starling,24.0,27.0
../ibc53/Chestnut-tailed_Starling/16.wav,Chestnut-tailed_Starling,27.0,30.0
../ibc53/Chestnut-tailed_Starling/16.wav,Chestnut-tailed_Starling,30.0,33.0
../ibc53/Chestnut-tailed_Starling/16.wav,Chestnut-tailed_Starling,33.0,36.0
../ibc53/Chestnut-tailed_Starling/16.wav,Chestnut-tailed_Starling,36.0,39.0
../ibc53/Chestnut-tailed_Starling/16.wav,Chestnut-tailed_Starling,39.0,42.0
../ibc53/Chestnut-tailed_Starling/16.wav,Chestnut-tailed_Starling,42.0,45.0
../ibc53/Chestnut-tailed_Starling/16.wav,Chestnut-tailed_Starling,45.0,48.0
../ibc53/Chestnut-tailed_Starling/16.wav,Chestnut-tailed_Starling,48.0,51.0
../ibc53/Chestnut-tailed_Starling/16.wav,Chestnut-tailed_Starling,51.0,54.0
../ibc53/Chestnut-tailed_Starling/16.wav,Chestnut-tailed_Starling,54.0,57.0
../ibc53/Chestnut-tailed_Starling/16.wav,Chestnut-tailed_Starling,57.0,60.0
../ibc53/Chestnut-tailed_Starling/16.wav,Chestnut-tailed_Starling,60.0,63.0
../ibc53/Chestnut-tailed_Starling/16.wav,Chestnut-tailed_Starling,63.0,66.0
../ibc53/Chestnut-tailed_Starling/16.wav,Chestnut-tailed_Starling,66.0,69.0
../ibc53/Chestnut-tailed_Starling/16.wav,Chestnut-tailed_Starling,69.0,72.0
../ibc53/Chestnut-tailed_Starling/16.wav,Chestnut-tailed_Starling,72.0,75.0
../ibc53/Chestnut-tailed_Starling/16.wav,Chestnut-tailed_Starling,75.0,78.0
../ibc53/Chestnut-tailed_Starling/16.wav,Chestnut-tailed_Starling,78.0,81.0
../ibc53/Chestnut-tailed_Starling/16.wav,Chestnut-tailed_Starling,81.0,84.0
../ibc53/Chestnut-tailed_Starling/16.wav,Chestnut-tailed_Starling,84.0,87.0
../ibc53/Chestnut-tailed_Starling/16.wav,Chestnut-tailed_Starling,87.0,90.0
../ibc53/Chestnut-tailed_Starling/16.wav,Chestnut-tailed_Starling,90.0,93.0
../ibc53/Chestnut-tailed_Starling/12.wav,Chestnut-tailed_Starling,0,3.0
../ibc53/Chestnut-tailed_Starling/12.wav,Chestnut-tailed_Starling,3.0,6.0
../ibc53/Chestnut-tailed_Starling/12.wav,Chestnut-tailed_Starling,6.0,9.0
../ibc53/Chestnut-tailed_Starling/12.wav,Chestnut-tailed_Starling,9.0,12.0
../ibc53/Chestnut-tailed_Starling/12.wav,Chestnut-tailed_Starling,12.0,15.0
../ibc53/Chestnut-tailed_Starling/2.wav,Chestnut-tailed_Starling,0,3.0
../ibc53/Chestnut-tailed_Starling/2.wav,Chestnut-tailed_Starling,3.0,6.0
../ibc53/Chestnut-tailed_Starling/2.wav,Chestnut-tailed_Starling,6.0,9.0
../ibc53/Chestnut-tailed_Starling/2.wav,Chestnut-tailed_Starling,9.0,12.0
../ibc53/Chestnut-tailed_Starling/2.wav,Chestnut-tailed_Starling,12.0,15.0
../ibc53/Chestnut-tailed_Starling/2.wav,Chestnut-tailed_Starling,15.0,18.0
../ibc53/Chestnut-tailed_Starling/4.wav,Chestnut-tailed_Starling,0,3.0
../ibc53/Chestnut-tailed_Starling/4.wav,Chestnut-tailed_Starling,3.0,6.0
../ibc53/Chestnut-tailed_Starling/4.wav,Chestnut-tailed_Starling,6.0,9.0
../ibc53/Chestnut-tailed_Starling/4.wav,Chestnut-tailed_Starling,9.0,12.0
../ibc53/Chestnut-tailed_Starling/4.wav,Chestnut-tailed_Starling,12.0,15.0
../ibc53/Chestnut-tailed_Starling/4.wav,Chestnut-tailed_Starling,15.0,18.0
../ibc53/Chestnut-tailed_Starling/4.wav,Chestnut-tailed_Starling,18.0,21.0
../ibc53/Chestnut-tailed_Starling/4.wav,Chestnut-tailed_Starling,21.0,24.0
../ibc53/Chestnut-tailed_Starling/4.wav,Chestnut-tailed_Starling,24.0,27.0
../ibc53/Chestnut-tailed_Starling/4.wav,Chestnut-tailed_Starling,27.0,30.0
../ibc53/Chestnut-tailed_Starling/4.wav,Chestnut-tailed_Starling,30.0,33.0
../ibc53/Chestnut-tailed_Starling/4.wav,Chestnut-tailed_Starling,33.0,36.0
../ibc53/Chestnut-tailed_Starling/4.wav,Chestnut-tailed_Starling,36.0,39.0
../ibc53/Chestnut-tailed_Starling/4.wav,Chestnut-tailed_Starling,39.0,42.0
../ibc53/Chestnut-tailed_Starling/4.wav,Chestnut-tailed_Starling,42.0,45.0
../ibc53/Chestnut-tailed_Starling/4.wav,Chestnut-tailed_Starling,45.0,48.0
../ibc53/Chestnut-tailed_Starling/4.wav,Chestnut-tailed_Starling,48.0,51.0
../ibc53/Chestnut-tailed_Starling/14.wav,Chestnut-tailed_Starling,0,3.0
../ibc53/Chestnut-tailed_Starling/14.wav,Chestnut-tailed_Starling,3.0,6.0
../ibc53/Chestnut-tailed_Starling/14.wav,Chestnut-tailed_Starling,6.0,9.0
../ibc53/Chestnut-tailed_Starling/14.wav,Chestnut-tailed_Starling,9.0,12.0
../ibc53/Chestnut-tailed_Starling/14.wav,Chestnut-tailed_Starling,12.0,15.0
../ibc53/Chestnut-tailed_Starling/14.wav,Chestnut-tailed_Starling,15.0,18.0
../ibc53/Chestnut-tailed_Starling/14.wav,Chestnut-tailed_Starling,18.0,21.0
../ibc53/Chestnut-tailed_Starling/14.wav,Chestnut-tailed_Starling,21.0,24.0
../ibc53/Chestnut-tailed_Starling/14.wav,Chestnut-tailed_Starling,24.0,27.0
../ibc53/Chestnut-tailed_Starling/14.wav,Chestnut-tailed_Starling,27.0,30.0
../ibc53/Chestnut-tailed_Starling/14.wav,Chestnut-tailed_Starling,30.0,33.0
../ibc53/Chestnut-tailed_Starling/10.wav,Chestnut-tailed_Starling,0,3.0
../ibc53/Chestnut-tailed_Starling/10.wav,Chestnut-tailed_Starling,3.0,6.0
../ibc53/Chestnut-tailed_Starling/10.wav,Chestnut-tailed_Starling,6.0,9.0
../ibc53/Chestnut-tailed_Starling/9.wav,Chestnut-tailed_Starling,0,3.0
../ibc53/Chestnut-tailed_Starling/9.wav,Chestnut-tailed_Starling,3.0,6.0
../ibc53/Chestnut-tailed_Starling/9.wav,Chestnut-tailed_Starling,6.0,9.0
../ibc53/Chestnut-tailed_Starling/9.wav,Chestnut-tailed_Starling,9.0,12.0
../ibc53/Chestnut-tailed_Starling/9.wav,Chestnut-tailed_Starling,12.0,15.0
../ibc53/Chestnut-tailed_Starling/9.wav,Chestnut-tailed_Starling,15.0,18.0
../ibc53/Chestnut-tailed_Starling/9.wav,Chestnut-tailed_Starling,18.0,21.0
../ibc53/Chestnut-tailed_Starling/9.wav,Chestnut-tailed_Starling,21.0,24.0
../ibc53/Chestnut-tailed_Starling/9.wav,Chestnut-tailed_Starling,24.0,27.0
../ibc53/Chestnut-tailed_Starling/9.wav,Chestnut-tailed_Starling,27.0,30.0
../ibc53/Chestnut-tailed_Starling/6.wav,Chestnut-tailed_Starling,0,3.0
../ibc53/Chestnut-tailed_Starling/11.wav,Chestnut-tailed_Starling,0,3.0
../ibc53/Chestnut-tailed_Starling/11.wav,Chestnut-tailed_Starling,3.0,6.0
../ibc53/Chestnut-tailed_Starling/11.wav,Chestnut-tailed_Starling,6.0,9.0
../ibc53/Chestnut-tailed_Starling/11.wav,Chestnut-tailed_Starling,9.0,12.0
../ibc53/Chestnut-tailed_Starling/11.wav,Chestnut-tailed_Starling,12.0,15.0
../ibc53/Chestnut-tailed_Starling/11.wav,Chestnut-tailed_Starling,15.0,18.0
../ibc53/Chestnut-tailed_Starling/11.wav,Chestnut-tailed_Starling,18.0,21.0
../ibc53/Chestnut-tailed_Starling/11.wav,Chestnut-tailed_Starling,21.0,24.0
../ibc53/Chinspot_Wren-Babbler/3.wav,Chinspot_Wren-Babbler,0,3.0
../ibc53/Chinspot_Wren-Babbler/3.wav,Chinspot_Wren-Babbler,3.0,6.0
../ibc53/Chinspot_Wren-Babbler/3.wav,Chinspot_Wren-Babbler,6.0,9.0
../ibc53/Chinspot_Wren-Babbler/3.wav,Chinspot_Wren-Babbler,9.0,12.0
../ibc53/Chinspot_Wren-Babbler/3.wav,Chinspot_Wren-Babbler,12.0,15.0
../ibc53/Chinspot_Wren-Babbler/3.wav,Chinspot_Wren-Babbler,15.0,18.0
../ibc53/Chinspot_Wren-Babbler/3.wav,Chinspot_Wren-Babbler,18.0,21.0
../ibc53/Chinspot_Wren-Babbler/3.wav,Chinspot_Wren-Babbler,21.0,24.0
../ibc53/Chinspot_Wren-Babbler/3.wav,Chinspot_Wren-Babbler,24.0,27.0
../ibc53/Chinspot_Wren-Babbler/3.wav,Chinspot_Wren-Babbler,27.0,30.0
../ibc53/Chinspot_Wren-Babbler/3.wav,Chinspot_Wren-Babbler,30.0,33.0
../ibc53/Chinspot_Wren-Babbler/3.wav,Chinspot_Wren-Babbler,33.0,36.0
../ibc53/Chinspot_Wren-Babbler/3.wav,Chinspot_Wren-Babbler,36.0,39.0
../ibc53/Chinspot_Wren-Babbler/3.wav,Chinspot_Wren-Babbler,39.0,42.0
../ibc53/Chinspot_Wren-Babbler/3.wav,Chinspot_Wren-Babbler,42.0,45.0
../ibc53/Chinspot_Wren-Babbler/3.wav,Chinspot_Wren-Babbler,45.0,48.0
../ibc53/Chinspot_Wren-Babbler/3.wav,Chinspot_Wren-Babbler,48.0,51.0
../ibc53/Chinspot_Wren-Babbler/3.wav,Chinspot_Wren-Babbler,51.0,54.0
../ibc53/Chinspot_Wren-Babbler/3.wav,Chinspot_Wren-Babbler,54.0,57.0
../ibc53/Chinspot_Wren-Babbler/3.wav,Chinspot_Wren-Babbler,57.0,60.0
../ibc53/Chinspot_Wren-Babbler/3.wav,Chinspot_Wren-Babbler,60.0,63.0
../ibc53/Chinspot_Wren-Babbler/5.wav,Chinspot_Wren-Babbler,0,3.0
../ibc53/Chinspot_Wren-Babbler/5.wav,Chinspot_Wren-Babbler,3.0,6.0
../ibc53/Chinspot_Wren-Babbler/5.wav,Chinspot_Wren-Babbler,6.0,9.0
../ibc53/Chinspot_Wren-Babbler/5.wav,Chinspot_Wren-Babbler,9.0,12.0
../ibc53/Chinspot_Wren-Babbler/5.wav,Chinspot_Wren-Babbler,12.0,15.0
../ibc53/Chinspot_Wren-Babbler/5.wav,Chinspot_Wren-Babbler,15.0,18.0
../ibc53/Chinspot_Wren-Babbler/5.wav,Chinspot_Wren-Babbler,18.0,21.0
../ibc53/Chinspot_Wren-Babbler/5.wav,Chinspot_Wren-Babbler,21.0,24.0
../ibc53/Chinspot_Wren-Babbler/5.wav,Chinspot_Wren-Babbler,24.0,27.0
../ibc53/Chinspot_Wren-Babbler/5.wav,Chinspot_Wren-Babbler,27.0,30.0
../ibc53/Chinspot_Wren-Babbler/5.wav,Chinspot_Wren-Babbler,30.0,33.0
../ibc53/Chinspot_Wren-Babbler/5.wav,Chinspot_Wren-Babbler,33.0,36.0
../ibc53/Chinspot_Wren-Babbler/5.wav,Chinspot_Wren-Babbler,36.0,39.0
../ibc53/Chinspot_Wren-Babbler/5.wav,Chinspot_Wren-Babbler,39.0,42.0
../ibc53/Chinspot_Wren-Babbler/5.wav,Chinspot_Wren-Babbler,42.0,45.0
../ibc53/Chinspot_Wren-Babbler/5.wav,Chinspot_Wren-Babbler,45.0,48.0
../ibc53/Chinspot_Wren-Babbler/5.wav,Chinspot_Wren-Babbler,48.0,51.0
../ibc53/Chinspot_Wren-Babbler/5.wav,Chinspot_Wren-Babbler,51.0,54.0
../ibc53/Chinspot_Wren-Babbler/5.wav,Chinspot_Wren-Babbler,54.0,57.0
../ibc53/Chinspot_Wren-Babbler/5.wav,Chinspot_Wren-Babbler,57.0,60.0
../ibc53/Chinspot_Wren-Babbler/5.wav,Chinspot_Wren-Babbler,60.0,63.0
../ibc53/Chinspot_Wren-Babbler/1.wav,Chinspot_Wren-Babbler,0,3.0
../ibc53/Chinspot_Wren-Babbler/1.wav,Chinspot_Wren-Babbler,3.0,6.0
../ibc53/Chinspot_Wren-Babbler/1.wav,Chinspot_Wren-Babbler,6.0,9.0
../ibc53/Chinspot_Wren-Babbler/2.wav,Chinspot_Wren-Babbler,0,3.0
../ibc53/Chinspot_Wren-Babbler/2.wav,Chinspot_Wren-Babbler,3.0,6.0
../ibc53/Chinspot_Wren-Babbler/2.wav,Chinspot_Wren-Babbler,6.0,9.0
../ibc53/Chinspot_Wren-Babbler/2.wav,Chinspot_Wren-Babbler,9.0,12.0
../ibc53/Chinspot_Wren-Babbler/2.wav,Chinspot_Wren-Babbler,12.0,15.0
../ibc53/Chinspot_Wren-Babbler/2.wav,Chinspot_Wren-Babbler,15.0,18.0
../ibc53/Chinspot_Wren-Babbler/2.wav,Chinspot_Wren-Babbler,18.0,21.0
../ibc53/Chinspot_Wren-Babbler/2.wav,Chinspot_Wren-Babbler,21.0,24.0
../ibc53/Chinspot_Wren-Babbler/2.wav,Chinspot_Wren-Babbler,24.0,27.0
../ibc53/Chinspot_Wren-Babbler/2.wav,Chinspot_Wren-Babbler,27.0,30.0
../ibc53/Chinspot_Wren-Babbler/2.wav,Chinspot_Wren-Babbler,30.0,33.0
../ibc53/Chinspot_Wren-Babbler/2.wav,Chinspot_Wren-Babbler,33.0,36.0
../ibc53/Chinspot_Wren-Babbler/2.wav,Chinspot_Wren-Babbler,36.0,39.0
../ibc53/Chinspot_Wren-Babbler/2.wav,Chinspot_Wren-Babbler,39.0,42.0
../ibc53/Chinspot_Wren-Babbler/4.wav,Chinspot_Wren-Babbler,0,3.0
../ibc53/Chinspot_Wren-Babbler/4.wav,Chinspot_Wren-Babbler,3.0,6.0
../ibc53/Chinspot_Wren-Babbler/4.wav,Chinspot_Wren-Babbler,6.0,9.0
../ibc53/Cinnamon_Bittern/3.wav,Cinnamon_Bittern,0,3.0
../ibc53/Cinnamon_Bittern/3.wav,Cinnamon_Bittern,3.0,6.0
../ibc53/Cinnamon_Bittern/3.wav,Cinnamon_Bittern,6.0,9.0
../ibc53/Cinnamon_Bittern/1.wav,Cinnamon_Bittern,0,3.0
../ibc53/Cinnamon_Bittern/2.wav,Cinnamon_Bittern,0,3.0
../ibc53/Cinnamon_Bittern/2.wav,Cinnamon_Bittern,3.0,6.0
../ibc53/Cinnamon_Bittern/2.wav,Cinnamon_Bittern,6.0,9.0
../ibc53/Cinnamon_Bittern/4.wav,Cinnamon_Bittern,0,3.0
../ibc53/Cinnamon_Bittern/4.wav,Cinnamon_Bittern,3.0,6.0
../ibc53/Cinnamon_Bittern/4.wav,Cinnamon_Bittern,6.0,9.0
../ibc53/Cinnamon_Bittern/4.wav,Cinnamon_Bittern,9.0,12.0
../ibc53/Cinnamon_Bittern/4.wav,Cinnamon_Bittern,12.0,15.0
../ibc53/Cinnamon_Bittern/4.wav,Cinnamon_Bittern,15.0,18.0
../ibc53/Cinnamon_Bittern/4.wav,Cinnamon_Bittern,18.0,21.0
../ibc53/Cinnamon_Bittern/4.wav,Cinnamon_Bittern,21.0,24.0
../ibc53/Cinnamon_Bittern/4.wav,Cinnamon_Bittern,24.0,27.0
../ibc53/Cinnamon_Bittern/4.wav,Cinnamon_Bittern,27.0,30.0
../ibc53/Cinnamon_Bittern/4.wav,Cinnamon_Bittern,30.0,33.0
../ibc53/Cinnamon_Bittern/4.wav,Cinnamon_Bittern,33.0,36.0
../ibc53/Cinnamon_Bittern/4.wav,Cinnamon_Bittern,36.0,39.0
../ibc53/Citrine_Wagtail/15.wav,Citrine_Wagtail,0,3.0
../ibc53/Citrine_Wagtail/15.wav,Citrine_Wagtail,3.0,6.0
../ibc53/Citrine_Wagtail/15.wav,Citrine_Wagtail,6.0,9.0
../ibc53/Citrine_Wagtail/3.wav,Citrine_Wagtail,0,3.0
../ibc53/Citrine_Wagtail/3.wav,Citrine_Wagtail,3.0,6.0
../ibc53/Citrine_Wagtail/3.wav,Citrine_Wagtail,6.0,9.0
../ibc53/Citrine_Wagtail/3.wav,Citrine_Wagtail,9.0,12.0
../ibc53/Citrine_Wagtail/5.wav,Citrine_Wagtail,0,3.0
../ibc53/Citrine_Wagtail/5.wav,Citrine_Wagtail,3.0,6.0
../ibc53/Citrine_Wagtail/5.wav,Citrine_Wagtail,6.0,9.0
../ibc53/Citrine_Wagtail/5.wav,Citrine_Wagtail,9.0,12.0
../ibc53/Citrine_Wagtail/5.wav,Citrine_Wagtail,12.0,15.0
../ibc53/Citrine_Wagtail/18.wav,Citrine_Wagtail,0,3.0
../ibc53/Citrine_Wagtail/18.wav,Citrine_Wagtail,3.0,6.0
../ibc53/Citrine_Wagtail/18.wav,Citrine_Wagtail,6.0,9.0
../ibc53/Citrine_Wagtail/18.wav,Citrine_Wagtail,9.0,12.0
../ibc53/Citrine_Wagtail/18.wav,Citrine_Wagtail,12.0,15.0
../ibc53/Citrine_Wagtail/18.wav,Citrine_Wagtail,15.0,18.0
../ibc53/Citrine_Wagtail/18.wav,Citrine_Wagtail,18.0,21.0
../ibc53/Citrine_Wagtail/18.wav,Citrine_Wagtail,21.0,24.0
../ibc53/Citrine_Wagtail/18.wav,Citrine_Wagtail,24.0,27.0
../ibc53/Citrine_Wagtail/18.wav,Citrine_Wagtail,27.0,30.0
../ibc53/Citrine_Wagtail/7.wav,Citrine_Wagtail,0,3.0
../ibc53/Citrine_Wagtail/7.wav,Citrine_Wagtail,3.0,6.0
../ibc53/Citrine_Wagtail/7.wav,Citrine_Wagtail,6.0,9.0
../ibc53/Citrine_Wagtail/7.wav,Citrine_Wagtail,9.0,12.0
../ibc53/Citrine_Wagtail/8.wav,Citrine_Wagtail,0,3.0
../ibc53/Citrine_Wagtail/17.wav,Citrine_Wagtail,0,3.0
../ibc53/Citrine_Wagtail/17.wav,Citrine_Wagtail,3.0,6.0
../ibc53/Citrine_Wagtail/17.wav,Citrine_Wagtail,6.0,9.0
../ibc53/Citrine_Wagtail/17.wav,Citrine_Wagtail,9.0,12.0
../ibc53/Citrine_Wagtail/17.wav,Citrine_Wagtail,12.0,15.0
../ibc53/Citrine_Wagtail/17.wav,Citrine_Wagtail,15.0,18.0
../ibc53/Citrine_Wagtail/1.wav,Citrine_Wagtail,0,3.0
../ibc53/Citrine_Wagtail/1.wav,Citrine_Wagtail,3.0,6.0
../ibc53/Citrine_Wagtail/1.wav,Citrine_Wagtail,6.0,9.0
../ibc53/Citrine_Wagtail/1.wav,Citrine_Wagtail,9.0,12.0
../ibc53/Citrine_Wagtail/1.wav,Citrine_Wagtail,12.0,15.0
../ibc53/Citrine_Wagtail/1.wav,Citrine_Wagtail,15.0,18.0
../ibc53/Citrine_Wagtail/13.wav,Citrine_Wagtail,0,3.0
../ibc53/Citrine_Wagtail/13.wav,Citrine_Wagtail,3.0,6.0
../ibc53/Citrine_Wagtail/13.wav,Citrine_Wagtail,6.0,9.0
../ibc53/Citrine_Wagtail/13.wav,Citrine_Wagtail,9.0,12.0
../ibc53/Citrine_Wagtail/13.wav,Citrine_Wagtail,12.0,15.0
../ibc53/Citrine_Wagtail/13.wav,Citrine_Wagtail,15.0,18.0
../ibc53/Citrine_Wagtail/13.wav,Citrine_Wagtail,18.0,21.0
../ibc53/Citrine_Wagtail/13.wav,Citrine_Wagtail,21.0,24.0
../ibc53/Citrine_Wagtail/16.wav,Citrine_Wagtail,0,3.0
../ibc53/Citrine_Wagtail/16.wav,Citrine_Wagtail,3.0,6.0
../ibc53/Citrine_Wagtail/16.wav,Citrine_Wagtail,6.0,9.0
../ibc53/Citrine_Wagtail/16.wav,Citrine_Wagtail,9.0,12.0
../ibc53/Citrine_Wagtail/16.wav,Citrine_Wagtail,12.0,15.0
../ibc53/Citrine_Wagtail/12.wav,Citrine_Wagtail,0,3.0
../ibc53/Citrine_Wagtail/2.wav,Citrine_Wagtail,0,3.0
../ibc53/Citrine_Wagtail/4.wav,Citrine_Wagtail,0,3.0
../ibc53/Citrine_Wagtail/4.wav,Citrine_Wagtail,3.0,6.0
../ibc53/Citrine_Wagtail/14.wav,Citrine_Wagtail,0,3.0
../ibc53/Citrine_Wagtail/14.wav,Citrine_Wagtail,3.0,6.0
../ibc53/Citrine_Wagtail/14.wav,Citrine_Wagtail,6.0,9.0
../ibc53/Citrine_Wagtail/14.wav,Citrine_Wagtail,9.0,12.0
../ibc53/Citrine_Wagtail/14.wav,Citrine_Wagtail,12.0,15.0
../ibc53/Citrine_Wagtail/14.wav,Citrine_Wagtail,15.0,18.0
../ibc53/Citrine_Wagtail/14.wav,Citrine_Wagtail,18.0,21.0
../ibc53/Citrine_Wagtail/14.wav,Citrine_Wagtail,21.0,24.0
../ibc53/Citrine_Wagtail/14.wav,Citrine_Wagtail,24.0,27.0
../ibc53/Citrine_Wagtail/14.wav,Citrine_Wagtail,27.0,30.0
../ibc53/Citrine_Wagtail/14.wav,Citrine_Wagtail,30.0,33.0
../ibc53/Citrine_Wagtail/14.wav,Citrine_Wagtail,33.0,36.0
../ibc53/Citrine_Wagtail/14.wav,Citrine_Wagtail,36.0,39.0
../ibc53/Citrine_Wagtail/14.wav,Citrine_Wagtail,39.0,42.0
../ibc53/Citrine_Wagtail/14.wav,Citrine_Wagtail,42.0,45.0
../ibc53/Citrine_Wagtail/14.wav,Citrine_Wagtail,45.0,48.0
../ibc53/Citrine_Wagtail/14.wav,Citrine_Wagtail,48.0,51.0
../ibc53/Citrine_Wagtail/14.wav,Citrine_Wagtail,51.0,54.0
../ibc53/Citrine_Wagtail/14.wav,Citrine_Wagtail,54.0,57.0
../ibc53/Citrine_Wagtail/14.wav,Citrine_Wagtail,57.0,60.0
../ibc53/Citrine_Wagtail/14.wav,Citrine_Wagtail,60.0,63.0
../ibc53/Citrine_Wagtail/14.wav,Citrine_Wagtail,63.0,66.0
../ibc53/Citrine_Wagtail/14.wav,Citrine_Wagtail,66.0,69.0
../ibc53/Citrine_Wagtail/14.wav,Citrine_Wagtail,69.0,72.0
../ibc53/Citrine_Wagtail/14.wav,Citrine_Wagtail,72.0,75.0
../ibc53/Citrine_Wagtail/14.wav,Citrine_Wagtail,75.0,78.0
../ibc53/Citrine_Wagtail/14.wav,Citrine_Wagtail,78.0,81.0
../ibc53/Citrine_Wagtail/14.wav,Citrine_Wagtail,81.0,84.0
../ibc53/Citrine_Wagtail/14.wav,Citrine_Wagtail,84.0,87.0
../ibc53/Citrine_Wagtail/14.wav,Citrine_Wagtail,87.0,90.0
../ibc53/Citrine_Wagtail/14.wav,Citrine_Wagtail,90.0,93.0
../ibc53/Citrine_Wagtail/10.wav,Citrine_Wagtail,0,3.0
../ibc53/Citrine_Wagtail/10.wav,Citrine_Wagtail,3.0,6.0
../ibc53/Citrine_Wagtail/10.wav,Citrine_Wagtail,6.0,9.0
../ibc53/Citrine_Wagtail/10.wav,Citrine_Wagtail,9.0,12.0
../ibc53/Citrine_Wagtail/10.wav,Citrine_Wagtail,12.0,15.0
../ibc53/Citrine_Wagtail/10.wav,Citrine_Wagtail,15.0,18.0
../ibc53/Citrine_Wagtail/10.wav,Citrine_Wagtail,18.0,21.0
../ibc53/Citrine_Wagtail/10.wav,Citrine_Wagtail,21.0,24.0
../ibc53/Citrine_Wagtail/10.wav,Citrine_Wagtail,24.0,27.0
../ibc53/Citrine_Wagtail/19.wav,Citrine_Wagtail,0,3.0
../ibc53/Citrine_Wagtail/9.wav,Citrine_Wagtail,0,3.0
../ibc53/Citrine_Wagtail/9.wav,Citrine_Wagtail,3.0,6.0
../ibc53/Citrine_Wagtail/9.wav,Citrine_Wagtail,6.0,9.0
../ibc53/Citrine_Wagtail/6.wav,Citrine_Wagtail,0,3.0
../ibc53/Citrine_Wagtail/6.wav,Citrine_Wagtail,3.0,6.0
../ibc53/Citrine_Wagtail/6.wav,Citrine_Wagtail,6.0,9.0
../ibc53/Citrine_Wagtail/6.wav,Citrine_Wagtail,9.0,12.0
../ibc53/Citrine_Wagtail/6.wav,Citrine_Wagtail,12.0,15.0
../ibc53/Citrine_Wagtail/6.wav,Citrine_Wagtail,15.0,18.0
../ibc53/Citrine_Wagtail/11.wav,Citrine_Wagtail,0,3.0
../ibc53/Collared_Kingfisher/15.wav,Collared_Kingfisher,0,3.0
../ibc53/Collared_Kingfisher/15.wav,Collared_Kingfisher,3.0,6.0
../ibc53/Collared_Kingfisher/15.wav,Collared_Kingfisher,6.0,9.0
../ibc53/Collared_Kingfisher/3.wav,Collared_Kingfisher,0,3.0
../ibc53/Collared_Kingfisher/3.wav,Collared_Kingfisher,3.0,6.0
../ibc53/Collared_Kingfisher/3.wav,Collared_Kingfisher,6.0,9.0
../ibc53/Collared_Kingfisher/3.wav,Collared_Kingfisher,9.0,12.0
../ibc53/Collared_Kingfisher/3.wav,Collared_Kingfisher,12.0,15.0
../ibc53/Collared_Kingfisher/3.wav,Collared_Kingfisher,15.0,18.0
../ibc53/Collared_Kingfisher/5.wav,Collared_Kingfisher,0,3.0
../ibc53/Collared_Kingfisher/5.wav,Collared_Kingfisher,3.0,6.0
../ibc53/Collared_Kingfisher/5.wav,Collared_Kingfisher,6.0,9.0
../ibc53/Collared_Kingfisher/5.wav,Collared_Kingfisher,9.0,12.0
../ibc53/Collared_Kingfisher/5.wav,Collared_Kingfisher,12.0,15.0
../ibc53/Collared_Kingfisher/5.wav,Collared_Kingfisher,15.0,18.0
../ibc53/Collared_Kingfisher/5.wav,Collared_Kingfisher,18.0,21.0
../ibc53/Collared_Kingfisher/18.wav,Collared_Kingfisher,0,3.0
../ibc53/Collared_Kingfisher/18.wav,Collared_Kingfisher,3.0,6.0
../ibc53/Collared_Kingfisher/18.wav,Collared_Kingfisher,6.0,9.0
../ibc53/Collared_Kingfisher/18.wav,Collared_Kingfisher,9.0,12.0
../ibc53/Collared_Kingfisher/18.wav,Collared_Kingfisher,12.0,15.0
../ibc53/Collared_Kingfisher/18.wav,Collared_Kingfisher,15.0,18.0
../ibc53/Collared_Kingfisher/18.wav,Collared_Kingfisher,18.0,21.0
../ibc53/Collared_Kingfisher/18.wav,Collared_Kingfisher,21.0,24.0
../ibc53/Collared_Kingfisher/18.wav,Collared_Kingfisher,24.0,27.0
../ibc53/Collared_Kingfisher/18.wav,Collared_Kingfisher,27.0,30.0
../ibc53/Collared_Kingfisher/18.wav,Collared_Kingfisher,30.0,33.0
../ibc53/Collared_Kingfisher/18.wav,Collared_Kingfisher,33.0,36.0
../ibc53/Collared_Kingfisher/18.wav,Collared_Kingfisher,36.0,39.0
../ibc53/Collared_Kingfisher/18.wav,Collared_Kingfisher,39.0,42.0
../ibc53/Collared_Kingfisher/7.wav,Collared_Kingfisher,0,3.0
../ibc53/Collared_Kingfisher/7.wav,Collared_Kingfisher,3.0,6.0
../ibc53/Collared_Kingfisher/7.wav,Collared_Kingfisher,6.0,9.0
../ibc53/Collared_Kingfisher/7.wav,Collared_Kingfisher,9.0,12.0
../ibc53/Collared_Kingfisher/7.wav,Collared_Kingfisher,12.0,15.0
../ibc53/Collared_Kingfisher/8.wav,Collared_Kingfisher,0,3.0
../ibc53/Collared_Kingfisher/8.wav,Collared_Kingfisher,3.0,6.0
../ibc53/Collared_Kingfisher/8.wav,Collared_Kingfisher,6.0,9.0
../ibc53/Collared_Kingfisher/8.wav,Collared_Kingfisher,9.0,12.0
../ibc53/Collared_Kingfisher/17.wav,Collared_Kingfisher,0,3.0
../ibc53/Collared_Kingfisher/17.wav,Collared_Kingfisher,3.0,6.0
../ibc53/Collared_Kingfisher/1.wav,Collared_Kingfisher,0,3.0
../ibc53/Collared_Kingfisher/1.wav,Collared_Kingfisher,3.0,6.0
../ibc53/Collared_Kingfisher/1.wav,Collared_Kingfisher,6.0,9.0
../ibc53/Collared_Kingfisher/1.wav,Collared_Kingfisher,9.0,12.0
../ibc53/Collared_Kingfisher/1.wav,Collared_Kingfisher,12.0,15.0
../ibc53/Collared_Kingfisher/1.wav,Collared_Kingfisher,15.0,18.0
../ibc53/Collared_Kingfisher/1.wav,Collared_Kingfisher,18.0,21.0
../ibc53/Collared_Kingfisher/1.wav,Collared_Kingfisher,21.0,24.0
../ibc53/Collared_Kingfisher/1.wav,Collared_Kingfisher,24.0,27.0
../ibc53/Collared_Kingfisher/1.wav,Collared_Kingfisher,27.0,30.0
../ibc53/Collared_Kingfisher/13.wav,Collared_Kingfisher,0,3.0
../ibc53/Collared_Kingfisher/13.wav,Collared_Kingfisher,3.0,6.0
../ibc53/Collared_Kingfisher/13.wav,Collared_Kingfisher,6.0,9.0
../ibc53/Collared_Kingfisher/13.wav,Collared_Kingfisher,9.0,12.0
../ibc53/Collared_Kingfisher/13.wav,Collared_Kingfisher,12.0,15.0
../ibc53/Collared_Kingfisher/13.wav,Collared_Kingfisher,15.0,18.0
../ibc53/Collared_Kingfisher/13.wav,Collared_Kingfisher,18.0,21.0
../ibc53/Collared_Kingfisher/13.wav,Collared_Kingfisher,21.0,24.0
../ibc53/Collared_Kingfisher/13.wav,Collared_Kingfisher,24.0,27.0
../ibc53/Collared_Kingfisher/13.wav,Collared_Kingfisher,27.0,30.0
../ibc53/Collared_Kingfisher/13.wav,Collared_Kingfisher,30.0,33.0
../ibc53/Collared_Kingfisher/13.wav,Collared_Kingfisher,33.0,36.0
../ibc53/Collared_Kingfisher/13.wav,Collared_Kingfisher,36.0,39.0
../ibc53/Collared_Kingfisher/13.wav,Collared_Kingfisher,39.0,42.0
../ibc53/Collared_Kingfisher/13.wav,Collared_Kingfisher,42.0,45.0
../ibc53/Collared_Kingfisher/13.wav,Collared_Kingfisher,45.0,48.0
../ibc53/Collared_Kingfisher/13.wav,Collared_Kingfisher,48.0,51.0
../ibc53/Collared_Kingfisher/13.wav,Collared_Kingfisher,51.0,54.0
../ibc53/Collared_Kingfisher/13.wav,Collared_Kingfisher,54.0,57.0
../ibc53/Collared_Kingfisher/16.wav,Collared_Kingfisher,0,3.0
../ibc53/Collared_Kingfisher/16.wav,Collared_Kingfisher,3.0,6.0
../ibc53/Collared_Kingfisher/16.wav,Collared_Kingfisher,6.0,9.0
../ibc53/Collared_Kingfisher/20.wav,Collared_Kingfisher,0,3.0
../ibc53/Collared_Kingfisher/20.wav,Collared_Kingfisher,3.0,6.0
../ibc53/Collared_Kingfisher/20.wav,Collared_Kingfisher,6.0,9.0
../ibc53/Collared_Kingfisher/20.wav,Collared_Kingfisher,9.0,12.0
../ibc53/Collared_Kingfisher/20.wav,Collared_Kingfisher,12.0,15.0
../ibc53/Collared_Kingfisher/20.wav,Collared_Kingfisher,15.0,18.0
../ibc53/Collared_Kingfisher/20.wav,Collared_Kingfisher,18.0,21.0
../ibc53/Collared_Kingfisher/21.wav,Collared_Kingfisher,0,3.0
../ibc53/Collared_Kingfisher/21.wav,Collared_Kingfisher,3.0,6.0
../ibc53/Collared_Kingfisher/21.wav,Collared_Kingfisher,6.0,9.0
../ibc53/Collared_Kingfisher/12.wav,Collared_Kingfisher,0,3.0
../ibc53/Collared_Kingfisher/12.wav,Collared_Kingfisher,3.0,6.0
../ibc53/Collared_Kingfisher/12.wav,Collared_Kingfisher,6.0,9.0
../ibc53/Collared_Kingfisher/12.wav,Collared_Kingfisher,9.0,12.0
../ibc53/Collared_Kingfisher/12.wav,Collared_Kingfisher,12.0,15.0
../ibc53/Collared_Kingfisher/12.wav,Collared_Kingfisher,15.0,18.0
../ibc53/Collared_Kingfisher/2.wav,Collared_Kingfisher,0,3.0
../ibc53/Collared_Kingfisher/2.wav,Collared_Kingfisher,3.0,6.0
../ibc53/Collared_Kingfisher/2.wav,Collared_Kingfisher,6.0,9.0
../ibc53/Collared_Kingfisher/4.wav,Collared_Kingfisher,0,3.0
../ibc53/Collared_Kingfisher/4.wav,Collared_Kingfisher,3.0,6.0
../ibc53/Collared_Kingfisher/4.wav,Collared_Kingfisher,6.0,9.0
../ibc53/Collared_Kingfisher/4.wav,Collared_Kingfisher,9.0,12.0
../ibc53/Collared_Kingfisher/4.wav,Collared_Kingfisher,12.0,15.0
../ibc53/Collared_Kingfisher/4.wav,Collared_Kingfisher,15.0,18.0
../ibc53/Collared_Kingfisher/4.wav,Collared_Kingfisher,18.0,21.0
../ibc53/Collared_Kingfisher/4.wav,Collared_Kingfisher,21.0,24.0
../ibc53/Collared_Kingfisher/4.wav,Collared_Kingfisher,24.0,27.0
../ibc53/Collared_Kingfisher/4.wav,Collared_Kingfisher,27.0,30.0
../ibc53/Collared_Kingfisher/14.wav,Collared_Kingfisher,0,3.0
../ibc53/Collared_Kingfisher/14.wav,Collared_Kingfisher,3.0,6.0
../ibc53/Collared_Kingfisher/14.wav,Collared_Kingfisher,6.0,9.0
../ibc53/Collared_Kingfisher/14.wav,Collared_Kingfisher,9.0,12.0
../ibc53/Collared_Kingfisher/22.wav,Collared_Kingfisher,0,3.0
../ibc53/Collared_Kingfisher/22.wav,Collared_Kingfisher,3.0,6.0
../ibc53/Collared_Kingfisher/22.wav,Collared_Kingfisher,6.0,9.0
../ibc53/Collared_Kingfisher/10.wav,Collared_Kingfisher,0,3.0
../ibc53/Collared_Kingfisher/10.wav,Collared_Kingfisher,3.0,6.0
../ibc53/Collared_Kingfisher/10.wav,Collared_Kingfisher,6.0,9.0
../ibc53/Collared_Kingfisher/10.wav,Collared_Kingfisher,9.0,12.0
../ibc53/Collared_Kingfisher/19.wav,Collared_Kingfisher,0,3.0
../ibc53/Collared_Kingfisher/19.wav,Collared_Kingfisher,3.0,6.0
../ibc53/Collared_Kingfisher/19.wav,Collared_Kingfisher,6.0,9.0
../ibc53/Collared_Kingfisher/19.wav,Collared_Kingfisher,9.0,12.0
../ibc53/Collared_Kingfisher/19.wav,Collared_Kingfisher,12.0,15.0
../ibc53/Collared_Kingfisher/19.wav,Collared_Kingfisher,15.0,18.0
../ibc53/Collared_Kingfisher/19.wav,Collared_Kingfisher,18.0,21.0
../ibc53/Collared_Kingfisher/19.wav,Collared_Kingfisher,21.0,24.0
../ibc53/Collared_Kingfisher/19.wav,Collared_Kingfisher,24.0,27.0
../ibc53/Collared_Kingfisher/19.wav,Collared_Kingfisher,27.0,30.0
../ibc53/Collared_Kingfisher/19.wav,Collared_Kingfisher,30.0,33.0
../ibc53/Collared_Kingfisher/19.wav,Collared_Kingfisher,33.0,36.0
../ibc53/Collared_Kingfisher/19.wav,Collared_Kingfisher,36.0,39.0
../ibc53/Collared_Kingfisher/9.wav,Collared_Kingfisher,0,3.0
../ibc53/Collared_Kingfisher/9.wav,Collared_Kingfisher,3.0,6.0
../ibc53/Collared_Kingfisher/9.wav,Collared_Kingfisher,6.0,9.0
../ibc53/Collared_Kingfisher/9.wav,Collared_Kingfisher,9.0,12.0
../ibc53/Collared_Kingfisher/9.wav,Collared_Kingfisher,12.0,15.0
../ibc53/Collared_Kingfisher/9.wav,Collared_Kingfisher,15.0,18.0
../ibc53/Collared_Kingfisher/9.wav,Collared_Kingfisher,18.0,21.0
../ibc53/Collared_Kingfisher/9.wav,Collared_Kingfisher,21.0,24.0
../ibc53/Collared_Kingfisher/9.wav,Collared_Kingfisher,24.0,27.0
../ibc53/Collared_Kingfisher/9.wav,Collared_Kingfisher,27.0,30.0
../ibc53/Collared_Kingfisher/6.wav,Collared_Kingfisher,0,3.0
../ibc53/Collared_Kingfisher/6.wav,Collared_Kingfisher,3.0,6.0
../ibc53/Collared_Kingfisher/6.wav,Collared_Kingfisher,6.0,9.0
../ibc53/Collared_Kingfisher/11.wav,Collared_Kingfisher,0,3.0
../ibc53/Collared_Kingfisher/11.wav,Collared_Kingfisher,3.0,6.0
../ibc53/Collared_Kingfisher/11.wav,Collared_Kingfisher,6.0,9.0
../ibc53/Collared_Kingfisher/11.wav,Collared_Kingfisher,9.0,12.0
../ibc53/Collared_Kingfisher/11.wav,Collared_Kingfisher,12.0,15.0
../ibc53/Collared_Kingfisher/11.wav,Collared_Kingfisher,15.0,18.0
../ibc53/Collared_Kingfisher/23.wav,Collared_Kingfisher,0,3.0
../ibc53/Collared_Kingfisher/23.wav,Collared_Kingfisher,3.0,6.0
../ibc53/Collared_Kingfisher/23.wav,Collared_Kingfisher,6.0,9.0
../ibc53/Collared_Kingfisher/23.wav,Collared_Kingfisher,9.0,12.0
../ibc53/Collared_Kingfisher/23.wav,Collared_Kingfisher,12.0,15.0
../ibc53/Collared_Kingfisher/23.wav,Collared_Kingfisher,15.0,18.0
../ibc53/Collared_Kingfisher/23.wav,Collared_Kingfisher,18.0,21.0
../ibc53/Collared_Kingfisher/23.wav,Collared_Kingfisher,21.0,24.0
../ibc53/Collared_Kingfisher/23.wav,Collared_Kingfisher,24.0,27.0
../ibc53/Collared_Kingfisher/23.wav,Collared_Kingfisher,27.0,30.0
../ibc53/Collared_Kingfisher/23.wav,Collared_Kingfisher,30.0,33.0
../ibc53/Collared_Kingfisher/23.wav,Collared_Kingfisher,33.0,36.0
../ibc53/Collared_Kingfisher/23.wav,Collared_Kingfisher,36.0,39.0
../ibc53/Collared_Kingfisher/23.wav,Collared_Kingfisher,39.0,42.0
../ibc53/Collared_Kingfisher/23.wav,Collared_Kingfisher,42.0,45.0
../ibc53/Collared_Kingfisher/23.wav,Collared_Kingfisher,45.0,48.0
../ibc53/Grey-cheeked_Tit/15.wav,Grey-cheeked_Tit,0,3.0
../ibc53/Grey-cheeked_Tit/15.wav,Grey-cheeked_Tit,3.0,6.0
../ibc53/Grey-cheeked_Tit/15.wav,Grey-cheeked_Tit,6.0,9.0
../ibc53/Grey-cheeked_Tit/15.wav,Grey-cheeked_Tit,9.0,12.0
../ibc53/Grey-cheeked_Tit/15.wav,Grey-cheeked_Tit,12.0,15.0
../ibc53/Grey-cheeked_Tit/15.wav,Grey-cheeked_Tit,15.0,18.0
../ibc53/Grey-cheeked_Tit/15.wav,Grey-cheeked_Tit,18.0,21.0
../ibc53/Grey-cheeked_Tit/15.wav,Grey-cheeked_Tit,21.0,24.0
../ibc53/Grey-cheeked_Tit/15.wav,Grey-cheeked_Tit,24.0,27.0
../ibc53/Grey-cheeked_Tit/15.wav,Grey-cheeked_Tit,27.0,30.0
../ibc53/Grey-cheeked_Tit/15.wav,Grey-cheeked_Tit,30.0,33.0
../ibc53/Grey-cheeked_Tit/15.wav,Grey-cheeked_Tit,33.0,36.0
../ibc53/Grey-cheeked_Tit/15.wav,Grey-cheeked_Tit,36.0,39.0
../ibc53/Grey-cheeked_Tit/15.wav,Grey-cheeked_Tit,39.0,42.0
../ibc53/Grey-cheeked_Tit/3.wav,Grey-cheeked_Tit,0,3.0
../ibc53/Grey-cheeked_Tit/3.wav,Grey-cheeked_Tit,3.0,6.0
../ibc53/Grey-cheeked_Tit/3.wav,Grey-cheeked_Tit,6.0,9.0
../ibc53/Grey-cheeked_Tit/3.wav,Grey-cheeked_Tit,9.0,12.0
../ibc53/Grey-cheeked_Tit/3.wav,Grey-cheeked_Tit,12.0,15.0
../ibc53/Grey-cheeked_Tit/3.wav,Grey-cheeked_Tit,15.0,18.0
../ibc53/Grey-cheeked_Tit/3.wav,Grey-cheeked_Tit,18.0,21.0
../ibc53/Grey-cheeked_Tit/3.wav,Grey-cheeked_Tit,21.0,24.0
../ibc53/Grey-cheeked_Tit/3.wav,Grey-cheeked_Tit,24.0,27.0
../ibc53/Grey-cheeked_Tit/3.wav,Grey-cheeked_Tit,27.0,30.0
../ibc53/Grey-cheeked_Tit/3.wav,Grey-cheeked_Tit,30.0,33.0
../ibc53/Grey-cheeked_Tit/3.wav,Grey-cheeked_Tit,33.0,36.0
../ibc53/Grey-cheeked_Tit/3.wav,Grey-cheeked_Tit,36.0,39.0
../ibc53/Grey-cheeked_Tit/3.wav,Grey-cheeked_Tit,39.0,42.0
../ibc53/Grey-cheeked_Tit/3.wav,Grey-cheeked_Tit,42.0,45.0
../ibc53/Grey-cheeked_Tit/3.wav,Grey-cheeked_Tit,45.0,48.0
../ibc53/Grey-cheeked_Tit/5.wav,Grey-cheeked_Tit,0,3.0
../ibc53/Grey-cheeked_Tit/5.wav,Grey-cheeked_Tit,3.0,6.0
../ibc53/Grey-cheeked_Tit/5.wav,Grey-cheeked_Tit,6.0,9.0
../ibc53/Grey-cheeked_Tit/5.wav,Grey-cheeked_Tit,9.0,12.0
../ibc53/Grey-cheeked_Tit/5.wav,Grey-cheeked_Tit,12.0,15.0
../ibc53/Grey-cheeked_Tit/5.wav,Grey-cheeked_Tit,15.0,18.0
../ibc53/Grey-cheeked_Tit/18.wav,Grey-cheeked_Tit,0,3.0
../ibc53/Grey-cheeked_Tit/18.wav,Grey-cheeked_Tit,3.0,6.0
../ibc53/Grey-cheeked_Tit/18.wav,Grey-cheeked_Tit,6.0,9.0
../ibc53/Grey-cheeked_Tit/18.wav,Grey-cheeked_Tit,9.0,12.0
../ibc53/Grey-cheeked_Tit/18.wav,Grey-cheeked_Tit,12.0,15.0
../ibc53/Grey-cheeked_Tit/18.wav,Grey-cheeked_Tit,15.0,18.0
../ibc53/Grey-cheeked_Tit/18.wav,Grey-cheeked_Tit,18.0,21.0
../ibc53/Grey-cheeked_Tit/18.wav,Grey-cheeked_Tit,21.0,24.0
../ibc53/Grey-cheeked_Tit/18.wav,Grey-cheeked_Tit,24.0,27.0
../ibc53/Grey-cheeked_Tit/18.wav,Grey-cheeked_Tit,27.0,30.0
../ibc53/Grey-cheeked_Tit/18.wav,Grey-cheeked_Tit,30.0,33.0
../ibc53/Grey-cheeked_Tit/18.wav,Grey-cheeked_Tit,33.0,36.0
../ibc53/Grey-cheeked_Tit/18.wav,Grey-cheeked_Tit,36.0,39.0
../ibc53/Grey-cheeked_Tit/18.wav,Grey-cheeked_Tit,39.0,42.0
../ibc53/Grey-cheeked_Tit/18.wav,Grey-cheeked_Tit,42.0,45.0
../ibc53/Grey-cheeked_Tit/18.wav,Grey-cheeked_Tit,45.0,48.0
../ibc53/Grey-cheeked_Tit/18.wav,Grey-cheeked_Tit,48.0,51.0
../ibc53/Grey-cheeked_Tit/18.wav,Grey-cheeked_Tit,51.0,54.0
../ibc53/Grey-cheeked_Tit/18.wav,Grey-cheeked_Tit,54.0,57.0
../ibc53/Grey-cheeked_Tit/7.wav,Grey-cheeked_Tit,0,3.0
../ibc53/Grey-cheeked_Tit/7.wav,Grey-cheeked_Tit,3.0,6.0
../ibc53/Grey-cheeked_Tit/7.wav,Grey-cheeked_Tit,6.0,9.0
../ibc53/Grey-cheeked_Tit/7.wav,Grey-cheeked_Tit,9.0,12.0
../ibc53/Grey-cheeked_Tit/7.wav,Grey-cheeked_Tit,12.0,15.0
../ibc53/Grey-cheeked_Tit/7.wav,Grey-cheeked_Tit,15.0,18.0
../ibc53/Grey-cheeked_Tit/7.wav,Grey-cheeked_Tit,18.0,21.0
../ibc53/Grey-cheeked_Tit/7.wav,Grey-cheeked_Tit,21.0,24.0
../ibc53/Grey-cheeked_Tit/7.wav,Grey-cheeked_Tit,24.0,27.0
../ibc53/Grey-cheeked_Tit/7.wav,Grey-cheeked_Tit,27.0,30.0
../ibc53/Grey-cheeked_Tit/7.wav,Grey-cheeked_Tit,30.0,33.0
../ibc53/Grey-cheeked_Tit/7.wav,Grey-cheeked_Tit,33.0,36.0
../ibc53/Grey-cheeked_Tit/7.wav,Grey-cheeked_Tit,36.0,39.0
../ibc53/Grey-cheeked_Tit/8.wav,Grey-cheeked_Tit,0,3.0
../ibc53/Grey-cheeked_Tit/8.wav,Grey-cheeked_Tit,3.0,6.0
../ibc53/Grey-cheeked_Tit/8.wav,Grey-cheeked_Tit,6.0,9.0
../ibc53/Grey-cheeked_Tit/8.wav,Grey-cheeked_Tit,9.0,12.0
../ibc53/Grey-cheeked_Tit/8.wav,Grey-cheeked_Tit,12.0,15.0
../ibc53/Grey-cheeked_Tit/8.wav,Grey-cheeked_Tit,15.0,18.0
../ibc53/Grey-cheeked_Tit/8.wav,Grey-cheeked_Tit,18.0,21.0
../ibc53/Grey-cheeked_Tit/8.wav,Grey-cheeked_Tit,21.0,24.0
../ibc53/Grey-cheeked_Tit/8.wav,Grey-cheeked_Tit,24.0,27.0
../ibc53/Grey-cheeked_Tit/24.wav,Grey-cheeked_Tit,0,3.0
../ibc53/Grey-cheeked_Tit/24.wav,Grey-cheeked_Tit,3.0,6.0
../ibc53/Grey-cheeked_Tit/24.wav,Grey-cheeked_Tit,6.0,9.0
../ibc53/Grey-cheeked_Tit/24.wav,Grey-cheeked_Tit,9.0,12.0
../ibc53/Grey-cheeked_Tit/24.wav,Grey-cheeked_Tit,12.0,15.0
../ibc53/Grey-cheeked_Tit/24.wav,Grey-cheeked_Tit,15.0,18.0
../ibc53/Grey-cheeked_Tit/24.wav,Grey-cheeked_Tit,18.0,21.0
../ibc53/Grey-cheeked_Tit/24.wav,Grey-cheeked_Tit,21.0,24.0
../ibc53/Grey-cheeked_Tit/24.wav,Grey-cheeked_Tit,24.0,27.0
../ibc53/Grey-cheeked_Tit/24.wav,Grey-cheeked_Tit,27.0,30.0
../ibc53/Grey-cheeked_Tit/24.wav,Grey-cheeked_Tit,30.0,33.0
../ibc53/Grey-cheeked_Tit/24.wav,Grey-cheeked_Tit,33.0,36.0
../ibc53/Grey-cheeked_Tit/24.wav,Grey-cheeked_Tit,36.0,39.0
../ibc53/Grey-cheeked_Tit/24.wav,Grey-cheeked_Tit,39.0,42.0
../ibc53/Grey-cheeked_Tit/24.wav,Grey-cheeked_Tit,42.0,45.0
../ibc53/Grey-cheeked_Tit/24.wav,Grey-cheeked_Tit,45.0,48.0
../ibc53/Grey-cheeked_Tit/24.wav,Grey-cheeked_Tit,48.0,51.0
../ibc53/Grey-cheeked_Tit/17.wav,Grey-cheeked_Tit,0,3.0
../ibc53/Grey-cheeked_Tit/17.wav,Grey-cheeked_Tit,3.0,6.0
../ibc53/Grey-cheeked_Tit/17.wav,Grey-cheeked_Tit,6.0,9.0
../ibc53/Grey-cheeked_Tit/17.wav,Grey-cheeked_Tit,9.0,12.0
../ibc53/Grey-cheeked_Tit/17.wav,Grey-cheeked_Tit,12.0,15.0
../ibc53/Grey-cheeked_Tit/17.wav,Grey-cheeked_Tit,15.0,18.0
../ibc53/Grey-cheeked_Tit/17.wav,Grey-cheeked_Tit,18.0,21.0
../ibc53/Grey-cheeked_Tit/17.wav,Grey-cheeked_Tit,21.0,24.0
../ibc53/Grey-cheeked_Tit/17.wav,Grey-cheeked_Tit,24.0,27.0
../ibc53/Grey-cheeked_Tit/17.wav,Grey-cheeked_Tit,27.0,30.0
../ibc53/Grey-cheeked_Tit/17.wav,Grey-cheeked_Tit,30.0,33.0
../ibc53/Grey-cheeked_Tit/17.wav,Grey-cheeked_Tit,33.0,36.0
../ibc53/Grey-cheeked_Tit/17.wav,Grey-cheeked_Tit,36.0,39.0
../ibc53/Grey-cheeked_Tit/17.wav,Grey-cheeked_Tit,39.0,42.0
../ibc53/Grey-cheeked_Tit/17.wav,Grey-cheeked_Tit,42.0,45.0
../ibc53/Grey-cheeked_Tit/17.wav,Grey-cheeked_Tit,45.0,48.0
../ibc53/Grey-cheeked_Tit/1.wav,Grey-cheeked_Tit,0,3.0
../ibc53/Grey-cheeked_Tit/1.wav,Grey-cheeked_Tit,3.0,6.0
../ibc53/Grey-cheeked_Tit/1.wav,Grey-cheeked_Tit,6.0,9.0
../ibc53/Grey-cheeked_Tit/1.wav,Grey-cheeked_Tit,9.0,12.0
../ibc53/Grey-cheeked_Tit/1.wav,Grey-cheeked_Tit,12.0,15.0
../ibc53/Grey-cheeked_Tit/1.wav,Grey-cheeked_Tit,15.0,18.0
../ibc53/Grey-cheeked_Tit/1.wav,Grey-cheeked_Tit,18.0,21.0
../ibc53/Grey-cheeked_Tit/1.wav,Grey-cheeked_Tit,21.0,24.0
../ibc53/Grey-cheeked_Tit/1.wav,Grey-cheeked_Tit,24.0,27.0
../ibc53/Grey-cheeked_Tit/13.wav,Grey-cheeked_Tit,0,3.0
../ibc53/Grey-cheeked_Tit/13.wav,Grey-cheeked_Tit,3.0,6.0
../ibc53/Grey-cheeked_Tit/13.wav,Grey-cheeked_Tit,6.0,9.0
../ibc53/Grey-cheeked_Tit/16.wav,Grey-cheeked_Tit,0,3.0
../ibc53/Grey-cheeked_Tit/16.wav,Grey-cheeked_Tit,3.0,6.0
../ibc53/Grey-cheeked_Tit/16.wav,Grey-cheeked_Tit,6.0,9.0
../ibc53/Grey-cheeked_Tit/16.wav,Grey-cheeked_Tit,9.0,12.0
../ibc53/Grey-cheeked_Tit/16.wav,Grey-cheeked_Tit,12.0,15.0
../ibc53/Grey-cheeked_Tit/16.wav,Grey-cheeked_Tit,15.0,18.0
../ibc53/Grey-cheeked_Tit/16.wav,Grey-cheeked_Tit,18.0,21.0
../ibc53/Grey-cheeked_Tit/16.wav,Grey-cheeked_Tit,21.0,24.0
../ibc53/Grey-cheeked_Tit/16.wav,Grey-cheeked_Tit,24.0,27.0
../ibc53/Grey-cheeked_Tit/16.wav,Grey-cheeked_Tit,27.0,30.0
../ibc53/Grey-cheeked_Tit/16.wav,Grey-cheeked_Tit,30.0,33.0
../ibc53/Grey-cheeked_Tit/16.wav,Grey-cheeked_Tit,33.0,36.0
../ibc53/Grey-cheeked_Tit/16.wav,Grey-cheeked_Tit,36.0,39.0
../ibc53/Grey-cheeked_Tit/16.wav,Grey-cheeked_Tit,39.0,42.0
../ibc53/Grey-cheeked_Tit/20.wav,Grey-cheeked_Tit,0,3.0
../ibc53/Grey-cheeked_Tit/20.wav,Grey-cheeked_Tit,3.0,6.0
../ibc53/Grey-cheeked_Tit/20.wav,Grey-cheeked_Tit,6.0,9.0
../ibc53/Grey-cheeked_Tit/20.wav,Grey-cheeked_Tit,9.0,12.0
../ibc53/Grey-cheeked_Tit/21.wav,Grey-cheeked_Tit,0,3.0
../ibc53/Grey-cheeked_Tit/21.wav,Grey-cheeked_Tit,3.0,6.0
../ibc53/Grey-cheeked_Tit/21.wav,Grey-cheeked_Tit,6.0,9.0
../ibc53/Grey-cheeked_Tit/21.wav,Grey-cheeked_Tit,9.0,12.0
../ibc53/Grey-cheeked_Tit/21.wav,Grey-cheeked_Tit,12.0,15.0
../ibc53/Grey-cheeked_Tit/21.wav,Grey-cheeked_Tit,15.0,18.0
../ibc53/Grey-cheeked_Tit/12.wav,Grey-cheeked_Tit,0,3.0
../ibc53/Grey-cheeked_Tit/12.wav,Grey-cheeked_Tit,3.0,6.0
../ibc53/Grey-cheeked_Tit/12.wav,Grey-cheeked_Tit,6.0,9.0
../ibc53/Grey-cheeked_Tit/12.wav,Grey-cheeked_Tit,9.0,12.0
../ibc53/Grey-cheeked_Tit/2.wav,Grey-cheeked_Tit,0,3.0
../ibc53/Grey-cheeked_Tit/2.wav,Grey-cheeked_Tit,3.0,6.0
../ibc53/Grey-cheeked_Tit/2.wav,Grey-cheeked_Tit,6.0,9.0
../ibc53/Grey-cheeked_Tit/2.wav,Grey-cheeked_Tit,9.0,12.0
../ibc53/Grey-cheeked_Tit/2.wav,Grey-cheeked_Tit,12.0,15.0
../ibc53/Grey-cheeked_Tit/2.wav,Grey-cheeked_Tit,15.0,18.0
../ibc53/Grey-cheeked_Tit/2.wav,Grey-cheeked_Tit,18.0,21.0
../ibc53/Grey-cheeked_Tit/2.wav,Grey-cheeked_Tit,21.0,24.0
../ibc53/Grey-cheeked_Tit/2.wav,Grey-cheeked_Tit,24.0,27.0
../ibc53/Grey-cheeked_Tit/2.wav,Grey-cheeked_Tit,27.0,30.0
../ibc53/Grey-cheeked_Tit/2.wav,Grey-cheeked_Tit,30.0,33.0
../ibc53/Grey-cheeked_Tit/2.wav,Grey-cheeked_Tit,33.0,36.0
../ibc53/Grey-cheeked_Tit/4.wav,Grey-cheeked_Tit,0,3.0
../ibc53/Grey-cheeked_Tit/4.wav,Grey-cheeked_Tit,3.0,6.0
../ibc53/Grey-cheeked_Tit/4.wav,Grey-cheeked_Tit,6.0,9.0
../ibc53/Grey-cheeked_Tit/4.wav,Grey-cheeked_Tit,9.0,12.0
../ibc53/Grey-cheeked_Tit/4.wav,Grey-cheeked_Tit,12.0,15.0
../ibc53/Grey-cheeked_Tit/4.wav,Grey-cheeked_Tit,15.0,18.0
../ibc53/Grey-cheeked_Tit/4.wav,Grey-cheeked_Tit,18.0,21.0
../ibc53/Grey-cheeked_Tit/4.wav,Grey-cheeked_Tit,21.0,24.0
../ibc53/Grey-cheeked_Tit/4.wav,Grey-cheeked_Tit,24.0,27.0
../ibc53/Grey-cheeked_Tit/4.wav,Grey-cheeked_Tit,27.0,30.0
../ibc53/Grey-cheeked_Tit/4.wav,Grey-cheeked_Tit,30.0,33.0
../ibc53/Grey-cheeked_Tit/4.wav,Grey-cheeked_Tit,33.0,36.0
../ibc53/Grey-cheeked_Tit/4.wav,Grey-cheeked_Tit,36.0,39.0
../ibc53/Grey-cheeked_Tit/14.wav,Grey-cheeked_Tit,0,3.0
../ibc53/Grey-cheeked_Tit/14.wav,Grey-cheeked_Tit,3.0,6.0
../ibc53/Grey-cheeked_Tit/14.wav,Grey-cheeked_Tit,6.0,9.0
../ibc53/Grey-cheeked_Tit/14.wav,Grey-cheeked_Tit,9.0,12.0
../ibc53/Grey-cheeked_Tit/14.wav,Grey-cheeked_Tit,12.0,15.0
../ibc53/Grey-cheeked_Tit/14.wav,Grey-cheeked_Tit,15.0,18.0
../ibc53/Grey-cheeked_Tit/14.wav,Grey-cheeked_Tit,18.0,21.0
../ibc53/Grey-cheeked_Tit/14.wav,Grey-cheeked_Tit,21.0,24.0
../ibc53/Grey-cheeked_Tit/14.wav,Grey-cheeked_Tit,24.0,27.0
../ibc53/Grey-cheeked_Tit/22.wav,Grey-cheeked_Tit,0,3.0
../ibc53/Grey-cheeked_Tit/10.wav,Grey-cheeked_Tit,0,3.0
../ibc53/Grey-cheeked_Tit/10.wav,Grey-cheeked_Tit,3.0,6.0
../ibc53/Grey-cheeked_Tit/10.wav,Grey-cheeked_Tit,6.0,9.0
../ibc53/Grey-cheeked_Tit/10.wav,Grey-cheeked_Tit,9.0,12.0
../ibc53/Grey-cheeked_Tit/10.wav,Grey-cheeked_Tit,12.0,15.0
../ibc53/Grey-cheeked_Tit/10.wav,Grey-cheeked_Tit,15.0,18.0
../ibc53/Grey-cheeked_Tit/10.wav,Grey-cheeked_Tit,18.0,21.0
../ibc53/Grey-cheeked_Tit/10.wav,Grey-cheeked_Tit,21.0,24.0
../ibc53/Grey-cheeked_Tit/10.wav,Grey-cheeked_Tit,24.0,27.0
../ibc53/Grey-cheeked_Tit/10.wav,Grey-cheeked_Tit,27.0,30.0
../ibc53/Grey-cheeked_Tit/10.wav,Grey-cheeked_Tit,30.0,33.0
../ibc53/Grey-cheeked_Tit/10.wav,Grey-cheeked_Tit,33.0,36.0
../ibc53/Grey-cheeked_Tit/10.wav,Grey-cheeked_Tit,36.0,39.0
../ibc53/Grey-cheeked_Tit/10.wav,Grey-cheeked_Tit,39.0,42.0
../ibc53/Grey-cheeked_Tit/10.wav,Grey-cheeked_Tit,42.0,45.0
../ibc53/Grey-cheeked_Tit/10.wav,Grey-cheeked_Tit,45.0,48.0
../ibc53/Grey-cheeked_Tit/10.wav,Grey-cheeked_Tit,48.0,51.0
../ibc53/Grey-cheeked_Tit/10.wav,Grey-cheeked_Tit,51.0,54.0
../ibc53/Grey-cheeked_Tit/10.wav,Grey-cheeked_Tit,54.0,57.0
../ibc53/Grey-cheeked_Tit/10.wav,Grey-cheeked_Tit,57.0,60.0
../ibc53/Grey-cheeked_Tit/10.wav,Grey-cheeked_Tit,60.0,63.0
../ibc53/Grey-cheeked_Tit/10.wav,Grey-cheeked_Tit,63.0,66.0
../ibc53/Grey-cheeked_Tit/10.wav,Grey-cheeked_Tit,66.0,69.0
../ibc53/Grey-cheeked_Tit/10.wav,Grey-cheeked_Tit,69.0,72.0
../ibc53/Grey-cheeked_Tit/10.wav,Grey-cheeked_Tit,72.0,75.0
../ibc53/Grey-cheeked_Tit/10.wav,Grey-cheeked_Tit,75.0,78.0
../ibc53/Grey-cheeked_Tit/10.wav,Grey-cheeked_Tit,78.0,81.0
../ibc53/Grey-cheeked_Tit/19.wav,Grey-cheeked_Tit,0,3.0
../ibc53/Grey-cheeked_Tit/19.wav,Grey-cheeked_Tit,3.0,6.0
../ibc53/Grey-cheeked_Tit/19.wav,Grey-cheeked_Tit,6.0,9.0
../ibc53/Grey-cheeked_Tit/19.wav,Grey-cheeked_Tit,9.0,12.0
../ibc53/Grey-cheeked_Tit/19.wav,Grey-cheeked_Tit,12.0,15.0
../ibc53/Grey-cheeked_Tit/19.wav,Grey-cheeked_Tit,15.0,18.0
../ibc53/Grey-cheeked_Tit/19.wav,Grey-cheeked_Tit,18.0,21.0
../ibc53/Grey-cheeked_Tit/19.wav,Grey-cheeked_Tit,21.0,24.0
../ibc53/Grey-cheeked_Tit/19.wav,Grey-cheeked_Tit,24.0,27.0
../ibc53/Grey-cheeked_Tit/19.wav,Grey-cheeked_Tit,27.0,30.0
../ibc53/Grey-cheeked_Tit/19.wav,Grey-cheeked_Tit,30.0,33.0
../ibc53/Grey-cheeked_Tit/19.wav,Grey-cheeked_Tit,33.0,36.0
../ibc53/Grey-cheeked_Tit/19.wav,Grey-cheeked_Tit,36.0,39.0
../ibc53/Grey-cheeked_Tit/19.wav,Grey-cheeked_Tit,39.0,42.0
../ibc53/Grey-cheeked_Tit/19.wav,Grey-cheeked_Tit,42.0,45.0
../ibc53/Grey-cheeked_Tit/19.wav,Grey-cheeked_Tit,45.0,48.0
../ibc53/Grey-cheeked_Tit/19.wav,Grey-cheeked_Tit,48.0,51.0
../ibc53/Grey-cheeked_Tit/19.wav,Grey-cheeked_Tit,51.0,54.0
../ibc53/Grey-cheeked_Tit/9.wav,Grey-cheeked_Tit,0,3.0
../ibc53/Grey-cheeked_Tit/9.wav,Grey-cheeked_Tit,3.0,6.0
../ibc53/Grey-cheeked_Tit/9.wav,Grey-cheeked_Tit,6.0,9.0
../ibc53/Grey-cheeked_Tit/6.wav,Grey-cheeked_Tit,0,3.0
../ibc53/Grey-cheeked_Tit/6.wav,Grey-cheeked_Tit,3.0,6.0
../ibc53/Grey-cheeked_Tit/6.wav,Grey-cheeked_Tit,6.0,9.0
../ibc53/Grey-cheeked_Tit/6.wav,Grey-cheeked_Tit,9.0,12.0
../ibc53/Grey-cheeked_Tit/6.wav,Grey-cheeked_Tit,12.0,15.0
../ibc53/Grey-cheeked_Tit/6.wav,Grey-cheeked_Tit,15.0,18.0
../ibc53/Grey-cheeked_Tit/6.wav,Grey-cheeked_Tit,18.0,21.0
../ibc53/Grey-cheeked_Tit/6.wav,Grey-cheeked_Tit,21.0,24.0
../ibc53/Grey-cheeked_Tit/6.wav,Grey-cheeked_Tit,24.0,27.0
../ibc53/Grey-cheeked_Tit/6.wav,Grey-cheeked_Tit,27.0,30.0
../ibc53/Grey-cheeked_Tit/6.wav,Grey-cheeked_Tit,30.0,33.0
../ibc53/Grey-cheeked_Tit/6.wav,Grey-cheeked_Tit,33.0,36.0
../ibc53/Grey-cheeked_Tit/6.wav,Grey-cheeked_Tit,36.0,39.0
../ibc53/Grey-cheeked_Tit/6.wav,Grey-cheeked_Tit,39.0,42.0
../ibc53/Grey-cheeked_Tit/6.wav,Grey-cheeked_Tit,42.0,45.0
../ibc53/Grey-cheeked_Tit/6.wav,Grey-cheeked_Tit,45.0,48.0
../ibc53/Grey-cheeked_Tit/11.wav,Grey-cheeked_Tit,0,3.0
../ibc53/Grey-cheeked_Tit/11.wav,Grey-cheeked_Tit,3.0,6.0
../ibc53/Grey-cheeked_Tit/11.wav,Grey-cheeked_Tit,6.0,9.0
../ibc53/Grey-cheeked_Tit/11.wav,Grey-cheeked_Tit,9.0,12.0
../ibc53/Grey-cheeked_Tit/11.wav,Grey-cheeked_Tit,12.0,15.0
../ibc53/Grey-cheeked_Tit/23.wav,Grey-cheeked_Tit,0,3.0
../ibc53/Grey-cheeked_Tit/23.wav,Grey-cheeked_Tit,3.0,6.0
../ibc53/Grey-cheeked_Tit/23.wav,Grey-cheeked_Tit,6.0,9.0
../ibc53/Grey-cheeked_Tit/23.wav,Grey-cheeked_Tit,9.0,12.0
../ibc53/Grey-cheeked_Tit/23.wav,Grey-cheeked_Tit,12.0,15.0
../ibc53/Grey-cheeked_Tit/23.wav,Grey-cheeked_Tit,15.0,18.0
../ibc53/Grey-cheeked_Tit/23.wav,Grey-cheeked_Tit,18.0,21.0
../ibc53/Grey-cheeked_Tit/23.wav,Grey-cheeked_Tit,21.0,24.0
../ibc53/Grey-cheeked_Tit/23.wav,Grey-cheeked_Tit,24.0,27.0
../ibc53/Grey-cheeked_Tit/23.wav,Grey-cheeked_Tit,27.0,30.0
../ibc53/Grey-cheeked_Tit/23.wav,Grey-cheeked_Tit,30.0,33.0
../ibc53/Grey-cheeked_Tit/23.wav,Grey-cheeked_Tit,33.0,36.0
../ibc53/Grey-cheeked_Tit/23.wav,Grey-cheeked_Tit,36.0,39.0
../ibc53/Grey-cheeked_Tit/23.wav,Grey-cheeked_Tit,39.0,42.0
../ibc53/Grey-throated_Martin/3.wav,Grey-throated_Martin,0,3.0
../ibc53/Grey-throated_Martin/3.wav,Grey-throated_Martin,3.0,6.0
../ibc53/Grey-throated_Martin/3.wav,Grey-throated_Martin,6.0,9.0
../ibc53/Grey-throated_Martin/5.wav,Grey-throated_Martin,0,3.0
../ibc53/Grey-throated_Martin/5.wav,Grey-throated_Martin,3.0,6.0
../ibc53/Grey-throated_Martin/5.wav,Grey-throated_Martin,6.0,9.0
../ibc53/Grey-throated_Martin/5.wav,Grey-throated_Martin,9.0,12.0
../ibc53/Grey-throated_Martin/7.wav,Grey-throated_Martin,0,3.0
../ibc53/Grey-throated_Martin/7.wav,Grey-throated_Martin,3.0,6.0
../ibc53/Grey-throated_Martin/7.wav,Grey-throated_Martin,6.0,9.0
../ibc53/Grey-throated_Martin/7.wav,Grey-throated_Martin,9.0,12.0
../ibc53/Grey-throated_Martin/7.wav,Grey-throated_Martin,12.0,15.0
../ibc53/Grey-throated_Martin/7.wav,Grey-throated_Martin,15.0,18.0
../ibc53/Grey-throated_Martin/7.wav,Grey-throated_Martin,18.0,21.0
../ibc53/Grey-throated_Martin/1.wav,Grey-throated_Martin,0,3.0
../ibc53/Grey-throated_Martin/1.wav,Grey-throated_Martin,3.0,6.0
../ibc53/Grey-throated_Martin/1.wav,Grey-throated_Martin,6.0,9.0
../ibc53/Grey-throated_Martin/1.wav,Grey-throated_Martin,9.0,12.0
../ibc53/Grey-throated_Martin/2.wav,Grey-throated_Martin,0,3.0
../ibc53/Grey-throated_Martin/2.wav,Grey-throated_Martin,3.0,6.0
../ibc53/Grey-throated_Martin/2.wav,Grey-throated_Martin,6.0,9.0
../ibc53/Grey-throated_Martin/4.wav,Grey-throated_Martin,0,3.0
../ibc53/Grey-throated_Martin/4.wav,Grey-throated_Martin,3.0,6.0
../ibc53/Grey-throated_Martin/6.wav,Grey-throated_Martin,0,3.0
../ibc53/Grey-throated_Martin/6.wav,Grey-throated_Martin,3.0,6.0
../ibc53/Grey_Peacock-Pheasant/3.wav,Grey_Peacock-Pheasant,0,3.0
../ibc53/Grey_Peacock-Pheasant/3.wav,Grey_Peacock-Pheasant,3.0,6.0
../ibc53/Grey_Peacock-Pheasant/3.wav,Grey_Peacock-Pheasant,6.0,9.0
../ibc53/Grey_Peacock-Pheasant/3.wav,Grey_Peacock-Pheasant,9.0,12.0
../ibc53/Grey_Peacock-Pheasant/3.wav,Grey_Peacock-Pheasant,12.0,15.0
../ibc53/Grey_Peacock-Pheasant/3.wav,Grey_Peacock-Pheasant,15.0,18.0
../ibc53/Grey_Peacock-Pheasant/3.wav,Grey_Peacock-Pheasant,18.0,21.0
../ibc53/Grey_Peacock-Pheasant/3.wav,Grey_Peacock-Pheasant,21.0,24.0
../ibc53/Grey_Peacock-Pheasant/3.wav,Grey_Peacock-Pheasant,24.0,27.0
../ibc53/Grey_Peacock-Pheasant/3.wav,Grey_Peacock-Pheasant,27.0,30.0
../ibc53/Grey_Peacock-Pheasant/3.wav,Grey_Peacock-Pheasant,30.0,33.0
../ibc53/Grey_Peacock-Pheasant/3.wav,Grey_Peacock-Pheasant,33.0,36.0
../ibc53/Grey_Peacock-Pheasant/3.wav,Grey_Peacock-Pheasant,36.0,39.0
../ibc53/Grey_Peacock-Pheasant/3.wav,Grey_Peacock-Pheasant,39.0,42.0
../ibc53/Grey_Peacock-Pheasant/3.wav,Grey_Peacock-Pheasant,42.0,45.0
../ibc53/Grey_Peacock-Pheasant/3.wav,Grey_Peacock-Pheasant,45.0,48.0
../ibc53/Grey_Peacock-Pheasant/3.wav,Grey_Peacock-Pheasant,48.0,51.0
../ibc53/Grey_Peacock-Pheasant/5.wav,Grey_Peacock-Pheasant,0,3.0
../ibc53/Grey_Peacock-Pheasant/5.wav,Grey_Peacock-Pheasant,3.0,6.0
../ibc53/Grey_Peacock-Pheasant/5.wav,Grey_Peacock-Pheasant,6.0,9.0
../ibc53/Grey_Peacock-Pheasant/5.wav,Grey_Peacock-Pheasant,9.0,12.0
../ibc53/Grey_Peacock-Pheasant/5.wav,Grey_Peacock-Pheasant,12.0,15.0
../ibc53/Grey_Peacock-Pheasant/5.wav,Grey_Peacock-Pheasant,15.0,18.0
../ibc53/Grey_Peacock-Pheasant/5.wav,Grey_Peacock-Pheasant,18.0,21.0
../ibc53/Grey_Peacock-Pheasant/5.wav,Grey_Peacock-Pheasant,21.0,24.0
../ibc53/Grey_Peacock-Pheasant/5.wav,Grey_Peacock-Pheasant,24.0,27.0
../ibc53/Grey_Peacock-Pheasant/7.wav,Grey_Peacock-Pheasant,0,3.0
../ibc53/Grey_Peacock-Pheasant/7.wav,Grey_Peacock-Pheasant,3.0,6.0
../ibc53/Grey_Peacock-Pheasant/7.wav,Grey_Peacock-Pheasant,6.0,9.0
../ibc53/Grey_Peacock-Pheasant/7.wav,Grey_Peacock-Pheasant,9.0,12.0
../ibc53/Grey_Peacock-Pheasant/7.wav,Grey_Peacock-Pheasant,12.0,15.0
../ibc53/Grey_Peacock-Pheasant/7.wav,Grey_Peacock-Pheasant,15.0,18.0
../ibc53/Grey_Peacock-Pheasant/7.wav,Grey_Peacock-Pheasant,18.0,21.0
../ibc53/Grey_Peacock-Pheasant/7.wav,Grey_Peacock-Pheasant,21.0,24.0
../ibc53/Grey_Peacock-Pheasant/7.wav,Grey_Peacock-Pheasant,24.0,27.0
../ibc53/Grey_Peacock-Pheasant/7.wav,Grey_Peacock-Pheasant,27.0,30.0
../ibc53/Grey_Peacock-Pheasant/7.wav,Grey_Peacock-Pheasant,30.0,33.0
../ibc53/Grey_Peacock-Pheasant/7.wav,Grey_Peacock-Pheasant,33.0,36.0
../ibc53/Grey_Peacock-Pheasant/7.wav,Grey_Peacock-Pheasant,36.0,39.0
../ibc53/Grey_Peacock-Pheasant/7.wav,Grey_Peacock-Pheasant,39.0,42.0
../ibc53/Grey_Peacock-Pheasant/7.wav,Grey_Peacock-Pheasant,42.0,45.0
../ibc53/Grey_Peacock-Pheasant/7.wav,Grey_Peacock-Pheasant,45.0,48.0
../ibc53/Grey_Peacock-Pheasant/7.wav,Grey_Peacock-Pheasant,48.0,51.0
../ibc53/Grey_Peacock-Pheasant/8.wav,Grey_Peacock-Pheasant,0,3.0
../ibc53/Grey_Peacock-Pheasant/1.wav,Grey_Peacock-Pheasant,0,3.0
../ibc53/Grey_Peacock-Pheasant/1.wav,Grey_Peacock-Pheasant,3.0,6.0
../ibc53/Grey_Peacock-Pheasant/1.wav,Grey_Peacock-Pheasant,6.0,9.0
../ibc53/Grey_Peacock-Pheasant/1.wav,Grey_Peacock-Pheasant,9.0,12.0
../ibc53/Grey_Peacock-Pheasant/2.wav,Grey_Peacock-Pheasant,0,3.0
../ibc53/Grey_Peacock-Pheasant/2.wav,Grey_Peacock-Pheasant,3.0,6.0
../ibc53/Grey_Peacock-Pheasant/2.wav,Grey_Peacock-Pheasant,6.0,9.0
../ibc53/Grey_Peacock-Pheasant/2.wav,Grey_Peacock-Pheasant,9.0,12.0
../ibc53/Grey_Peacock-Pheasant/2.wav,Grey_Peacock-Pheasant,12.0,15.0
../ibc53/Grey_Peacock-Pheasant/2.wav,Grey_Peacock-Pheasant,15.0,18.0
../ibc53/Grey_Peacock-Pheasant/2.wav,Grey_Peacock-Pheasant,18.0,21.0
../ibc53/Grey_Peacock-Pheasant/2.wav,Grey_Peacock-Pheasant,21.0,24.0
../ibc53/Grey_Peacock-Pheasant/2.wav,Grey_Peacock-Pheasant,24.0,27.0
../ibc53/Grey_Peacock-Pheasant/2.wav,Grey_Peacock-Pheasant,27.0,30.0
../ibc53/Grey_Peacock-Pheasant/2.wav,Grey_Peacock-Pheasant,30.0,33.0
../ibc53/Grey_Peacock-Pheasant/2.wav,Grey_Peacock-Pheasant,33.0,36.0
../ibc53/Grey_Peacock-Pheasant/4.wav,Grey_Peacock-Pheasant,0,3.0
../ibc53/Grey_Peacock-Pheasant/4.wav,Grey_Peacock-Pheasant,3.0,6.0
../ibc53/Grey_Peacock-Pheasant/4.wav,Grey_Peacock-Pheasant,6.0,9.0
../ibc53/Grey_Peacock-Pheasant/4.wav,Grey_Peacock-Pheasant,9.0,12.0
../ibc53/Grey_Peacock-Pheasant/4.wav,Grey_Peacock-Pheasant,12.0,15.0
../ibc53/Grey_Peacock-Pheasant/4.wav,Grey_Peacock-Pheasant,15.0,18.0
../ibc53/Grey_Peacock-Pheasant/4.wav,Grey_Peacock-Pheasant,18.0,21.0
../ibc53/Grey_Peacock-Pheasant/10.wav,Grey_Peacock-Pheasant,0,3.0
../ibc53/Grey_Peacock-Pheasant/10.wav,Grey_Peacock-Pheasant,3.0,6.0
../ibc53/Grey_Peacock-Pheasant/10.wav,Grey_Peacock-Pheasant,6.0,9.0
../ibc53/Grey_Peacock-Pheasant/10.wav,Grey_Peacock-Pheasant,9.0,12.0
../ibc53/Grey_Peacock-Pheasant/10.wav,Grey_Peacock-Pheasant,12.0,15.0
../ibc53/Grey_Peacock-Pheasant/10.wav,Grey_Peacock-Pheasant,15.0,18.0
../ibc53/Grey_Peacock-Pheasant/10.wav,Grey_Peacock-Pheasant,18.0,21.0
../ibc53/Grey_Peacock-Pheasant/9.wav,Grey_Peacock-Pheasant,0,3.0
../ibc53/Grey_Peacock-Pheasant/9.wav,Grey_Peacock-Pheasant,3.0,6.0
../ibc53/Grey_Peacock-Pheasant/9.wav,Grey_Peacock-Pheasant,6.0,9.0
../ibc53/Grey_Peacock-Pheasant/9.wav,Grey_Peacock-Pheasant,9.0,12.0
../ibc53/Grey_Peacock-Pheasant/6.wav,Grey_Peacock-Pheasant,0,3.0
../ibc53/Grey_Peacock-Pheasant/6.wav,Grey_Peacock-Pheasant,3.0,6.0
../ibc53/Grey_Peacock-Pheasant/6.wav,Grey_Peacock-Pheasant,6.0,9.0
../ibc53/Grey_Peacock-Pheasant/6.wav,Grey_Peacock-Pheasant,9.0,12.0
../ibc53/Grey_Peacock-Pheasant/6.wav,Grey_Peacock-Pheasant,12.0,15.0
../ibc53/Grey_Peacock-Pheasant/6.wav,Grey_Peacock-Pheasant,15.0,18.0
../ibc53/Grey_Peacock-Pheasant/6.wav,Grey_Peacock-Pheasant,18.0,21.0
../ibc53/Grey_Peacock-Pheasant/6.wav,Grey_Peacock-Pheasant,21.0,24.0
../ibc53/Grey_Peacock-Pheasant/6.wav,Grey_Peacock-Pheasant,24.0,27.0
../ibc53/Grey_Peacock-Pheasant/6.wav,Grey_Peacock-Pheasant,27.0,30.0
../ibc53/Grey_Peacock-Pheasant/6.wav,Grey_Peacock-Pheasant,30.0,33.0
../ibc53/Grey_Peacock-Pheasant/6.wav,Grey_Peacock-Pheasant,33.0,36.0
../ibc53/Grey_Peacock-Pheasant/6.wav,Grey_Peacock-Pheasant,36.0,39.0
../ibc53/Grey_Peacock-Pheasant/6.wav,Grey_Peacock-Pheasant,39.0,42.0
../ibc53/Grey_Peacock-Pheasant/6.wav,Grey_Peacock-Pheasant,42.0,45.0
../ibc53/Grey_Peacock-Pheasant/6.wav,Grey_Peacock-Pheasant,45.0,48.0
../ibc53/Grey_Peacock-Pheasant/6.wav,Grey_Peacock-Pheasant,48.0,51.0
../ibc53/Grey_Peacock-Pheasant/6.wav,Grey_Peacock-Pheasant,51.0,54.0
../ibc53/Grey_Peacock-Pheasant/6.wav,Grey_Peacock-Pheasant,54.0,57.0
../ibc53/Grey_Peacock-Pheasant/6.wav,Grey_Peacock-Pheasant,57.0,60.0
../ibc53/Grey_Peacock-Pheasant/11.wav,Grey_Peacock-Pheasant,0,3.0
../ibc53/Grey_Peacock-Pheasant/11.wav,Grey_Peacock-Pheasant,3.0,6.0
../ibc53/Grey_Peacock-Pheasant/11.wav,Grey_Peacock-Pheasant,6.0,9.0
../ibc53/Grey_Peacock-Pheasant/11.wav,Grey_Peacock-Pheasant,9.0,12.0
../ibc53/Grey_Peacock-Pheasant/11.wav,Grey_Peacock-Pheasant,12.0,15.0
../ibc53/Grey_Peacock-Pheasant/11.wav,Grey_Peacock-Pheasant,15.0,18.0
../ibc53/Hill_Partridge/15.wav,Hill_Partridge,0,3.0
../ibc53/Hill_Partridge/15.wav,Hill_Partridge,3.0,6.0
../ibc53/Hill_Partridge/15.wav,Hill_Partridge,6.0,9.0
../ibc53/Hill_Partridge/15.wav,Hill_Partridge,9.0,12.0
../ibc53/Hill_Partridge/15.wav,Hill_Partridge,12.0,15.0
../ibc53/Hill_Partridge/15.wav,Hill_Partridge,15.0,18.0
../ibc53/Hill_Partridge/15.wav,Hill_Partridge,18.0,21.0
../ibc53/Hill_Partridge/3.wav,Hill_Partridge,0,3.0
../ibc53/Hill_Partridge/3.wav,Hill_Partridge,3.0,6.0
../ibc53/Hill_Partridge/3.wav,Hill_Partridge,6.0,9.0
../ibc53/Hill_Partridge/3.wav,Hill_Partridge,9.0,12.0
../ibc53/Hill_Partridge/3.wav,Hill_Partridge,12.0,15.0
../ibc53/Hill_Partridge/3.wav,Hill_Partridge,15.0,18.0
../ibc53/Hill_Partridge/3.wav,Hill_Partridge,18.0,21.0
../ibc53/Hill_Partridge/3.wav,Hill_Partridge,21.0,24.0
../ibc53/Hill_Partridge/3.wav,Hill_Partridge,24.0,27.0
../ibc53/Hill_Partridge/3.wav,Hill_Partridge,27.0,30.0
../ibc53/Hill_Partridge/3.wav,Hill_Partridge,30.0,33.0
../ibc53/Hill_Partridge/3.wav,Hill_Partridge,33.0,36.0
../ibc53/Hill_Partridge/3.wav,Hill_Partridge,36.0,39.0
../ibc53/Hill_Partridge/3.wav,Hill_Partridge,39.0,42.0
../ibc53/Hill_Partridge/3.wav,Hill_Partridge,42.0,45.0
../ibc53/Hill_Partridge/3.wav,Hill_Partridge,45.0,48.0
../ibc53/Hill_Partridge/5.wav,Hill_Partridge,0,3.0
../ibc53/Hill_Partridge/5.wav,Hill_Partridge,3.0,6.0
../ibc53/Hill_Partridge/5.wav,Hill_Partridge,6.0,9.0
../ibc53/Hill_Partridge/5.wav,Hill_Partridge,9.0,12.0
../ibc53/Hill_Partridge/5.wav,Hill_Partridge,12.0,15.0
../ibc53/Hill_Partridge/5.wav,Hill_Partridge,15.0,18.0
../ibc53/Hill_Partridge/5.wav,Hill_Partridge,18.0,21.0
../ibc53/Hill_Partridge/5.wav,Hill_Partridge,21.0,24.0
../ibc53/Hill_Partridge/5.wav,Hill_Partridge,24.0,27.0
../ibc53/Hill_Partridge/5.wav,Hill_Partridge,27.0,30.0
../ibc53/Hill_Partridge/5.wav,Hill_Partridge,30.0,33.0
../ibc53/Hill_Partridge/5.wav,Hill_Partridge,33.0,36.0
../ibc53/Hill_Partridge/18.wav,Hill_Partridge,0,3.0
../ibc53/Hill_Partridge/18.wav,Hill_Partridge,3.0,6.0
../ibc53/Hill_Partridge/18.wav,Hill_Partridge,6.0,9.0
../ibc53/Hill_Partridge/18.wav,Hill_Partridge,9.0,12.0
../ibc53/Hill_Partridge/18.wav,Hill_Partridge,12.0,15.0
../ibc53/Hill_Partridge/18.wav,Hill_Partridge,15.0,18.0
../ibc53/Hill_Partridge/18.wav,Hill_Partridge,18.0,21.0
../ibc53/Hill_Partridge/18.wav,Hill_Partridge,21.0,24.0
../ibc53/Hill_Partridge/7.wav,Hill_Partridge,0,3.0
../ibc53/Hill_Partridge/7.wav,Hill_Partridge,3.0,6.0
../ibc53/Hill_Partridge/7.wav,Hill_Partridge,6.0,9.0
../ibc53/Hill_Partridge/7.wav,Hill_Partridge,9.0,12.0
../ibc53/Hill_Partridge/7.wav,Hill_Partridge,12.0,15.0
../ibc53/Hill_Partridge/7.wav,Hill_Partridge,15.0,18.0
../ibc53/Hill_Partridge/7.wav,Hill_Partridge,18.0,21.0
../ibc53/Hill_Partridge/7.wav,Hill_Partridge,21.0,24.0
../ibc53/Hill_Partridge/7.wav,Hill_Partridge,24.0,27.0
../ibc53/Hill_Partridge/7.wav,Hill_Partridge,27.0,30.0
../ibc53/Hill_Partridge/7.wav,Hill_Partridge,30.0,33.0
../ibc53/Hill_Partridge/7.wav,Hill_Partridge,33.0,36.0
../ibc53/Hill_Partridge/8.wav,Hill_Partridge,0,3.0
../ibc53/Hill_Partridge/8.wav,Hill_Partridge,3.0,6.0
../ibc53/Hill_Partridge/8.wav,Hill_Partridge,6.0,9.0
../ibc53/Hill_Partridge/8.wav,Hill_Partridge,9.0,12.0
../ibc53/Hill_Partridge/8.wav,Hill_Partridge,12.0,15.0
../ibc53/Hill_Partridge/8.wav,Hill_Partridge,15.0,18.0
../ibc53/Hill_Partridge/8.wav,Hill_Partridge,18.0,21.0
../ibc53/Hill_Partridge/8.wav,Hill_Partridge,21.0,24.0
../ibc53/Hill_Partridge/8.wav,Hill_Partridge,24.0,27.0
../ibc53/Hill_Partridge/8.wav,Hill_Partridge,27.0,30.0
../ibc53/Hill_Partridge/8.wav,Hill_Partridge,30.0,33.0
../ibc53/Hill_Partridge/8.wav,Hill_Partridge,33.0,36.0
../ibc53/Hill_Partridge/8.wav,Hill_Partridge,36.0,39.0
../ibc53/Hill_Partridge/8.wav,Hill_Partridge,39.0,42.0
../ibc53/Hill_Partridge/8.wav,Hill_Partridge,42.0,45.0
../ibc53/Hill_Partridge/8.wav,Hill_Partridge,45.0,48.0
../ibc53/Hill_Partridge/8.wav,Hill_Partridge,48.0,51.0
../ibc53/Hill_Partridge/8.wav,Hill_Partridge,51.0,54.0
../ibc53/Hill_Partridge/8.wav,Hill_Partridge,54.0,57.0
../ibc53/Hill_Partridge/8.wav,Hill_Partridge,57.0,60.0
../ibc53/Hill_Partridge/8.wav,Hill_Partridge,60.0,63.0
../ibc53/Hill_Partridge/8.wav,Hill_Partridge,63.0,66.0
../ibc53/Hill_Partridge/8.wav,Hill_Partridge,66.0,69.0
../ibc53/Hill_Partridge/8.wav,Hill_Partridge,69.0,72.0
../ibc53/Hill_Partridge/8.wav,Hill_Partridge,72.0,75.0
../ibc53/Hill_Partridge/8.wav,Hill_Partridge,75.0,78.0
../ibc53/Hill_Partridge/8.wav,Hill_Partridge,78.0,81.0
../ibc53/Hill_Partridge/8.wav,Hill_Partridge,81.0,84.0
../ibc53/Hill_Partridge/8.wav,Hill_Partridge,84.0,87.0
../ibc53/Hill_Partridge/8.wav,Hill_Partridge,87.0,90.0
../ibc53/Hill_Partridge/8.wav,Hill_Partridge,90.0,93.0
../ibc53/Hill_Partridge/8.wav,Hill_Partridge,93.0,96.0
../ibc53/Hill_Partridge/8.wav,Hill_Partridge,96.0,99.0
../ibc53/Hill_Partridge/8.wav,Hill_Partridge,99.0,102.0
../ibc53/Hill_Partridge/8.wav,Hill_Partridge,102.0,105.0
../ibc53/Hill_Partridge/8.wav,Hill_Partridge,105.0,108.0
../ibc53/Hill_Partridge/25.wav,Hill_Partridge,0,3.0
../ibc53/Hill_Partridge/25.wav,Hill_Partridge,3.0,6.0
../ibc53/Hill_Partridge/25.wav,Hill_Partridge,6.0,9.0
../ibc53/Hill_Partridge/25.wav,Hill_Partridge,9.0,12.0
../ibc53/Hill_Partridge/25.wav,Hill_Partridge,12.0,15.0
../ibc53/Hill_Partridge/25.wav,Hill_Partridge,15.0,18.0
../ibc53/Hill_Partridge/25.wav,Hill_Partridge,18.0,21.0
../ibc53/Hill_Partridge/25.wav,Hill_Partridge,21.0,24.0
../ibc53/Hill_Partridge/25.wav,Hill_Partridge,24.0,27.0
../ibc53/Hill_Partridge/25.wav,Hill_Partridge,27.0,30.0
../ibc53/Hill_Partridge/25.wav,Hill_Partridge,30.0,33.0
../ibc53/Hill_Partridge/25.wav,Hill_Partridge,33.0,36.0
../ibc53/Hill_Partridge/25.wav,Hill_Partridge,36.0,39.0
../ibc53/Hill_Partridge/25.wav,Hill_Partridge,39.0,42.0
../ibc53/Hill_Partridge/24.wav,Hill_Partridge,0,3.0
../ibc53/Hill_Partridge/24.wav,Hill_Partridge,3.0,6.0
../ibc53/Hill_Partridge/24.wav,Hill_Partridge,6.0,9.0
../ibc53/Hill_Partridge/24.wav,Hill_Partridge,9.0,12.0
../ibc53/Hill_Partridge/24.wav,Hill_Partridge,12.0,15.0
../ibc53/Hill_Partridge/24.wav,Hill_Partridge,15.0,18.0
../ibc53/Hill_Partridge/24.wav,Hill_Partridge,18.0,21.0
../ibc53/Hill_Partridge/24.wav,Hill_Partridge,21.0,24.0
../ibc53/Hill_Partridge/24.wav,Hill_Partridge,24.0,27.0
../ibc53/Hill_Partridge/24.wav,Hill_Partridge,27.0,30.0
../ibc53/Hill_Partridge/24.wav,Hill_Partridge,30.0,33.0
../ibc53/Hill_Partridge/24.wav,Hill_Partridge,33.0,36.0
../ibc53/Hill_Partridge/24.wav,Hill_Partridge,36.0,39.0
../ibc53/Hill_Partridge/24.wav,Hill_Partridge,39.0,42.0
../ibc53/Hill_Partridge/24.wav,Hill_Partridge,42.0,45.0
../ibc53/Hill_Partridge/24.wav,Hill_Partridge,45.0,48.0
../ibc53/Hill_Partridge/24.wav,Hill_Partridge,48.0,51.0
../ibc53/Hill_Partridge/24.wav,Hill_Partridge,51.0,54.0
../ibc53/Hill_Partridge/24.wav,Hill_Partridge,54.0,57.0
../ibc53/Hill_Partridge/24.wav,Hill_Partridge,57.0,60.0
../ibc53/Hill_Partridge/24.wav,Hill_Partridge,60.0,63.0
../ibc53/Hill_Partridge/31.wav,Hill_Partridge,0,3.0
../ibc53/Hill_Partridge/31.wav,Hill_Partridge,3.0,6.0
../ibc53/Hill_Partridge/31.wav,Hill_Partridge,6.0,9.0
../ibc53/Hill_Partridge/31.wav,Hill_Partridge,9.0,12.0
../ibc53/Hill_Partridge/31.wav,Hill_Partridge,12.0,15.0
../ibc53/Hill_Partridge/31.wav,Hill_Partridge,15.0,18.0
../ibc53/Hill_Partridge/31.wav,Hill_Partridge,18.0,21.0
../ibc53/Hill_Partridge/31.wav,Hill_Partridge,21.0,24.0
../ibc53/Hill_Partridge/31.wav,Hill_Partridge,24.0,27.0
../ibc53/Hill_Partridge/31.wav,Hill_Partridge,27.0,30.0
../ibc53/Hill_Partridge/31.wav,Hill_Partridge,30.0,33.0
../ibc53/Hill_Partridge/31.wav,Hill_Partridge,33.0,36.0
../ibc53/Hill_Partridge/31.wav,Hill_Partridge,36.0,39.0
../ibc53/Hill_Partridge/31.wav,Hill_Partridge,39.0,42.0
../ibc53/Hill_Partridge/31.wav,Hill_Partridge,42.0,45.0
../ibc53/Hill_Partridge/31.wav,Hill_Partridge,45.0,48.0
../ibc53/Hill_Partridge/31.wav,Hill_Partridge,48.0,51.0
../ibc53/Hill_Partridge/31.wav,Hill_Partridge,51.0,54.0
../ibc53/Hill_Partridge/31.wav,Hill_Partridge,54.0,57.0
../ibc53/Hill_Partridge/31.wav,Hill_Partridge,57.0,60.0
../ibc53/Hill_Partridge/31.wav,Hill_Partridge,60.0,63.0
../ibc53/Hill_Partridge/31.wav,Hill_Partridge,63.0,66.0
../ibc53/Hill_Partridge/31.wav,Hill_Partridge,66.0,69.0
../ibc53/Hill_Partridge/17.wav,Hill_Partridge,0,3.0
../ibc53/Hill_Partridge/17.wav,Hill_Partridge,3.0,6.0
../ibc53/Hill_Partridge/17.wav,Hill_Partridge,6.0,9.0
../ibc53/Hill_Partridge/17.wav,Hill_Partridge,9.0,12.0
../ibc53/Hill_Partridge/17.wav,Hill_Partridge,12.0,15.0
../ibc53/Hill_Partridge/17.wav,Hill_Partridge,15.0,18.0
../ibc53/Hill_Partridge/17.wav,Hill_Partridge,18.0,21.0
../ibc53/Hill_Partridge/17.wav,Hill_Partridge,21.0,24.0
../ibc53/Hill_Partridge/17.wav,Hill_Partridge,24.0,27.0
../ibc53/Hill_Partridge/1.wav,Hill_Partridge,0,3.0
../ibc53/Hill_Partridge/1.wav,Hill_Partridge,3.0,6.0
../ibc53/Hill_Partridge/1.wav,Hill_Partridge,6.0,9.0
../ibc53/Hill_Partridge/1.wav,Hill_Partridge,9.0,12.0
../ibc53/Hill_Partridge/1.wav,Hill_Partridge,12.0,15.0
../ibc53/Hill_Partridge/1.wav,Hill_Partridge,15.0,18.0
../ibc53/Hill_Partridge/1.wav,Hill_Partridge,18.0,21.0
../ibc53/Hill_Partridge/1.wav,Hill_Partridge,21.0,24.0
../ibc53/Hill_Partridge/1.wav,Hill_Partridge,24.0,27.0
../ibc53/Hill_Partridge/1.wav,Hill_Partridge,27.0,30.0
../ibc53/Hill_Partridge/1.wav,Hill_Partridge,30.0,33.0
../ibc53/Hill_Partridge/1.wav,Hill_Partridge,33.0,36.0
../ibc53/Hill_Partridge/1.wav,Hill_Partridge,36.0,39.0
../ibc53/Hill_Partridge/1.wav,Hill_Partridge,39.0,42.0
../ibc53/Hill_Partridge/1.wav,Hill_Partridge,42.0,45.0
../ibc53/Hill_Partridge/1.wav,Hill_Partridge,45.0,48.0
../ibc53/Hill_Partridge/1.wav,Hill_Partridge,48.0,51.0
../ibc53/Hill_Partridge/1.wav,Hill_Partridge,51.0,54.0
../ibc53/Hill_Partridge/1.wav,Hill_Partridge,54.0,57.0
../ibc53/Hill_Partridge/1.wav,Hill_Partridge,57.0,60.0
../ibc53/Hill_Partridge/1.wav,Hill_Partridge,60.0,63.0
../ibc53/Hill_Partridge/33.wav,Hill_Partridge,0,3.0
../ibc53/Hill_Partridge/33.wav,Hill_Partridge,3.0,6.0
../ibc53/Hill_Partridge/33.wav,Hill_Partridge,6.0,9.0
../ibc53/Hill_Partridge/33.wav,Hill_Partridge,9.0,12.0
../ibc53/Hill_Partridge/33.wav,Hill_Partridge,12.0,15.0
../ibc53/Hill_Partridge/33.wav,Hill_Partridge,15.0,18.0
../ibc53/Hill_Partridge/33.wav,Hill_Partridge,18.0,21.0
../ibc53/Hill_Partridge/33.wav,Hill_Partridge,21.0,24.0
../ibc53/Hill_Partridge/33.wav,Hill_Partridge,24.0,27.0
../ibc53/Hill_Partridge/33.wav,Hill_Partridge,27.0,30.0
../ibc53/Hill_Partridge/33.wav,Hill_Partridge,30.0,33.0
../ibc53/Hill_Partridge/33.wav,Hill_Partridge,33.0,36.0
../ibc53/Hill_Partridge/13.wav,Hill_Partridge,0,3.0
../ibc53/Hill_Partridge/13.wav,Hill_Partridge,3.0,6.0
../ibc53/Hill_Partridge/13.wav,Hill_Partridge,6.0,9.0
../ibc53/Hill_Partridge/13.wav,Hill_Partridge,9.0,12.0
../ibc53/Hill_Partridge/13.wav,Hill_Partridge,12.0,15.0
../ibc53/Hill_Partridge/13.wav,Hill_Partridge,15.0,18.0
../ibc53/Hill_Partridge/13.wav,Hill_Partridge,18.0,21.0
../ibc53/Hill_Partridge/13.wav,Hill_Partridge,21.0,24.0
../ibc53/Hill_Partridge/13.wav,Hill_Partridge,24.0,27.0
../ibc53/Hill_Partridge/13.wav,Hill_Partridge,27.0,30.0
../ibc53/Hill_Partridge/13.wav,Hill_Partridge,30.0,33.0
../ibc53/Hill_Partridge/13.wav,Hill_Partridge,33.0,36.0
../ibc53/Hill_Partridge/13.wav,Hill_Partridge,36.0,39.0
../ibc53/Hill_Partridge/13.wav,Hill_Partridge,39.0,42.0
../ibc53/Hill_Partridge/13.wav,Hill_Partridge,42.0,45.0
../ibc53/Hill_Partridge/13.wav,Hill_Partridge,45.0,48.0
../ibc53/Hill_Partridge/13.wav,Hill_Partridge,48.0,51.0
../ibc53/Hill_Partridge/13.wav,Hill_Partridge,51.0,54.0
../ibc53/Hill_Partridge/13.wav,Hill_Partridge,54.0,57.0
../ibc53/Hill_Partridge/13.wav,Hill_Partridge,57.0,60.0
../ibc53/Hill_Partridge/13.wav,Hill_Partridge,60.0,63.0
../ibc53/Hill_Partridge/13.wav,Hill_Partridge,63.0,66.0
../ibc53/Hill_Partridge/13.wav,Hill_Partridge,66.0,69.0
../ibc53/Hill_Partridge/13.wav,Hill_Partridge,69.0,72.0
../ibc53/Hill_Partridge/13.wav,Hill_Partridge,72.0,75.0
../ibc53/Hill_Partridge/13.wav,Hill_Partridge,75.0,78.0
../ibc53/Hill_Partridge/13.wav,Hill_Partridge,78.0,81.0
../ibc53/Hill_Partridge/13.wav,Hill_Partridge,81.0,84.0
../ibc53/Hill_Partridge/13.wav,Hill_Partridge,84.0,87.0
../ibc53/Hill_Partridge/13.wav,Hill_Partridge,87.0,90.0
../ibc53/Hill_Partridge/13.wav,Hill_Partridge,90.0,93.0
../ibc53/Hill_Partridge/13.wav,Hill_Partridge,93.0,96.0
../ibc53/Hill_Partridge/13.wav,Hill_Partridge,96.0,99.0
../ibc53/Hill_Partridge/13.wav,Hill_Partridge,99.0,102.0
../ibc53/Hill_Partridge/13.wav,Hill_Partridge,102.0,105.0
../ibc53/Hill_Partridge/13.wav,Hill_Partridge,105.0,108.0
../ibc53/Hill_Partridge/13.wav,Hill_Partridge,108.0,111.0
../ibc53/Hill_Partridge/13.wav,Hill_Partridge,111.0,114.0
../ibc53/Hill_Partridge/13.wav,Hill_Partridge,114.0,117.0
../ibc53/Hill_Partridge/13.wav,Hill_Partridge,117.0,120.0
../ibc53/Hill_Partridge/13.wav,Hill_Partridge,120.0,123.0
../ibc53/Hill_Partridge/13.wav,Hill_Partridge,123.0,126.0
../ibc53/Hill_Partridge/13.wav,Hill_Partridge,126.0,129.0
../ibc53/Hill_Partridge/13.wav,Hill_Partridge,129.0,132.0
../ibc53/Hill_Partridge/26.wav,Hill_Partridge,0,3.0
../ibc53/Hill_Partridge/26.wav,Hill_Partridge,3.0,6.0
../ibc53/Hill_Partridge/26.wav,Hill_Partridge,6.0,9.0
../ibc53/Hill_Partridge/26.wav,Hill_Partridge,9.0,12.0
../ibc53/Hill_Partridge/26.wav,Hill_Partridge,12.0,15.0
../ibc53/Hill_Partridge/26.wav,Hill_Partridge,15.0,18.0
../ibc53/Hill_Partridge/26.wav,Hill_Partridge,18.0,21.0
../ibc53/Hill_Partridge/26.wav,Hill_Partridge,21.0,24.0
../ibc53/Hill_Partridge/26.wav,Hill_Partridge,24.0,27.0
../ibc53/Hill_Partridge/26.wav,Hill_Partridge,27.0,30.0
../ibc53/Hill_Partridge/26.wav,Hill_Partridge,30.0,33.0
../ibc53/Hill_Partridge/26.wav,Hill_Partridge,33.0,36.0
../ibc53/Hill_Partridge/26.wav,Hill_Partridge,36.0,39.0
../ibc53/Hill_Partridge/26.wav,Hill_Partridge,39.0,42.0
../ibc53/Hill_Partridge/26.wav,Hill_Partridge,42.0,45.0
../ibc53/Hill_Partridge/26.wav,Hill_Partridge,45.0,48.0
../ibc53/Hill_Partridge/26.wav,Hill_Partridge,48.0,51.0
../ibc53/Hill_Partridge/26.wav,Hill_Partridge,51.0,54.0
../ibc53/Hill_Partridge/26.wav,Hill_Partridge,54.0,57.0
../ibc53/Hill_Partridge/26.wav,Hill_Partridge,57.0,60.0
../ibc53/Hill_Partridge/26.wav,Hill_Partridge,60.0,63.0
../ibc53/Hill_Partridge/26.wav,Hill_Partridge,63.0,66.0
../ibc53/Hill_Partridge/26.wav,Hill_Partridge,66.0,69.0
../ibc53/Hill_Partridge/26.wav,Hill_Partridge,69.0,72.0
../ibc53/Hill_Partridge/16.wav,Hill_Partridge,0,3.0
../ibc53/Hill_Partridge/16.wav,Hill_Partridge,3.0,6.0
../ibc53/Hill_Partridge/16.wav,Hill_Partridge,6.0,9.0
../ibc53/Hill_Partridge/16.wav,Hill_Partridge,9.0,12.0
../ibc53/Hill_Partridge/16.wav,Hill_Partridge,12.0,15.0
../ibc53/Hill_Partridge/16.wav,Hill_Partridge,15.0,18.0
../ibc53/Hill_Partridge/20.wav,Hill_Partridge,0,3.0
../ibc53/Hill_Partridge/20.wav,Hill_Partridge,3.0,6.0
../ibc53/Hill_Partridge/20.wav,Hill_Partridge,6.0,9.0
../ibc53/Hill_Partridge/20.wav,Hill_Partridge,9.0,12.0
../ibc53/Hill_Partridge/20.wav,Hill_Partridge,12.0,15.0
../ibc53/Hill_Partridge/20.wav,Hill_Partridge,15.0,18.0
../ibc53/Hill_Partridge/20.wav,Hill_Partridge,18.0,21.0
../ibc53/Hill_Partridge/20.wav,Hill_Partridge,21.0,24.0
../ibc53/Hill_Partridge/20.wav,Hill_Partridge,24.0,27.0
../ibc53/Hill_Partridge/20.wav,Hill_Partridge,27.0,30.0
../ibc53/Hill_Partridge/20.wav,Hill_Partridge,30.0,33.0
../ibc53/Hill_Partridge/20.wav,Hill_Partridge,33.0,36.0
../ibc53/Hill_Partridge/20.wav,Hill_Partridge,36.0,39.0
../ibc53/Hill_Partridge/20.wav,Hill_Partridge,39.0,42.0
../ibc53/Hill_Partridge/20.wav,Hill_Partridge,42.0,45.0
../ibc53/Hill_Partridge/20.wav,Hill_Partridge,45.0,48.0
../ibc53/Hill_Partridge/20.wav,Hill_Partridge,48.0,51.0
../ibc53/Hill_Partridge/20.wav,Hill_Partridge,51.0,54.0
../ibc53/Hill_Partridge/28.wav,Hill_Partridge,0,3.0
../ibc53/Hill_Partridge/28.wav,Hill_Partridge,3.0,6.0
../ibc53/Hill_Partridge/28.wav,Hill_Partridge,6.0,9.0
../ibc53/Hill_Partridge/28.wav,Hill_Partridge,9.0,12.0
../ibc53/Hill_Partridge/28.wav,Hill_Partridge,12.0,15.0
../ibc53/Hill_Partridge/28.wav,Hill_Partridge,15.0,18.0
../ibc53/Hill_Partridge/28.wav,Hill_Partridge,18.0,21.0
../ibc53/Hill_Partridge/28.wav,Hill_Partridge,21.0,24.0
../ibc53/Hill_Partridge/28.wav,Hill_Partridge,24.0,27.0
../ibc53/Hill_Partridge/28.wav,Hill_Partridge,27.0,30.0
../ibc53/Hill_Partridge/28.wav,Hill_Partridge,30.0,33.0
../ibc53/Hill_Partridge/28.wav,Hill_Partridge,33.0,36.0
../ibc53/Hill_Partridge/28.wav,Hill_Partridge,36.0,39.0
../ibc53/Hill_Partridge/28.wav,Hill_Partridge,39.0,42.0
../ibc53/Hill_Partridge/28.wav,Hill_Partridge,42.0,45.0
../ibc53/Hill_Partridge/28.wav,Hill_Partridge,45.0,48.0
../ibc53/Hill_Partridge/28.wav,Hill_Partridge,48.0,51.0
../ibc53/Hill_Partridge/28.wav,Hill_Partridge,51.0,54.0
../ibc53/Hill_Partridge/28.wav,Hill_Partridge,54.0,57.0
../ibc53/Hill_Partridge/28.wav,Hill_Partridge,57.0,60.0
../ibc53/Hill_Partridge/28.wav,Hill_Partridge,60.0,63.0
../ibc53/Hill_Partridge/28.wav,Hill_Partridge,63.0,66.0
../ibc53/Hill_Partridge/28.wav,Hill_Partridge,66.0,69.0
../ibc53/Hill_Partridge/28.wav,Hill_Partridge,69.0,72.0
../ibc53/Hill_Partridge/28.wav,Hill_Partridge,72.0,75.0
../ibc53/Hill_Partridge/28.wav,Hill_Partridge,75.0,78.0
../ibc53/Hill_Partridge/28.wav,Hill_Partridge,78.0,81.0
../ibc53/Hill_Partridge/28.wav,Hill_Partridge,81.0,84.0
../ibc53/Hill_Partridge/28.wav,Hill_Partridge,84.0,87.0
../ibc53/Hill_Partridge/28.wav,Hill_Partridge,87.0,90.0
../ibc53/Hill_Partridge/28.wav,Hill_Partridge,90.0,93.0
../ibc53/Hill_Partridge/28.wav,Hill_Partridge,93.0,96.0
../ibc53/Hill_Partridge/28.wav,Hill_Partridge,96.0,99.0
../ibc53/Hill_Partridge/28.wav,Hill_Partridge,99.0,102.0
../ibc53/Hill_Partridge/28.wav,Hill_Partridge,102.0,105.0
../ibc53/Hill_Partridge/28.wav,Hill_Partridge,105.0,108.0
../ibc53/Hill_Partridge/28.wav,Hill_Partridge,108.0,111.0
../ibc53/Hill_Partridge/28.wav,Hill_Partridge,111.0,114.0
../ibc53/Hill_Partridge/28.wav,Hill_Partridge,114.0,117.0
../ibc53/Hill_Partridge/28.wav,Hill_Partridge,117.0,120.0
../ibc53/Hill_Partridge/28.wav,Hill_Partridge,120.0,123.0
../ibc53/Hill_Partridge/28.wav,Hill_Partridge,123.0,126.0
../ibc53/Hill_Partridge/28.wav,Hill_Partridge,126.0,129.0
../ibc53/Hill_Partridge/28.wav,Hill_Partridge,129.0,132.0
../ibc53/Hill_Partridge/28.wav,Hill_Partridge,132.0,135.0
../ibc53/Hill_Partridge/21.wav,Hill_Partridge,0,3.0
../ibc53/Hill_Partridge/21.wav,Hill_Partridge,3.0,6.0
../ibc53/Hill_Partridge/21.wav,Hill_Partridge,6.0,9.0
../ibc53/Hill_Partridge/21.wav,Hill_Partridge,9.0,12.0
../ibc53/Hill_Partridge/21.wav,Hill_Partridge,12.0,15.0
../ibc53/Hill_Partridge/21.wav,Hill_Partridge,15.0,18.0
../ibc53/Hill_Partridge/21.wav,Hill_Partridge,18.0,21.0
../ibc53/Hill_Partridge/12.wav,Hill_Partridge,0,3.0
../ibc53/Hill_Partridge/12.wav,Hill_Partridge,3.0,6.0
../ibc53/Hill_Partridge/12.wav,Hill_Partridge,6.0,9.0
../ibc53/Hill_Partridge/12.wav,Hill_Partridge,9.0,12.0
../ibc53/Hill_Partridge/12.wav,Hill_Partridge,12.0,15.0
../ibc53/Hill_Partridge/12.wav,Hill_Partridge,15.0,18.0
../ibc53/Hill_Partridge/12.wav,Hill_Partridge,18.0,21.0
../ibc53/Hill_Partridge/12.wav,Hill_Partridge,21.0,24.0
../ibc53/Hill_Partridge/12.wav,Hill_Partridge,24.0,27.0
../ibc53/Hill_Partridge/12.wav,Hill_Partridge,27.0,30.0
../ibc53/Hill_Partridge/12.wav,Hill_Partridge,30.0,33.0
../ibc53/Hill_Partridge/12.wav,Hill_Partridge,33.0,36.0
../ibc53/Hill_Partridge/12.wav,Hill_Partridge,36.0,39.0
../ibc53/Hill_Partridge/12.wav,Hill_Partridge,39.0,42.0
../ibc53/Hill_Partridge/12.wav,Hill_Partridge,42.0,45.0
../ibc53/Hill_Partridge/12.wav,Hill_Partridge,45.0,48.0
../ibc53/Hill_Partridge/12.wav,Hill_Partridge,48.0,51.0
../ibc53/Hill_Partridge/12.wav,Hill_Partridge,51.0,54.0
../ibc53/Hill_Partridge/12.wav,Hill_Partridge,54.0,57.0
../ibc53/Hill_Partridge/12.wav,Hill_Partridge,57.0,60.0
../ibc53/Hill_Partridge/12.wav,Hill_Partridge,60.0,63.0
../ibc53/Hill_Partridge/12.wav,Hill_Partridge,63.0,66.0
../ibc53/Hill_Partridge/12.wav,Hill_Partridge,66.0,69.0
../ibc53/Hill_Partridge/2.wav,Hill_Partridge,0,3.0
../ibc53/Hill_Partridge/2.wav,Hill_Partridge,3.0,6.0
../ibc53/Hill_Partridge/2.wav,Hill_Partridge,6.0,9.0
../ibc53/Hill_Partridge/2.wav,Hill_Partridge,9.0,12.0
../ibc53/Hill_Partridge/2.wav,Hill_Partridge,12.0,15.0
../ibc53/Hill_Partridge/2.wav,Hill_Partridge,15.0,18.0
../ibc53/Hill_Partridge/2.wav,Hill_Partridge,18.0,21.0
../ibc53/Hill_Partridge/2.wav,Hill_Partridge,21.0,24.0
../ibc53/Hill_Partridge/2.wav,Hill_Partridge,24.0,27.0
../ibc53/Hill_Partridge/2.wav,Hill_Partridge,27.0,30.0
../ibc53/Hill_Partridge/2.wav,Hill_Partridge,30.0,33.0
../ibc53/Hill_Partridge/2.wav,Hill_Partridge,33.0,36.0
../ibc53/Hill_Partridge/2.wav,Hill_Partridge,36.0,39.0
../ibc53/Hill_Partridge/2.wav,Hill_Partridge,39.0,42.0
../ibc53/Hill_Partridge/2.wav,Hill_Partridge,42.0,45.0
../ibc53/Hill_Partridge/2.wav,Hill_Partridge,45.0,48.0
../ibc53/Hill_Partridge/2.wav,Hill_Partridge,48.0,51.0
../ibc53/Hill_Partridge/2.wav,Hill_Partridge,51.0,54.0
../ibc53/Hill_Partridge/2.wav,Hill_Partridge,54.0,57.0
../ibc53/Hill_Partridge/2.wav,Hill_Partridge,57.0,60.0
../ibc53/Hill_Partridge/2.wav,Hill_Partridge,60.0,63.0
../ibc53/Hill_Partridge/2.wav,Hill_Partridge,63.0,66.0
../ibc53/Hill_Partridge/2.wav,Hill_Partridge,66.0,69.0
../ibc53/Hill_Partridge/2.wav,Hill_Partridge,69.0,72.0
../ibc53/Hill_Partridge/2.wav,Hill_Partridge,72.0,75.0
../ibc53/Hill_Partridge/2.wav,Hill_Partridge,75.0,78.0
../ibc53/Hill_Partridge/2.wav,Hill_Partridge,78.0,81.0
../ibc53/Hill_Partridge/2.wav,Hill_Partridge,81.0,84.0
../ibc53/Hill_Partridge/2.wav,Hill_Partridge,84.0,87.0
../ibc53/Hill_Partridge/2.wav,Hill_Partridge,87.0,90.0
../ibc53/Hill_Partridge/2.wav,Hill_Partridge,90.0,93.0
../ibc53/Hill_Partridge/2.wav,Hill_Partridge,93.0,96.0
../ibc53/Hill_Partridge/2.wav,Hill_Partridge,96.0,99.0
../ibc53/Hill_Partridge/2.wav,Hill_Partridge,99.0,102.0
../ibc53/Hill_Partridge/2.wav,Hill_Partridge,102.0,105.0
../ibc53/Hill_Partridge/2.wav,Hill_Partridge,105.0,108.0
../ibc53/Hill_Partridge/2.wav,Hill_Partridge,108.0,111.0
../ibc53/Hill_Partridge/2.wav,Hill_Partridge,111.0,114.0
../ibc53/Hill_Partridge/2.wav,Hill_Partridge,114.0,117.0
../ibc53/Hill_Partridge/2.wav,Hill_Partridge,117.0,120.0
../ibc53/Hill_Partridge/2.wav,Hill_Partridge,120.0,123.0
../ibc53/Hill_Partridge/4.wav,Hill_Partridge,0,3.0
../ibc53/Hill_Partridge/4.wav,Hill_Partridge,3.0,6.0
../ibc53/Hill_Partridge/4.wav,Hill_Partridge,6.0,9.0
../ibc53/Hill_Partridge/4.wav,Hill_Partridge,9.0,12.0
../ibc53/Hill_Partridge/4.wav,Hill_Partridge,12.0,15.0
../ibc53/Hill_Partridge/4.wav,Hill_Partridge,15.0,18.0
../ibc53/Hill_Partridge/4.wav,Hill_Partridge,18.0,21.0
../ibc53/Hill_Partridge/4.wav,Hill_Partridge,21.0,24.0
../ibc53/Hill_Partridge/4.wav,Hill_Partridge,24.0,27.0
../ibc53/Hill_Partridge/4.wav,Hill_Partridge,27.0,30.0
../ibc53/Hill_Partridge/4.wav,Hill_Partridge,30.0,33.0
../ibc53/Hill_Partridge/4.wav,Hill_Partridge,33.0,36.0
../ibc53/Hill_Partridge/4.wav,Hill_Partridge,36.0,39.0
../ibc53/Hill_Partridge/4.wav,Hill_Partridge,39.0,42.0
../ibc53/Hill_Partridge/4.wav,Hill_Partridge,42.0,45.0
../ibc53/Hill_Partridge/4.wav,Hill_Partridge,45.0,48.0
../ibc53/Hill_Partridge/4.wav,Hill_Partridge,48.0,51.0
../ibc53/Hill_Partridge/4.wav,Hill_Partridge,51.0,54.0
../ibc53/Hill_Partridge/4.wav,Hill_Partridge,54.0,57.0
../ibc53/Hill_Partridge/4.wav,Hill_Partridge,57.0,60.0
../ibc53/Hill_Partridge/4.wav,Hill_Partridge,60.0,63.0
../ibc53/Hill_Partridge/4.wav,Hill_Partridge,63.0,66.0
../ibc53/Hill_Partridge/4.wav,Hill_Partridge,66.0,69.0
../ibc53/Hill_Partridge/4.wav,Hill_Partridge,69.0,72.0
../ibc53/Hill_Partridge/4.wav,Hill_Partridge,72.0,75.0
../ibc53/Hill_Partridge/27.wav,Hill_Partridge,0,3.0
../ibc53/Hill_Partridge/27.wav,Hill_Partridge,3.0,6.0
../ibc53/Hill_Partridge/27.wav,Hill_Partridge,6.0,9.0
../ibc53/Hill_Partridge/27.wav,Hill_Partridge,9.0,12.0
../ibc53/Hill_Partridge/27.wav,Hill_Partridge,12.0,15.0
../ibc53/Hill_Partridge/27.wav,Hill_Partridge,15.0,18.0
../ibc53/Hill_Partridge/27.wav,Hill_Partridge,18.0,21.0
../ibc53/Hill_Partridge/14.wav,Hill_Partridge,0,3.0
../ibc53/Hill_Partridge/14.wav,Hill_Partridge,3.0,6.0
../ibc53/Hill_Partridge/14.wav,Hill_Partridge,6.0,9.0
../ibc53/Hill_Partridge/22.wav,Hill_Partridge,0,3.0
../ibc53/Hill_Partridge/22.wav,Hill_Partridge,3.0,6.0
../ibc53/Hill_Partridge/22.wav,Hill_Partridge,6.0,9.0
../ibc53/Hill_Partridge/22.wav,Hill_Partridge,9.0,12.0
../ibc53/Hill_Partridge/22.wav,Hill_Partridge,12.0,15.0
../ibc53/Hill_Partridge/22.wav,Hill_Partridge,15.0,18.0
../ibc53/Hill_Partridge/22.wav,Hill_Partridge,18.0,21.0
../ibc53/Hill_Partridge/10.wav,Hill_Partridge,0,3.0
../ibc53/Hill_Partridge/10.wav,Hill_Partridge,3.0,6.0
../ibc53/Hill_Partridge/10.wav,Hill_Partridge,6.0,9.0
../ibc53/Hill_Partridge/10.wav,Hill_Partridge,9.0,12.0
../ibc53/Hill_Partridge/10.wav,Hill_Partridge,12.0,15.0
../ibc53/Hill_Partridge/10.wav,Hill_Partridge,15.0,18.0
../ibc53/Hill_Partridge/10.wav,Hill_Partridge,18.0,21.0
../ibc53/Hill_Partridge/10.wav,Hill_Partridge,21.0,24.0
../ibc53/Hill_Partridge/10.wav,Hill_Partridge,24.0,27.0
../ibc53/Hill_Partridge/10.wav,Hill_Partridge,27.0,30.0
../ibc53/Hill_Partridge/10.wav,Hill_Partridge,30.0,33.0
../ibc53/Hill_Partridge/10.wav,Hill_Partridge,33.0,36.0
../ibc53/Hill_Partridge/10.wav,Hill_Partridge,36.0,39.0
../ibc53/Hill_Partridge/10.wav,Hill_Partridge,39.0,42.0
../ibc53/Hill_Partridge/10.wav,Hill_Partridge,42.0,45.0
../ibc53/Hill_Partridge/29.wav,Hill_Partridge,0,3.0
../ibc53/Hill_Partridge/29.wav,Hill_Partridge,3.0,6.0
../ibc53/Hill_Partridge/29.wav,Hill_Partridge,6.0,9.0
../ibc53/Hill_Partridge/29.wav,Hill_Partridge,9.0,12.0
../ibc53/Hill_Partridge/29.wav,Hill_Partridge,12.0,15.0
../ibc53/Hill_Partridge/29.wav,Hill_Partridge,15.0,18.0
../ibc53/Hill_Partridge/29.wav,Hill_Partridge,18.0,21.0
../ibc53/Hill_Partridge/29.wav,Hill_Partridge,21.0,24.0
../ibc53/Hill_Partridge/29.wav,Hill_Partridge,24.0,27.0
../ibc53/Hill_Partridge/29.wav,Hill_Partridge,27.0,30.0
../ibc53/Hill_Partridge/29.wav,Hill_Partridge,30.0,33.0
../ibc53/Hill_Partridge/32.wav,Hill_Partridge,0,3.0
../ibc53/Hill_Partridge/32.wav,Hill_Partridge,3.0,6.0
../ibc53/Hill_Partridge/32.wav,Hill_Partridge,6.0,9.0
../ibc53/Hill_Partridge/32.wav,Hill_Partridge,9.0,12.0
../ibc53/Hill_Partridge/32.wav,Hill_Partridge,12.0,15.0
../ibc53/Hill_Partridge/32.wav,Hill_Partridge,15.0,18.0
../ibc53/Hill_Partridge/32.wav,Hill_Partridge,18.0,21.0
../ibc53/Hill_Partridge/32.wav,Hill_Partridge,21.0,24.0
../ibc53/Hill_Partridge/32.wav,Hill_Partridge,24.0,27.0
../ibc53/Hill_Partridge/32.wav,Hill_Partridge,27.0,30.0
../ibc53/Hill_Partridge/32.wav,Hill_Partridge,30.0,33.0
../ibc53/Hill_Partridge/32.wav,Hill_Partridge,33.0,36.0
../ibc53/Hill_Partridge/32.wav,Hill_Partridge,36.0,39.0
../ibc53/Hill_Partridge/32.wav,Hill_Partridge,39.0,42.0
../ibc53/Hill_Partridge/32.wav,Hill_Partridge,42.0,45.0
../ibc53/Hill_Partridge/32.wav,Hill_Partridge,45.0,48.0
../ibc53/Hill_Partridge/32.wav,Hill_Partridge,48.0,51.0
../ibc53/Hill_Partridge/32.wav,Hill_Partridge,51.0,54.0
../ibc53/Hill_Partridge/32.wav,Hill_Partridge,54.0,57.0
../ibc53/Hill_Partridge/32.wav,Hill_Partridge,57.0,60.0
../ibc53/Hill_Partridge/32.wav,Hill_Partridge,60.0,63.0
../ibc53/Hill_Partridge/32.wav,Hill_Partridge,63.0,66.0
../ibc53/Hill_Partridge/32.wav,Hill_Partridge,66.0,69.0
../ibc53/Hill_Partridge/32.wav,Hill_Partridge,69.0,72.0
../ibc53/Hill_Partridge/32.wav,Hill_Partridge,72.0,75.0
../ibc53/Hill_Partridge/32.wav,Hill_Partridge,75.0,78.0
../ibc53/Hill_Partridge/30.wav,Hill_Partridge,0,3.0
../ibc53/Hill_Partridge/30.wav,Hill_Partridge,3.0,6.0
../ibc53/Hill_Partridge/30.wav,Hill_Partridge,6.0,9.0
../ibc53/Hill_Partridge/30.wav,Hill_Partridge,9.0,12.0
../ibc53/Hill_Partridge/30.wav,Hill_Partridge,12.0,15.0
../ibc53/Hill_Partridge/19.wav,Hill_Partridge,0,3.0
../ibc53/Hill_Partridge/19.wav,Hill_Partridge,3.0,6.0
../ibc53/Hill_Partridge/19.wav,Hill_Partridge,6.0,9.0
../ibc53/Hill_Partridge/19.wav,Hill_Partridge,9.0,12.0
../ibc53/Hill_Partridge/19.wav,Hill_Partridge,12.0,15.0
../ibc53/Hill_Partridge/19.wav,Hill_Partridge,15.0,18.0
../ibc53/Hill_Partridge/19.wav,Hill_Partridge,18.0,21.0
../ibc53/Hill_Partridge/19.wav,Hill_Partridge,21.0,24.0
../ibc53/Hill_Partridge/9.wav,Hill_Partridge,0,3.0
../ibc53/Hill_Partridge/9.wav,Hill_Partridge,3.0,6.0
../ibc53/Hill_Partridge/9.wav,Hill_Partridge,6.0,9.0
../ibc53/Hill_Partridge/9.wav,Hill_Partridge,9.0,12.0
../ibc53/Hill_Partridge/9.wav,Hill_Partridge,12.0,15.0
../ibc53/Hill_Partridge/9.wav,Hill_Partridge,15.0,18.0
../ibc53/Hill_Partridge/9.wav,Hill_Partridge,18.0,21.0
../ibc53/Hill_Partridge/9.wav,Hill_Partridge,21.0,24.0
../ibc53/Hill_Partridge/9.wav,Hill_Partridge,24.0,27.0
../ibc53/Hill_Partridge/9.wav,Hill_Partridge,27.0,30.0
../ibc53/Hill_Partridge/9.wav,Hill_Partridge,30.0,33.0
../ibc53/Hill_Partridge/9.wav,Hill_Partridge,33.0,36.0
../ibc53/Hill_Partridge/9.wav,Hill_Partridge,36.0,39.0
../ibc53/Hill_Partridge/9.wav,Hill_Partridge,39.0,42.0
../ibc53/Hill_Partridge/9.wav,Hill_Partridge,42.0,45.0
../ibc53/Hill_Partridge/9.wav,Hill_Partridge,45.0,48.0
../ibc53/Hill_Partridge/9.wav,Hill_Partridge,48.0,51.0
../ibc53/Hill_Partridge/9.wav,Hill_Partridge,51.0,54.0
../ibc53/Hill_Partridge/9.wav,Hill_Partridge,54.0,57.0
../ibc53/Hill_Partridge/9.wav,Hill_Partridge,57.0,60.0
../ibc53/Hill_Partridge/9.wav,Hill_Partridge,60.0,63.0
../ibc53/Hill_Partridge/6.wav,Hill_Partridge,0,3.0
../ibc53/Hill_Partridge/6.wav,Hill_Partridge,3.0,6.0
../ibc53/Hill_Partridge/6.wav,Hill_Partridge,6.0,9.0
../ibc53/Hill_Partridge/6.wav,Hill_Partridge,9.0,12.0
../ibc53/Hill_Partridge/6.wav,Hill_Partridge,12.0,15.0
../ibc53/Hill_Partridge/6.wav,Hill_Partridge,15.0,18.0
../ibc53/Hill_Partridge/6.wav,Hill_Partridge,18.0,21.0
../ibc53/Hill_Partridge/6.wav,Hill_Partridge,21.0,24.0
../ibc53/Hill_Partridge/6.wav,Hill_Partridge,24.0,27.0
../ibc53/Hill_Partridge/6.wav,Hill_Partridge,27.0,30.0
../ibc53/Hill_Partridge/6.wav,Hill_Partridge,30.0,33.0
../ibc53/Hill_Partridge/6.wav,Hill_Partridge,33.0,36.0
../ibc53/Hill_Partridge/6.wav,Hill_Partridge,36.0,39.0
../ibc53/Hill_Partridge/6.wav,Hill_Partridge,39.0,42.0
../ibc53/Hill_Partridge/6.wav,Hill_Partridge,42.0,45.0
../ibc53/Hill_Partridge/6.wav,Hill_Partridge,45.0,48.0
../ibc53/Hill_Partridge/6.wav,Hill_Partridge,48.0,51.0
../ibc53/Hill_Partridge/6.wav,Hill_Partridge,51.0,54.0
../ibc53/Hill_Partridge/6.wav,Hill_Partridge,54.0,57.0
../ibc53/Hill_Partridge/6.wav,Hill_Partridge,57.0,60.0
../ibc53/Hill_Partridge/6.wav,Hill_Partridge,60.0,63.0
../ibc53/Hill_Partridge/6.wav,Hill_Partridge,63.0,66.0
../ibc53/Hill_Partridge/6.wav,Hill_Partridge,66.0,69.0
../ibc53/Hill_Partridge/6.wav,Hill_Partridge,69.0,72.0
../ibc53/Hill_Partridge/6.wav,Hill_Partridge,72.0,75.0
../ibc53/Hill_Partridge/6.wav,Hill_Partridge,75.0,78.0
../ibc53/Hill_Partridge/6.wav,Hill_Partridge,78.0,81.0
../ibc53/Hill_Partridge/6.wav,Hill_Partridge,81.0,84.0
../ibc53/Hill_Partridge/6.wav,Hill_Partridge,84.0,87.0
../ibc53/Hill_Partridge/6.wav,Hill_Partridge,87.0,90.0
../ibc53/Hill_Partridge/6.wav,Hill_Partridge,90.0,93.0
../ibc53/Hill_Partridge/6.wav,Hill_Partridge,93.0,96.0
../ibc53/Hill_Partridge/6.wav,Hill_Partridge,96.0,99.0
../ibc53/Hill_Partridge/11.wav,Hill_Partridge,0,3.0
../ibc53/Hill_Partridge/11.wav,Hill_Partridge,3.0,6.0
../ibc53/Hill_Partridge/11.wav,Hill_Partridge,6.0,9.0
../ibc53/Hill_Partridge/23.wav,Hill_Partridge,0,3.0
../ibc53/Hill_Partridge/23.wav,Hill_Partridge,3.0,6.0
../ibc53/Hill_Partridge/23.wav,Hill_Partridge,6.0,9.0
../ibc53/Hill_Partridge/23.wav,Hill_Partridge,9.0,12.0
../ibc53/Hill_Partridge/23.wav,Hill_Partridge,12.0,15.0
../ibc53/Hill_Partridge/23.wav,Hill_Partridge,15.0,18.0
../ibc53/Hill_Partridge/23.wav,Hill_Partridge,18.0,21.0
../ibc53/Hill_Partridge/23.wav,Hill_Partridge,21.0,24.0
../ibc53/Hill_Partridge/23.wav,Hill_Partridge,24.0,27.0
../ibc53/Humes_Bar-tailed_Scimitar_Babbler/34.wav,Humes_Bar-tailed_Scimitar_Babbler,0,3.0
../ibc53/Humes_Bar-tailed_Scimitar_Babbler/34.wav,Humes_Bar-tailed_Scimitar_Babbler,3.0,6.0
../ibc53/Humes_Bar-tailed_Scimitar_Babbler/34.wav,Humes_Bar-tailed_Scimitar_Babbler,6.0,9.0
../ibc53/Humes_Bar-tailed_Scimitar_Babbler/34.wav,Humes_Bar-tailed_Scimitar_Babbler,9.0,12.0
../ibc53/Humes_Bar-tailed_Scimitar_Babbler/34.wav,Humes_Bar-tailed_Scimitar_Babbler,12.0,15.0
../ibc53/Humes_Bar-tailed_Scimitar_Babbler/34.wav,Humes_Bar-tailed_Scimitar_Babbler,15.0,18.0
../ibc53/Humes_Bar-tailed_Scimitar_Babbler/15.wav,Humes_Bar-tailed_Scimitar_Babbler,0,3.0
../ibc53/Humes_Bar-tailed_Scimitar_Babbler/15.wav,Humes_Bar-tailed_Scimitar_Babbler,3.0,6.0
../ibc53/Humes_Bar-tailed_Scimitar_Babbler/15.wav,Humes_Bar-tailed_Scimitar_Babbler,6.0,9.0
../ibc53/Humes_Bar-tailed_Scimitar_Babbler/15.wav,Humes_Bar-tailed_Scimitar_Babbler,9.0,12.0
../ibc53/Humes_Bar-tailed_Scimitar_Babbler/15.wav,Humes_Bar-tailed_Scimitar_Babbler,12.0,15.0
../ibc53/Humes_Bar-tailed_Scimitar_Babbler/15.wav,Humes_Bar-tailed_Scimitar_Babbler,15.0,18.0
../ibc53/Humes_Bar-tailed_Scimitar_Babbler/15.wav,Humes_Bar-tailed_Scimitar_Babbler,18.0,21.0
../ibc53/Humes_Bar-tailed_Scimitar_Babbler/15.wav,Humes_Bar-tailed_Scimitar_Babbler,21.0,24.0
../ibc53/Humes_Bar-tailed_Scimitar_Babbler/15.wav,Humes_Bar-tailed_Scimitar_Babbler,24.0,27.0
../ibc53/Humes_Bar-tailed_Scimitar_Babbler/15.wav,Humes_Bar-tailed_Scimitar_Babbler,27.0,30.0
../ibc53/Humes_Bar-tailed_Scimitar_Babbler/3.wav,Humes_Bar-tailed_Scimitar_Babbler,0,3.0
../ibc53/Humes_Bar-tailed_Scimitar_Babbler/5.wav,Humes_Bar-tailed_Scimitar_Babbler,0,3.0
../ibc53/Humes_Bar-tailed_Scimitar_Babbler/5.wav,Humes_Bar-tailed_Scimitar_Babbler,3.0,6.0
../ibc53/Humes_Bar-tailed_Scimitar_Babbler/5.wav,Humes_Bar-tailed_Scimitar_Babbler,6.0,9.0
../ibc53/Humes_Bar-tailed_Scimitar_Babbler/5.wav,Humes_Bar-tailed_Scimitar_Babbler,9.0,12.0
../ibc53/Humes_Bar-tailed_Scimitar_Babbler/5.wav,Humes_Bar-tailed_Scimitar_Babbler,12.0,15.0
../ibc53/Humes_Bar-tailed_Scimitar_Babbler/5.wav,Humes_Bar-tailed_Scimitar_Babbler,15.0,18.0
../ibc53/Humes_Bar-tailed_Scimitar_Babbler/5.wav,Humes_Bar-tailed_Scimitar_Babbler,18.0,21.0
../ibc53/Humes_Bar-tailed_Scimitar_Babbler/5.wav,Humes_Bar-tailed_Scimitar_Babbler,21.0,24.0
../ibc53/Humes_Bar-tailed_Scimitar_Babbler/5.wav,Humes_Bar-tailed_Scimitar_Babbler,24.0,27.0
../ibc53/Humes_Bar-tailed_Scimitar_Babbler/18.wav,Humes_Bar-tailed_Scimitar_Babbler,0,3.0
../ibc53/Humes_Bar-tailed_Scimitar_Babbler/18.wav,Humes_Bar-tailed_Scimitar_Babbler,3.0,6.0
../ibc53/Humes_Bar-tailed_Scimitar_Babbler/18.wav,Humes_Bar-tailed_Scimitar_Babbler,6.0,9.0
../ibc53/Humes_Bar-tailed_Scimitar_Babbler/18.wav,Humes_Bar-tailed_Scimitar_Babbler,9.0,12.0
../ibc53/Humes_Bar-tailed_Scimitar_Babbler/18.wav,Humes_Bar-tailed_Scimitar_Babbler,12.0,15.0
../ibc53/Humes_Bar-tailed_Scimitar_Babbler/18.wav,Humes_Bar-tailed_Scimitar_Babbler,15.0,18.0
../ibc53/Humes_Bar-tailed_Scimitar_Babbler/18.wav,Humes_Bar-tailed_Scimitar_Babbler,18.0,21.0
../ibc53/Humes_Bar-tailed_Scimitar_Babbler/18.wav,Humes_Bar-tailed_Scimitar_Babbler,21.0,24.0
../ibc53/Humes_Bar-tailed_Scimitar_Babbler/18.wav,Humes_Bar-tailed_Scimitar_Babbler,24.0,27.0
../ibc53/Humes_Bar-tailed_Scimitar_Babbler/18.wav,Humes_Bar-tailed_Scimitar_Babbler,27.0,30.0
../ibc53/Humes_Bar-tailed_Scimitar_Babbler/18.wav,Humes_Bar-tailed_Scimitar_Babbler,30.0,33.0
../ibc53/Humes_Bar-tailed_Scimitar_Babbler/18.wav,Humes_Bar-tailed_Scimitar_Babbler,33.0,36.0
../ibc53/Humes_Bar-tailed_Scimitar_Babbler/18.wav,Humes_Bar-tailed_Scimitar_Babbler,36.0,39.0
../ibc53/Humes_Bar-tailed_Scimitar_Babbler/18.wav,Humes_Bar-tailed_Scimitar_Babbler,39.0,42.0
../ibc53/Humes_Bar-tailed_Scimitar_Babbler/18.wav,Humes_Bar-tailed_Scimitar_Babbler,42.0,45.0
../ibc53/Humes_Bar-tailed_Scimitar_Babbler/18.wav,Humes_Bar-tailed_Scimitar_Babbler,45.0,48.0
../ibc53/Humes_Bar-tailed_Scimitar_Babbler/7.wav,Humes_Bar-tailed_Scimitar_Babbler,0,3.0
../ibc53/Humes_Bar-tailed_Scimitar_Babbler/7.wav,Humes_Bar-tailed_Scimitar_Babbler,3.0,6.0
../ibc53/Humes_Bar-tailed_Scimitar_Babbler/7.wav,Humes_Bar-tailed_Scimitar_Babbler,6.0,9.0
../ibc53/Humes_Bar-tailed_Scimitar_Babbler/7.wav,Humes_Bar-tailed_Scimitar_Babbler,9.0,12.0
../ibc53/Humes_Bar-tailed_Scimitar_Babbler/7.wav,Humes_Bar-tailed_Scimitar_Babbler,12.0,15.0
../ibc53/Humes_Bar-tailed_Scimitar_Babbler/8.wav,Humes_Bar-tailed_Scimitar_Babbler,0,3.0
../ibc53/Humes_Bar-tailed_Scimitar_Babbler/8.wav,Humes_Bar-tailed_Scimitar_Babbler,3.0,6.0
../ibc53/Humes_Bar-tailed_Scimitar_Babbler/8.wav,Humes_Bar-tailed_Scimitar_Babbler,6.0,9.0
../ibc53/Humes_Bar-tailed_Scimitar_Babbler/25.wav,Humes_Bar-tailed_Scimitar_Babbler,0,3.0
../ibc53/Humes_Bar-tailed_Scimitar_Babbler/24.wav,Humes_Bar-tailed_Scimitar_Babbler,0,3.0
../ibc53/Humes_Bar-tailed_Scimitar_Babbler/31.wav,Humes_Bar-tailed_Scimitar_Babbler,0,3.0
../ibc53/Humes_Bar-tailed_Scimitar_Babbler/31.wav,Humes_Bar-tailed_Scimitar_Babbler,3.0,6.0
../ibc53/Humes_Bar-tailed_Scimitar_Babbler/31.wav,Humes_Bar-tailed_Scimitar_Babbler,6.0,9.0
../ibc53/Humes_Bar-tailed_Scimitar_Babbler/31.wav,Humes_Bar-tailed_Scimitar_Babbler,9.0,12.0
../ibc53/Humes_Bar-tailed_Scimitar_Babbler/31.wav,Humes_Bar-tailed_Scimitar_Babbler,12.0,15.0
../ibc53/Humes_Bar-tailed_Scimitar_Babbler/31.wav,Humes_Bar-tailed_Scimitar_Babbler,15.0,18.0
../ibc53/Humes_Bar-tailed_Scimitar_Babbler/31.wav,Humes_Bar-tailed_Scimitar_Babbler,18.0,21.0
../ibc53/Humes_Bar-tailed_Scimitar_Babbler/31.wav,Humes_Bar-tailed_Scimitar_Babbler,21.0,24.0
../ibc53/Humes_Bar-tailed_Scimitar_Babbler/17.wav,Humes_Bar-tailed_Scimitar_Babbler,0,3.0
../ibc53/Humes_Bar-tailed_Scimitar_Babbler/17.wav,Humes_Bar-tailed_Scimitar_Babbler,3.0,6.0
../ibc53/Humes_Bar-tailed_Scimitar_Babbler/17.wav,Humes_Bar-tailed_Scimitar_Babbler,6.0,9.0
../ibc53/Humes_Bar-tailed_Scimitar_Babbler/1.wav,Humes_Bar-tailed_Scimitar_Babbler,0,3.0
../ibc53/Humes_Bar-tailed_Scimitar_Babbler/1.wav,Humes_Bar-tailed_Scimitar_Babbler,3.0,6.0
../ibc53/Humes_Bar-tailed_Scimitar_Babbler/1.wav,Humes_Bar-tailed_Scimitar_Babbler,6.0,9.0
../ibc53/Humes_Bar-tailed_Scimitar_Babbler/1.wav,Humes_Bar-tailed_Scimitar_Babbler,9.0,12.0
../ibc53/Humes_Bar-tailed_Scimitar_Babbler/1.wav,Humes_Bar-tailed_Scimitar_Babbler,12.0,15.0
../ibc53/Humes_Bar-tailed_Scimitar_Babbler/1.wav,Humes_Bar-tailed_Scimitar_Babbler,15.0,18.0
../ibc53/Humes_Bar-tailed_Scimitar_Babbler/1.wav,Humes_Bar-tailed_Scimitar_Babbler,18.0,21.0
../ibc53/Humes_Bar-tailed_Scimitar_Babbler/1.wav,Humes_Bar-tailed_Scimitar_Babbler,21.0,24.0
../ibc53/Humes_Bar-tailed_Scimitar_Babbler/1.wav,Humes_Bar-tailed_Scimitar_Babbler,24.0,27.0
../ibc53/Humes_Bar-tailed_Scimitar_Babbler/1.wav,Humes_Bar-tailed_Scimitar_Babbler,27.0,30.0
../ibc53/Humes_Bar-tailed_Scimitar_Babbler/1.wav,Humes_Bar-tailed_Scimitar_Babbler,30.0,33.0
../ibc53/Humes_Bar-tailed_Scimitar_Babbler/1.wav,Humes_Bar-tailed_Scimitar_Babbler,33.0,36.0
../ibc53/Humes_Bar-tailed_Scimitar_Babbler/33.wav,Humes_Bar-tailed_Scimitar_Babbler,0,3.0
../ibc53/Humes_Bar-tailed_Scimitar_Babbler/33.wav,Humes_Bar-tailed_Scimitar_Babbler,3.0,6.0
../ibc53/Humes_Bar-tailed_Scimitar_Babbler/33.wav,Humes_Bar-tailed_Scimitar_Babbler,6.0,9.0
../ibc53/Humes_Bar-tailed_Scimitar_Babbler/33.wav,Humes_Bar-tailed_Scimitar_Babbler,9.0,12.0
../ibc53/Humes_Bar-tailed_Scimitar_Babbler/33.wav,Humes_Bar-tailed_Scimitar_Babbler,12.0,15.0
../ibc53/Humes_Bar-tailed_Scimitar_Babbler/33.wav,Humes_Bar-tailed_Scimitar_Babbler,15.0,18.0
../ibc53/Humes_Bar-tailed_Scimitar_Babbler/33.wav,Humes_Bar-tailed_Scimitar_Babbler,18.0,21.0
../ibc53/Humes_Bar-tailed_Scimitar_Babbler/13.wav,Humes_Bar-tailed_Scimitar_Babbler,0,3.0
../ibc53/Humes_Bar-tailed_Scimitar_Babbler/13.wav,Humes_Bar-tailed_Scimitar_Babbler,3.0,6.0
../ibc53/Humes_Bar-tailed_Scimitar_Babbler/13.wav,Humes_Bar-tailed_Scimitar_Babbler,6.0,9.0
../ibc53/Humes_Bar-tailed_Scimitar_Babbler/13.wav,Humes_Bar-tailed_Scimitar_Babbler,9.0,12.0
../ibc53/Humes_Bar-tailed_Scimitar_Babbler/13.wav,Humes_Bar-tailed_Scimitar_Babbler,12.0,15.0
../ibc53/Humes_Bar-tailed_Scimitar_Babbler/13.wav,Humes_Bar-tailed_Scimitar_Babbler,15.0,18.0
../ibc53/Humes_Bar-tailed_Scimitar_Babbler/13.wav,Humes_Bar-tailed_Scimitar_Babbler,18.0,21.0
../ibc53/Humes_Bar-tailed_Scimitar_Babbler/26.wav,Humes_Bar-tailed_Scimitar_Babbler,0,3.0
../ibc53/Humes_Bar-tailed_Scimitar_Babbler/26.wav,Humes_Bar-tailed_Scimitar_Babbler,3.0,6.0
../ibc53/Humes_Bar-tailed_Scimitar_Babbler/26.wav,Humes_Bar-tailed_Scimitar_Babbler,6.0,9.0
../ibc53/Humes_Bar-tailed_Scimitar_Babbler/26.wav,Humes_Bar-tailed_Scimitar_Babbler,9.0,12.0
../ibc53/Humes_Bar-tailed_Scimitar_Babbler/26.wav,Humes_Bar-tailed_Scimitar_Babbler,12.0,15.0
../ibc53/Humes_Bar-tailed_Scimitar_Babbler/26.wav,Humes_Bar-tailed_Scimitar_Babbler,15.0,18.0
../ibc53/Humes_Bar-tailed_Scimitar_Babbler/26.wav,Humes_Bar-tailed_Scimitar_Babbler,18.0,21.0
../ibc53/Humes_Bar-tailed_Scimitar_Babbler/26.wav,Humes_Bar-tailed_Scimitar_Babbler,21.0,24.0
../ibc53/Humes_Bar-tailed_Scimitar_Babbler/26.wav,Humes_Bar-tailed_Scimitar_Babbler,24.0,27.0
../ibc53/Humes_Bar-tailed_Scimitar_Babbler/26.wav,Humes_Bar-tailed_Scimitar_Babbler,27.0,30.0
../ibc53/Humes_Bar-tailed_Scimitar_Babbler/26.wav,Humes_Bar-tailed_Scimitar_Babbler,30.0,33.0
../ibc53/Humes_Bar-tailed_Scimitar_Babbler/26.wav,Humes_Bar-tailed_Scimitar_Babbler,33.0,36.0
../ibc53/Humes_Bar-tailed_Scimitar_Babbler/26.wav,Humes_Bar-tailed_Scimitar_Babbler,36.0,39.0
../ibc53/Humes_Bar-tailed_Scimitar_Babbler/26.wav,Humes_Bar-tailed_Scimitar_Babbler,39.0,42.0
../ibc53/Humes_Bar-tailed_Scimitar_Babbler/26.wav,Humes_Bar-tailed_Scimitar_Babbler,42.0,45.0
../ibc53/Humes_Bar-tailed_Scimitar_Babbler/26.wav,Humes_Bar-tailed_Scimitar_Babbler,45.0,48.0
../ibc53/Humes_Bar-tailed_Scimitar_Babbler/26.wav,Humes_Bar-tailed_Scimitar_Babbler,48.0,51.0
../ibc53/Humes_Bar-tailed_Scimitar_Babbler/26.wav,Humes_Bar-tailed_Scimitar_Babbler,51.0,54.0
../ibc53/Humes_Bar-tailed_Scimitar_Babbler/26.wav,Humes_Bar-tailed_Scimitar_Babbler,54.0,57.0
../ibc53/Humes_Bar-tailed_Scimitar_Babbler/16.wav,Humes_Bar-tailed_Scimitar_Babbler,0,3.0
../ibc53/Humes_Bar-tailed_Scimitar_Babbler/16.wav,Humes_Bar-tailed_Scimitar_Babbler,3.0,6.0
../ibc53/Humes_Bar-tailed_Scimitar_Babbler/16.wav,Humes_Bar-tailed_Scimitar_Babbler,6.0,9.0
../ibc53/Humes_Bar-tailed_Scimitar_Babbler/16.wav,Humes_Bar-tailed_Scimitar_Babbler,9.0,12.0
../ibc53/Humes_Bar-tailed_Scimitar_Babbler/16.wav,Humes_Bar-tailed_Scimitar_Babbler,12.0,15.0
../ibc53/Humes_Bar-tailed_Scimitar_Babbler/16.wav,Humes_Bar-tailed_Scimitar_Babbler,15.0,18.0
../ibc53/Humes_Bar-tailed_Scimitar_Babbler/16.wav,Humes_Bar-tailed_Scimitar_Babbler,18.0,21.0
../ibc53/Humes_Bar-tailed_Scimitar_Babbler/16.wav,Humes_Bar-tailed_Scimitar_Babbler,21.0,24.0
../ibc53/Humes_Bar-tailed_Scimitar_Babbler/36.wav,Humes_Bar-tailed_Scimitar_Babbler,0,3.0
../ibc53/Humes_Bar-tailed_Scimitar_Babbler/36.wav,Humes_Bar-tailed_Scimitar_Babbler,3.0,6.0
../ibc53/Humes_Bar-tailed_Scimitar_Babbler/36.wav,Humes_Bar-tailed_Scimitar_Babbler,6.0,9.0
../ibc53/Humes_Bar-tailed_Scimitar_Babbler/36.wav,Humes_Bar-tailed_Scimitar_Babbler,9.0,12.0
../ibc53/Humes_Bar-tailed_Scimitar_Babbler/36.wav,Humes_Bar-tailed_Scimitar_Babbler,12.0,15.0
../ibc53/Humes_Bar-tailed_Scimitar_Babbler/36.wav,Humes_Bar-tailed_Scimitar_Babbler,15.0,18.0
../ibc53/Humes_Bar-tailed_Scimitar_Babbler/36.wav,Humes_Bar-tailed_Scimitar_Babbler,18.0,21.0
../ibc53/Humes_Bar-tailed_Scimitar_Babbler/20.wav,Humes_Bar-tailed_Scimitar_Babbler,0,3.0
../ibc53/Humes_Bar-tailed_Scimitar_Babbler/20.wav,Humes_Bar-tailed_Scimitar_Babbler,3.0,6.0
../ibc53/Humes_Bar-tailed_Scimitar_Babbler/20.wav,Humes_Bar-tailed_Scimitar_Babbler,6.0,9.0
../ibc53/Humes_Bar-tailed_Scimitar_Babbler/20.wav,Humes_Bar-tailed_Scimitar_Babbler,9.0,12.0
../ibc53/Humes_Bar-tailed_Scimitar_Babbler/20.wav,Humes_Bar-tailed_Scimitar_Babbler,12.0,15.0
../ibc53/Humes_Bar-tailed_Scimitar_Babbler/20.wav,Humes_Bar-tailed_Scimitar_Babbler,15.0,18.0
../ibc53/Humes_Bar-tailed_Scimitar_Babbler/20.wav,Humes_Bar-tailed_Scimitar_Babbler,18.0,21.0
../ibc53/Humes_Bar-tailed_Scimitar_Babbler/20.wav,Humes_Bar-tailed_Scimitar_Babbler,21.0,24.0
../ibc53/Humes_Bar-tailed_Scimitar_Babbler/20.wav,Humes_Bar-tailed_Scimitar_Babbler,24.0,27.0
../ibc53/Humes_Bar-tailed_Scimitar_Babbler/20.wav,Humes_Bar-tailed_Scimitar_Babbler,27.0,30.0
../ibc53/Humes_Bar-tailed_Scimitar_Babbler/20.wav,Humes_Bar-tailed_Scimitar_Babbler,30.0,33.0
../ibc53/Humes_Bar-tailed_Scimitar_Babbler/20.wav,Humes_Bar-tailed_Scimitar_Babbler,33.0,36.0
../ibc53/Humes_Bar-tailed_Scimitar_Babbler/20.wav,Humes_Bar-tailed_Scimitar_Babbler,36.0,39.0
../ibc53/Humes_Bar-tailed_Scimitar_Babbler/20.wav,Humes_Bar-tailed_Scimitar_Babbler,39.0,42.0
../ibc53/Humes_Bar-tailed_Scimitar_Babbler/20.wav,Humes_Bar-tailed_Scimitar_Babbler,42.0,45.0
../ibc53/Humes_Bar-tailed_Scimitar_Babbler/20.wav,Humes_Bar-tailed_Scimitar_Babbler,45.0,48.0
../ibc53/Humes_Bar-tailed_Scimitar_Babbler/20.wav,Humes_Bar-tailed_Scimitar_Babbler,48.0,51.0
../ibc53/Humes_Bar-tailed_Scimitar_Babbler/20.wav,Humes_Bar-tailed_Scimitar_Babbler,51.0,54.0
../ibc53/Humes_Bar-tailed_Scimitar_Babbler/20.wav,Humes_Bar-tailed_Scimitar_Babbler,54.0,57.0
../ibc53/Humes_Bar-tailed_Scimitar_Babbler/20.wav,Humes_Bar-tailed_Scimitar_Babbler,57.0,60.0
../ibc53/Humes_Bar-tailed_Scimitar_Babbler/20.wav,Humes_Bar-tailed_Scimitar_Babbler,60.0,63.0
../ibc53/Humes_Bar-tailed_Scimitar_Babbler/20.wav,Humes_Bar-tailed_Scimitar_Babbler,63.0,66.0
../ibc53/Humes_Bar-tailed_Scimitar_Babbler/20.wav,Humes_Bar-tailed_Scimitar_Babbler,66.0,69.0
../ibc53/Humes_Bar-tailed_Scimitar_Babbler/20.wav,Humes_Bar-tailed_Scimitar_Babbler,69.0,72.0
../ibc53/Humes_Bar-tailed_Scimitar_Babbler/20.wav,Humes_Bar-tailed_Scimitar_Babbler,72.0,75.0
../ibc53/Humes_Bar-tailed_Scimitar_Babbler/20.wav,Humes_Bar-tailed_Scimitar_Babbler,75.0,78.0
../ibc53/Humes_Bar-tailed_Scimitar_Babbler/20.wav,Humes_Bar-tailed_Scimitar_Babbler,78.0,81.0
../ibc53/Humes_Bar-tailed_Scimitar_Babbler/20.wav,Humes_Bar-tailed_Scimitar_Babbler,81.0,84.0
../ibc53/Humes_Bar-tailed_Scimitar_Babbler/28.wav,Humes_Bar-tailed_Scimitar_Babbler,0,3.0
../ibc53/Humes_Bar-tailed_Scimitar_Babbler/28.wav,Humes_Bar-tailed_Scimitar_Babbler,3.0,6.0
../ibc53/Humes_Bar-tailed_Scimitar_Babbler/21.wav,Humes_Bar-tailed_Scimitar_Babbler,0,3.0
../ibc53/Humes_Bar-tailed_Scimitar_Babbler/21.wav,Humes_Bar-tailed_Scimitar_Babbler,3.0,6.0
../ibc53/Humes_Bar-tailed_Scimitar_Babbler/21.wav,Humes_Bar-tailed_Scimitar_Babbler,6.0,9.0
../ibc53/Humes_Bar-tailed_Scimitar_Babbler/21.wav,Humes_Bar-tailed_Scimitar_Babbler,9.0,12.0
../ibc53/Humes_Bar-tailed_Scimitar_Babbler/39.wav,Humes_Bar-tailed_Scimitar_Babbler,0,3.0
../ibc53/Humes_Bar-tailed_Scimitar_Babbler/39.wav,Humes_Bar-tailed_Scimitar_Babbler,3.0,6.0
../ibc53/Humes_Bar-tailed_Scimitar_Babbler/39.wav,Humes_Bar-tailed_Scimitar_Babbler,6.0,9.0
../ibc53/Humes_Bar-tailed_Scimitar_Babbler/39.wav,Humes_Bar-tailed_Scimitar_Babbler,9.0,12.0
../ibc53/Humes_Bar-tailed_Scimitar_Babbler/39.wav,Humes_Bar-tailed_Scimitar_Babbler,12.0,15.0
../ibc53/Humes_Bar-tailed_Scimitar_Babbler/39.wav,Humes_Bar-tailed_Scimitar_Babbler,15.0,18.0
../ibc53/Humes_Bar-tailed_Scimitar_Babbler/39.wav,Humes_Bar-tailed_Scimitar_Babbler,18.0,21.0
../ibc53/Humes_Bar-tailed_Scimitar_Babbler/39.wav,Humes_Bar-tailed_Scimitar_Babbler,21.0,24.0
../ibc53/Humes_Bar-tailed_Scimitar_Babbler/39.wav,Humes_Bar-tailed_Scimitar_Babbler,24.0,27.0
../ibc53/Humes_Bar-tailed_Scimitar_Babbler/39.wav,Humes_Bar-tailed_Scimitar_Babbler,27.0,30.0
../ibc53/Humes_Bar-tailed_Scimitar_Babbler/12.wav,Humes_Bar-tailed_Scimitar_Babbler,0,3.0
../ibc53/Humes_Bar-tailed_Scimitar_Babbler/12.wav,Humes_Bar-tailed_Scimitar_Babbler,3.0,6.0
../ibc53/Humes_Bar-tailed_Scimitar_Babbler/12.wav,Humes_Bar-tailed_Scimitar_Babbler,6.0,9.0
../ibc53/Humes_Bar-tailed_Scimitar_Babbler/12.wav,Humes_Bar-tailed_Scimitar_Babbler,9.0,12.0
../ibc53/Humes_Bar-tailed_Scimitar_Babbler/12.wav,Humes_Bar-tailed_Scimitar_Babbler,12.0,15.0
../ibc53/Humes_Bar-tailed_Scimitar_Babbler/12.wav,Humes_Bar-tailed_Scimitar_Babbler,15.0,18.0
../ibc53/Humes_Bar-tailed_Scimitar_Babbler/12.wav,Humes_Bar-tailed_Scimitar_Babbler,18.0,21.0
../ibc53/Humes_Bar-tailed_Scimitar_Babbler/12.wav,Humes_Bar-tailed_Scimitar_Babbler,21.0,24.0
../ibc53/Humes_Bar-tailed_Scimitar_Babbler/12.wav,Humes_Bar-tailed_Scimitar_Babbler,24.0,27.0
../ibc53/Humes_Bar-tailed_Scimitar_Babbler/12.wav,Humes_Bar-tailed_Scimitar_Babbler,27.0,30.0
../ibc53/Humes_Bar-tailed_Scimitar_Babbler/12.wav,Humes_Bar-tailed_Scimitar_Babbler,30.0,33.0
../ibc53/Humes_Bar-tailed_Scimitar_Babbler/12.wav,Humes_Bar-tailed_Scimitar_Babbler,33.0,36.0
../ibc53/Humes_Bar-tailed_Scimitar_Babbler/12.wav,Humes_Bar-tailed_Scimitar_Babbler,36.0,39.0
../ibc53/Humes_Bar-tailed_Scimitar_Babbler/12.wav,Humes_Bar-tailed_Scimitar_Babbler,39.0,42.0
../ibc53/Humes_Bar-tailed_Scimitar_Babbler/12.wav,Humes_Bar-tailed_Scimitar_Babbler,42.0,45.0
../ibc53/Humes_Bar-tailed_Scimitar_Babbler/12.wav,Humes_Bar-tailed_Scimitar_Babbler,45.0,48.0
../ibc53/Humes_Bar-tailed_Scimitar_Babbler/12.wav,Humes_Bar-tailed_Scimitar_Babbler,48.0,51.0
../ibc53/Humes_Bar-tailed_Scimitar_Babbler/12.wav,Humes_Bar-tailed_Scimitar_Babbler,51.0,54.0
../ibc53/Humes_Bar-tailed_Scimitar_Babbler/12.wav,Humes_Bar-tailed_Scimitar_Babbler,54.0,57.0
../ibc53/Humes_Bar-tailed_Scimitar_Babbler/12.wav,Humes_Bar-tailed_Scimitar_Babbler,57.0,60.0
../ibc53/Humes_Bar-tailed_Scimitar_Babbler/12.wav,Humes_Bar-tailed_Scimitar_Babbler,60.0,63.0
../ibc53/Humes_Bar-tailed_Scimitar_Babbler/12.wav,Humes_Bar-tailed_Scimitar_Babbler,63.0,66.0
../ibc53/Humes_Bar-tailed_Scimitar_Babbler/12.wav,Humes_Bar-tailed_Scimitar_Babbler,66.0,69.0
../ibc53/Humes_Bar-tailed_Scimitar_Babbler/12.wav,Humes_Bar-tailed_Scimitar_Babbler,69.0,72.0
../ibc53/Humes_Bar-tailed_Scimitar_Babbler/12.wav,Humes_Bar-tailed_Scimitar_Babbler,72.0,75.0
../ibc53/Humes_Bar-tailed_Scimitar_Babbler/12.wav,Humes_Bar-tailed_Scimitar_Babbler,75.0,78.0
../ibc53/Humes_Bar-tailed_Scimitar_Babbler/12.wav,Humes_Bar-tailed_Scimitar_Babbler,78.0,81.0
../ibc53/Humes_Bar-tailed_Scimitar_Babbler/12.wav,Humes_Bar-tailed_Scimitar_Babbler,81.0,84.0
../ibc53/Humes_Bar-tailed_Scimitar_Babbler/12.wav,Humes_Bar-tailed_Scimitar_Babbler,84.0,87.0
../ibc53/Humes_Bar-tailed_Scimitar_Babbler/2.wav,Humes_Bar-tailed_Scimitar_Babbler,0,3.0
../ibc53/Humes_Bar-tailed_Scimitar_Babbler/2.wav,Humes_Bar-tailed_Scimitar_Babbler,3.0,6.0
../ibc53/Humes_Bar-tailed_Scimitar_Babbler/2.wav,Humes_Bar-tailed_Scimitar_Babbler,6.0,9.0
../ibc53/Humes_Bar-tailed_Scimitar_Babbler/4.wav,Humes_Bar-tailed_Scimitar_Babbler,0,3.0
../ibc53/Humes_Bar-tailed_Scimitar_Babbler/4.wav,Humes_Bar-tailed_Scimitar_Babbler,3.0,6.0
../ibc53/Humes_Bar-tailed_Scimitar_Babbler/4.wav,Humes_Bar-tailed_Scimitar_Babbler,6.0,9.0
../ibc53/Humes_Bar-tailed_Scimitar_Babbler/4.wav,Humes_Bar-tailed_Scimitar_Babbler,9.0,12.0
../ibc53/Humes_Bar-tailed_Scimitar_Babbler/4.wav,Humes_Bar-tailed_Scimitar_Babbler,12.0,15.0
../ibc53/Humes_Bar-tailed_Scimitar_Babbler/4.wav,Humes_Bar-tailed_Scimitar_Babbler,15.0,18.0
../ibc53/Humes_Bar-tailed_Scimitar_Babbler/43.wav,Humes_Bar-tailed_Scimitar_Babbler,0,3.0
../ibc53/Humes_Bar-tailed_Scimitar_Babbler/43.wav,Humes_Bar-tailed_Scimitar_Babbler,3.0,6.0
../ibc53/Humes_Bar-tailed_Scimitar_Babbler/43.wav,Humes_Bar-tailed_Scimitar_Babbler,6.0,9.0
../ibc53/Humes_Bar-tailed_Scimitar_Babbler/43.wav,Humes_Bar-tailed_Scimitar_Babbler,9.0,12.0
../ibc53/Humes_Bar-tailed_Scimitar_Babbler/42.wav,Humes_Bar-tailed_Scimitar_Babbler,0,3.0
../ibc53/Humes_Bar-tailed_Scimitar_Babbler/42.wav,Humes_Bar-tailed_Scimitar_Babbler,3.0,6.0
../ibc53/Humes_Bar-tailed_Scimitar_Babbler/42.wav,Humes_Bar-tailed_Scimitar_Babbler,6.0,9.0
../ibc53/Humes_Bar-tailed_Scimitar_Babbler/42.wav,Humes_Bar-tailed_Scimitar_Babbler,9.0,12.0
../ibc53/Humes_Bar-tailed_Scimitar_Babbler/42.wav,Humes_Bar-tailed_Scimitar_Babbler,12.0,15.0
../ibc53/Humes_Bar-tailed_Scimitar_Babbler/42.wav,Humes_Bar-tailed_Scimitar_Babbler,15.0,18.0
../ibc53/Humes_Bar-tailed_Scimitar_Babbler/42.wav,Humes_Bar-tailed_Scimitar_Babbler,18.0,21.0
../ibc53/Humes_Bar-tailed_Scimitar_Babbler/42.wav,Humes_Bar-tailed_Scimitar_Babbler,21.0,24.0
../ibc53/Humes_Bar-tailed_Scimitar_Babbler/42.wav,Humes_Bar-tailed_Scimitar_Babbler,24.0,27.0
../ibc53/Humes_Bar-tailed_Scimitar_Babbler/27.wav,Humes_Bar-tailed_Scimitar_Babbler,0,3.0
../ibc53/Humes_Bar-tailed_Scimitar_Babbler/27.wav,Humes_Bar-tailed_Scimitar_Babbler,3.0,6.0
../ibc53/Humes_Bar-tailed_Scimitar_Babbler/27.wav,Humes_Bar-tailed_Scimitar_Babbler,6.0,9.0
../ibc53/Humes_Bar-tailed_Scimitar_Babbler/27.wav,Humes_Bar-tailed_Scimitar_Babbler,9.0,12.0
../ibc53/Humes_Bar-tailed_Scimitar_Babbler/27.wav,Humes_Bar-tailed_Scimitar_Babbler,12.0,15.0
../ibc53/Humes_Bar-tailed_Scimitar_Babbler/27.wav,Humes_Bar-tailed_Scimitar_Babbler,15.0,18.0
../ibc53/Humes_Bar-tailed_Scimitar_Babbler/27.wav,Humes_Bar-tailed_Scimitar_Babbler,18.0,21.0
../ibc53/Humes_Bar-tailed_Scimitar_Babbler/27.wav,Humes_Bar-tailed_Scimitar_Babbler,21.0,24.0
../ibc53/Humes_Bar-tailed_Scimitar_Babbler/27.wav,Humes_Bar-tailed_Scimitar_Babbler,24.0,27.0
../ibc53/Humes_Bar-tailed_Scimitar_Babbler/27.wav,Humes_Bar-tailed_Scimitar_Babbler,27.0,30.0
../ibc53/Humes_Bar-tailed_Scimitar_Babbler/27.wav,Humes_Bar-tailed_Scimitar_Babbler,30.0,33.0
../ibc53/Humes_Bar-tailed_Scimitar_Babbler/27.wav,Humes_Bar-tailed_Scimitar_Babbler,33.0,36.0
../ibc53/Humes_Bar-tailed_Scimitar_Babbler/14.wav,Humes_Bar-tailed_Scimitar_Babbler,0,3.0
../ibc53/Humes_Bar-tailed_Scimitar_Babbler/14.wav,Humes_Bar-tailed_Scimitar_Babbler,3.0,6.0
../ibc53/Humes_Bar-tailed_Scimitar_Babbler/14.wav,Humes_Bar-tailed_Scimitar_Babbler,6.0,9.0
../ibc53/Humes_Bar-tailed_Scimitar_Babbler/14.wav,Humes_Bar-tailed_Scimitar_Babbler,9.0,12.0
../ibc53/Humes_Bar-tailed_Scimitar_Babbler/14.wav,Humes_Bar-tailed_Scimitar_Babbler,12.0,15.0
../ibc53/Humes_Bar-tailed_Scimitar_Babbler/14.wav,Humes_Bar-tailed_Scimitar_Babbler,15.0,18.0
../ibc53/Humes_Bar-tailed_Scimitar_Babbler/14.wav,Humes_Bar-tailed_Scimitar_Babbler,18.0,21.0
../ibc53/Humes_Bar-tailed_Scimitar_Babbler/14.wav,Humes_Bar-tailed_Scimitar_Babbler,21.0,24.0
../ibc53/Humes_Bar-tailed_Scimitar_Babbler/37.wav,Humes_Bar-tailed_Scimitar_Babbler,0,3.0
../ibc53/Humes_Bar-tailed_Scimitar_Babbler/37.wav,Humes_Bar-tailed_Scimitar_Babbler,3.0,6.0
../ibc53/Humes_Bar-tailed_Scimitar_Babbler/37.wav,Humes_Bar-tailed_Scimitar_Babbler,6.0,9.0
../ibc53/Humes_Bar-tailed_Scimitar_Babbler/37.wav,Humes_Bar-tailed_Scimitar_Babbler,9.0,12.0
../ibc53/Humes_Bar-tailed_Scimitar_Babbler/37.wav,Humes_Bar-tailed_Scimitar_Babbler,12.0,15.0
../ibc53/Humes_Bar-tailed_Scimitar_Babbler/37.wav,Humes_Bar-tailed_Scimitar_Babbler,15.0,18.0
../ibc53/Humes_Bar-tailed_Scimitar_Babbler/37.wav,Humes_Bar-tailed_Scimitar_Babbler,18.0,21.0
../ibc53/Humes_Bar-tailed_Scimitar_Babbler/37.wav,Humes_Bar-tailed_Scimitar_Babbler,21.0,24.0
../ibc53/Humes_Bar-tailed_Scimitar_Babbler/37.wav,Humes_Bar-tailed_Scimitar_Babbler,24.0,27.0
../ibc53/Humes_Bar-tailed_Scimitar_Babbler/37.wav,Humes_Bar-tailed_Scimitar_Babbler,27.0,30.0
../ibc53/Humes_Bar-tailed_Scimitar_Babbler/37.wav,Humes_Bar-tailed_Scimitar_Babbler,30.0,33.0
../ibc53/Humes_Bar-tailed_Scimitar_Babbler/37.wav,Humes_Bar-tailed_Scimitar_Babbler,33.0,36.0
../ibc53/Humes_Bar-tailed_Scimitar_Babbler/37.wav,Humes_Bar-tailed_Scimitar_Babbler,36.0,39.0
../ibc53/Humes_Bar-tailed_Scimitar_Babbler/37.wav,Humes_Bar-tailed_Scimitar_Babbler,39.0,42.0
../ibc53/Humes_Bar-tailed_Scimitar_Babbler/37.wav,Humes_Bar-tailed_Scimitar_Babbler,42.0,45.0
../ibc53/Humes_Bar-tailed_Scimitar_Babbler/37.wav,Humes_Bar-tailed_Scimitar_Babbler,45.0,48.0
../ibc53/Humes_Bar-tailed_Scimitar_Babbler/37.wav,Humes_Bar-tailed_Scimitar_Babbler,48.0,51.0
../ibc53/Humes_Bar-tailed_Scimitar_Babbler/37.wav,Humes_Bar-tailed_Scimitar_Babbler,51.0,54.0
../ibc53/Humes_Bar-tailed_Scimitar_Babbler/22.wav,Humes_Bar-tailed_Scimitar_Babbler,0,3.0
../ibc53/Humes_Bar-tailed_Scimitar_Babbler/22.wav,Humes_Bar-tailed_Scimitar_Babbler,3.0,6.0
../ibc53/Humes_Bar-tailed_Scimitar_Babbler/22.wav,Humes_Bar-tailed_Scimitar_Babbler,6.0,9.0
../ibc53/Humes_Bar-tailed_Scimitar_Babbler/22.wav,Humes_Bar-tailed_Scimitar_Babbler,9.0,12.0
../ibc53/Humes_Bar-tailed_Scimitar_Babbler/22.wav,Humes_Bar-tailed_Scimitar_Babbler,12.0,15.0
../ibc53/Humes_Bar-tailed_Scimitar_Babbler/22.wav,Humes_Bar-tailed_Scimitar_Babbler,15.0,18.0
../ibc53/Humes_Bar-tailed_Scimitar_Babbler/22.wav,Humes_Bar-tailed_Scimitar_Babbler,18.0,21.0
../ibc53/Humes_Bar-tailed_Scimitar_Babbler/22.wav,Humes_Bar-tailed_Scimitar_Babbler,21.0,24.0
../ibc53/Humes_Bar-tailed_Scimitar_Babbler/22.wav,Humes_Bar-tailed_Scimitar_Babbler,24.0,27.0
../ibc53/Humes_Bar-tailed_Scimitar_Babbler/22.wav,Humes_Bar-tailed_Scimitar_Babbler,27.0,30.0
../ibc53/Humes_Bar-tailed_Scimitar_Babbler/22.wav,Humes_Bar-tailed_Scimitar_Babbler,30.0,33.0
../ibc53/Humes_Bar-tailed_Scimitar_Babbler/22.wav,Humes_Bar-tailed_Scimitar_Babbler,33.0,36.0
../ibc53/Humes_Bar-tailed_Scimitar_Babbler/22.wav,Humes_Bar-tailed_Scimitar_Babbler,36.0,39.0
../ibc53/Humes_Bar-tailed_Scimitar_Babbler/22.wav,Humes_Bar-tailed_Scimitar_Babbler,39.0,42.0
../ibc53/Humes_Bar-tailed_Scimitar_Babbler/22.wav,Humes_Bar-tailed_Scimitar_Babbler,42.0,45.0
../ibc53/Humes_Bar-tailed_Scimitar_Babbler/22.wav,Humes_Bar-tailed_Scimitar_Babbler,45.0,48.0
../ibc53/Humes_Bar-tailed_Scimitar_Babbler/22.wav,Humes_Bar-tailed_Scimitar_Babbler,48.0,51.0
../ibc53/Humes_Bar-tailed_Scimitar_Babbler/22.wav,Humes_Bar-tailed_Scimitar_Babbler,51.0,54.0
../ibc53/Humes_Bar-tailed_Scimitar_Babbler/22.wav,Humes_Bar-tailed_Scimitar_Babbler,54.0,57.0
../ibc53/Humes_Bar-tailed_Scimitar_Babbler/22.wav,Humes_Bar-tailed_Scimitar_Babbler,57.0,60.0
../ibc53/Humes_Bar-tailed_Scimitar_Babbler/22.wav,Humes_Bar-tailed_Scimitar_Babbler,60.0,63.0
../ibc53/Humes_Bar-tailed_Scimitar_Babbler/22.wav,Humes_Bar-tailed_Scimitar_Babbler,63.0,66.0
../ibc53/Humes_Bar-tailed_Scimitar_Babbler/22.wav,Humes_Bar-tailed_Scimitar_Babbler,66.0,69.0
../ibc53/Humes_Bar-tailed_Scimitar_Babbler/22.wav,Humes_Bar-tailed_Scimitar_Babbler,69.0,72.0
../ibc53/Humes_Bar-tailed_Scimitar_Babbler/22.wav,Humes_Bar-tailed_Scimitar_Babbler,72.0,75.0
../ibc53/Humes_Bar-tailed_Scimitar_Babbler/22.wav,Humes_Bar-tailed_Scimitar_Babbler,75.0,78.0
../ibc53/Humes_Bar-tailed_Scimitar_Babbler/22.wav,Humes_Bar-tailed_Scimitar_Babbler,78.0,81.0
../ibc53/Humes_Bar-tailed_Scimitar_Babbler/10.wav,Humes_Bar-tailed_Scimitar_Babbler,0,3.0
../ibc53/Humes_Bar-tailed_Scimitar_Babbler/10.wav,Humes_Bar-tailed_Scimitar_Babbler,3.0,6.0
../ibc53/Humes_Bar-tailed_Scimitar_Babbler/10.wav,Humes_Bar-tailed_Scimitar_Babbler,6.0,9.0
../ibc53/Humes_Bar-tailed_Scimitar_Babbler/10.wav,Humes_Bar-tailed_Scimitar_Babbler,9.0,12.0
../ibc53/Humes_Bar-tailed_Scimitar_Babbler/10.wav,Humes_Bar-tailed_Scimitar_Babbler,12.0,15.0
../ibc53/Humes_Bar-tailed_Scimitar_Babbler/10.wav,Humes_Bar-tailed_Scimitar_Babbler,15.0,18.0
../ibc53/Humes_Bar-tailed_Scimitar_Babbler/10.wav,Humes_Bar-tailed_Scimitar_Babbler,18.0,21.0
../ibc53/Humes_Bar-tailed_Scimitar_Babbler/10.wav,Humes_Bar-tailed_Scimitar_Babbler,21.0,24.0
../ibc53/Humes_Bar-tailed_Scimitar_Babbler/29.wav,Humes_Bar-tailed_Scimitar_Babbler,0,3.0
../ibc53/Humes_Bar-tailed_Scimitar_Babbler/29.wav,Humes_Bar-tailed_Scimitar_Babbler,3.0,6.0
../ibc53/Humes_Bar-tailed_Scimitar_Babbler/29.wav,Humes_Bar-tailed_Scimitar_Babbler,6.0,9.0
../ibc53/Humes_Bar-tailed_Scimitar_Babbler/29.wav,Humes_Bar-tailed_Scimitar_Babbler,9.0,12.0
../ibc53/Humes_Bar-tailed_Scimitar_Babbler/29.wav,Humes_Bar-tailed_Scimitar_Babbler,12.0,15.0
../ibc53/Humes_Bar-tailed_Scimitar_Babbler/29.wav,Humes_Bar-tailed_Scimitar_Babbler,15.0,18.0
../ibc53/Humes_Bar-tailed_Scimitar_Babbler/29.wav,Humes_Bar-tailed_Scimitar_Babbler,18.0,21.0
../ibc53/Humes_Bar-tailed_Scimitar_Babbler/29.wav,Humes_Bar-tailed_Scimitar_Babbler,21.0,24.0
../ibc53/Humes_Bar-tailed_Scimitar_Babbler/29.wav,Humes_Bar-tailed_Scimitar_Babbler,24.0,27.0
../ibc53/Humes_Bar-tailed_Scimitar_Babbler/29.wav,Humes_Bar-tailed_Scimitar_Babbler,27.0,30.0
../ibc53/Humes_Bar-tailed_Scimitar_Babbler/29.wav,Humes_Bar-tailed_Scimitar_Babbler,30.0,33.0
../ibc53/Humes_Bar-tailed_Scimitar_Babbler/29.wav,Humes_Bar-tailed_Scimitar_Babbler,33.0,36.0
../ibc53/Humes_Bar-tailed_Scimitar_Babbler/29.wav,Humes_Bar-tailed_Scimitar_Babbler,36.0,39.0
../ibc53/Humes_Bar-tailed_Scimitar_Babbler/29.wav,Humes_Bar-tailed_Scimitar_Babbler,39.0,42.0
../ibc53/Humes_Bar-tailed_Scimitar_Babbler/41.wav,Humes_Bar-tailed_Scimitar_Babbler,0,3.0
../ibc53/Humes_Bar-tailed_Scimitar_Babbler/41.wav,Humes_Bar-tailed_Scimitar_Babbler,3.0,6.0
../ibc53/Humes_Bar-tailed_Scimitar_Babbler/41.wav,Humes_Bar-tailed_Scimitar_Babbler,6.0,9.0
../ibc53/Humes_Bar-tailed_Scimitar_Babbler/40.wav,Humes_Bar-tailed_Scimitar_Babbler,0,3.0
../ibc53/Humes_Bar-tailed_Scimitar_Babbler/40.wav,Humes_Bar-tailed_Scimitar_Babbler,3.0,6.0
../ibc53/Humes_Bar-tailed_Scimitar_Babbler/40.wav,Humes_Bar-tailed_Scimitar_Babbler,6.0,9.0
../ibc53/Humes_Bar-tailed_Scimitar_Babbler/40.wav,Humes_Bar-tailed_Scimitar_Babbler,9.0,12.0
../ibc53/Humes_Bar-tailed_Scimitar_Babbler/40.wav,Humes_Bar-tailed_Scimitar_Babbler,12.0,15.0
../ibc53/Humes_Bar-tailed_Scimitar_Babbler/40.wav,Humes_Bar-tailed_Scimitar_Babbler,15.0,18.0
../ibc53/Humes_Bar-tailed_Scimitar_Babbler/40.wav,Humes_Bar-tailed_Scimitar_Babbler,18.0,21.0
../ibc53/Humes_Bar-tailed_Scimitar_Babbler/32.wav,Humes_Bar-tailed_Scimitar_Babbler,0,3.0
../ibc53/Humes_Bar-tailed_Scimitar_Babbler/32.wav,Humes_Bar-tailed_Scimitar_Babbler,3.0,6.0
../ibc53/Humes_Bar-tailed_Scimitar_Babbler/32.wav,Humes_Bar-tailed_Scimitar_Babbler,6.0,9.0
../ibc53/Humes_Bar-tailed_Scimitar_Babbler/32.wav,Humes_Bar-tailed_Scimitar_Babbler,9.0,12.0
../ibc53/Humes_Bar-tailed_Scimitar_Babbler/32.wav,Humes_Bar-tailed_Scimitar_Babbler,12.0,15.0
../ibc53/Humes_Bar-tailed_Scimitar_Babbler/32.wav,Humes_Bar-tailed_Scimitar_Babbler,15.0,18.0
../ibc53/Humes_Bar-tailed_Scimitar_Babbler/32.wav,Humes_Bar-tailed_Scimitar_Babbler,18.0,21.0
../ibc53/Humes_Bar-tailed_Scimitar_Babbler/32.wav,Humes_Bar-tailed_Scimitar_Babbler,21.0,24.0
../ibc53/Humes_Bar-tailed_Scimitar_Babbler/32.wav,Humes_Bar-tailed_Scimitar_Babbler,24.0,27.0
../ibc53/Humes_Bar-tailed_Scimitar_Babbler/32.wav,Humes_Bar-tailed_Scimitar_Babbler,27.0,30.0
../ibc53/Humes_Bar-tailed_Scimitar_Babbler/32.wav,Humes_Bar-tailed_Scimitar_Babbler,30.0,33.0
../ibc53/Humes_Bar-tailed_Scimitar_Babbler/32.wav,Humes_Bar-tailed_Scimitar_Babbler,33.0,36.0
../ibc53/Humes_Bar-tailed_Scimitar_Babbler/32.wav,Humes_Bar-tailed_Scimitar_Babbler,36.0,39.0
../ibc53/Humes_Bar-tailed_Scimitar_Babbler/32.wav,Humes_Bar-tailed_Scimitar_Babbler,39.0,42.0
../ibc53/Humes_Bar-tailed_Scimitar_Babbler/30.wav,Humes_Bar-tailed_Scimitar_Babbler,0,3.0
../ibc53/Humes_Bar-tailed_Scimitar_Babbler/30.wav,Humes_Bar-tailed_Scimitar_Babbler,3.0,6.0
../ibc53/Humes_Bar-tailed_Scimitar_Babbler/30.wav,Humes_Bar-tailed_Scimitar_Babbler,6.0,9.0
../ibc53/Humes_Bar-tailed_Scimitar_Babbler/30.wav,Humes_Bar-tailed_Scimitar_Babbler,9.0,12.0
../ibc53/Humes_Bar-tailed_Scimitar_Babbler/30.wav,Humes_Bar-tailed_Scimitar_Babbler,12.0,15.0
../ibc53/Humes_Bar-tailed_Scimitar_Babbler/30.wav,Humes_Bar-tailed_Scimitar_Babbler,15.0,18.0
../ibc53/Humes_Bar-tailed_Scimitar_Babbler/30.wav,Humes_Bar-tailed_Scimitar_Babbler,18.0,21.0
../ibc53/Humes_Bar-tailed_Scimitar_Babbler/30.wav,Humes_Bar-tailed_Scimitar_Babbler,21.0,24.0
../ibc53/Humes_Bar-tailed_Scimitar_Babbler/19.wav,Humes_Bar-tailed_Scimitar_Babbler,0,3.0
../ibc53/Humes_Bar-tailed_Scimitar_Babbler/19.wav,Humes_Bar-tailed_Scimitar_Babbler,3.0,6.0
../ibc53/Humes_Bar-tailed_Scimitar_Babbler/19.wav,Humes_Bar-tailed_Scimitar_Babbler,6.0,9.0
../ibc53/Humes_Bar-tailed_Scimitar_Babbler/19.wav,Humes_Bar-tailed_Scimitar_Babbler,9.0,12.0
../ibc53/Humes_Bar-tailed_Scimitar_Babbler/19.wav,Humes_Bar-tailed_Scimitar_Babbler,12.0,15.0
../ibc53/Humes_Bar-tailed_Scimitar_Babbler/19.wav,Humes_Bar-tailed_Scimitar_Babbler,15.0,18.0
../ibc53/Humes_Bar-tailed_Scimitar_Babbler/19.wav,Humes_Bar-tailed_Scimitar_Babbler,18.0,21.0
../ibc53/Humes_Bar-tailed_Scimitar_Babbler/19.wav,Humes_Bar-tailed_Scimitar_Babbler,21.0,24.0
../ibc53/Humes_Bar-tailed_Scimitar_Babbler/19.wav,Humes_Bar-tailed_Scimitar_Babbler,24.0,27.0
../ibc53/Humes_Bar-tailed_Scimitar_Babbler/19.wav,Humes_Bar-tailed_Scimitar_Babbler,27.0,30.0
../ibc53/Humes_Bar-tailed_Scimitar_Babbler/9.wav,Humes_Bar-tailed_Scimitar_Babbler,0,3.0
../ibc53/Humes_Bar-tailed_Scimitar_Babbler/9.wav,Humes_Bar-tailed_Scimitar_Babbler,3.0,6.0
../ibc53/Humes_Bar-tailed_Scimitar_Babbler/9.wav,Humes_Bar-tailed_Scimitar_Babbler,6.0,9.0
../ibc53/Humes_Bar-tailed_Scimitar_Babbler/9.wav,Humes_Bar-tailed_Scimitar_Babbler,9.0,12.0
../ibc53/Humes_Bar-tailed_Scimitar_Babbler/9.wav,Humes_Bar-tailed_Scimitar_Babbler,12.0,15.0
../ibc53/Humes_Bar-tailed_Scimitar_Babbler/9.wav,Humes_Bar-tailed_Scimitar_Babbler,15.0,18.0
../ibc53/Humes_Bar-tailed_Scimitar_Babbler/6.wav,Humes_Bar-tailed_Scimitar_Babbler,0,3.0
../ibc53/Humes_Bar-tailed_Scimitar_Babbler/6.wav,Humes_Bar-tailed_Scimitar_Babbler,3.0,6.0
../ibc53/Humes_Bar-tailed_Scimitar_Babbler/6.wav,Humes_Bar-tailed_Scimitar_Babbler,6.0,9.0
../ibc53/Humes_Bar-tailed_Scimitar_Babbler/6.wav,Humes_Bar-tailed_Scimitar_Babbler,9.0,12.0
../ibc53/Humes_Bar-tailed_Scimitar_Babbler/6.wav,Humes_Bar-tailed_Scimitar_Babbler,12.0,15.0
../ibc53/Humes_Bar-tailed_Scimitar_Babbler/6.wav,Humes_Bar-tailed_Scimitar_Babbler,15.0,18.0
../ibc53/Humes_Bar-tailed_Scimitar_Babbler/6.wav,Humes_Bar-tailed_Scimitar_Babbler,18.0,21.0
../ibc53/Humes_Bar-tailed_Scimitar_Babbler/6.wav,Humes_Bar-tailed_Scimitar_Babbler,21.0,24.0
../ibc53/Humes_Bar-tailed_Scimitar_Babbler/6.wav,Humes_Bar-tailed_Scimitar_Babbler,24.0,27.0
../ibc53/Humes_Bar-tailed_Scimitar_Babbler/6.wav,Humes_Bar-tailed_Scimitar_Babbler,27.0,30.0
../ibc53/Humes_Bar-tailed_Scimitar_Babbler/6.wav,Humes_Bar-tailed_Scimitar_Babbler,30.0,33.0
../ibc53/Humes_Bar-tailed_Scimitar_Babbler/6.wav,Humes_Bar-tailed_Scimitar_Babbler,33.0,36.0
../ibc53/Humes_Bar-tailed_Scimitar_Babbler/6.wav,Humes_Bar-tailed_Scimitar_Babbler,36.0,39.0
../ibc53/Humes_Bar-tailed_Scimitar_Babbler/6.wav,Humes_Bar-tailed_Scimitar_Babbler,39.0,42.0
../ibc53/Humes_Bar-tailed_Scimitar_Babbler/6.wav,Humes_Bar-tailed_Scimitar_Babbler,42.0,45.0
../ibc53/Humes_Bar-tailed_Scimitar_Babbler/6.wav,Humes_Bar-tailed_Scimitar_Babbler,45.0,48.0
../ibc53/Humes_Bar-tailed_Scimitar_Babbler/11.wav,Humes_Bar-tailed_Scimitar_Babbler,0,3.0
../ibc53/Humes_Bar-tailed_Scimitar_Babbler/11.wav,Humes_Bar-tailed_Scimitar_Babbler,3.0,6.0
../ibc53/Humes_Bar-tailed_Scimitar_Babbler/11.wav,Humes_Bar-tailed_Scimitar_Babbler,6.0,9.0
../ibc53/Humes_Bar-tailed_Scimitar_Babbler/11.wav,Humes_Bar-tailed_Scimitar_Babbler,9.0,12.0
../ibc53/Humes_Bar-tailed_Scimitar_Babbler/11.wav,Humes_Bar-tailed_Scimitar_Babbler,12.0,15.0
../ibc53/Humes_Bar-tailed_Scimitar_Babbler/11.wav,Humes_Bar-tailed_Scimitar_Babbler,15.0,18.0
../ibc53/Humes_Bar-tailed_Scimitar_Babbler/11.wav,Humes_Bar-tailed_Scimitar_Babbler,18.0,21.0
../ibc53/Humes_Bar-tailed_Scimitar_Babbler/11.wav,Humes_Bar-tailed_Scimitar_Babbler,21.0,24.0
../ibc53/Humes_Bar-tailed_Scimitar_Babbler/11.wav,Humes_Bar-tailed_Scimitar_Babbler,24.0,27.0
../ibc53/Humes_Bar-tailed_Scimitar_Babbler/11.wav,Humes_Bar-tailed_Scimitar_Babbler,27.0,30.0
../ibc53/Humes_Bar-tailed_Scimitar_Babbler/11.wav,Humes_Bar-tailed_Scimitar_Babbler,30.0,33.0
../ibc53/Humes_Bar-tailed_Scimitar_Babbler/11.wav,Humes_Bar-tailed_Scimitar_Babbler,33.0,36.0
../ibc53/Humes_Bar-tailed_Scimitar_Babbler/11.wav,Humes_Bar-tailed_Scimitar_Babbler,36.0,39.0
../ibc53/Humes_Bar-tailed_Scimitar_Babbler/11.wav,Humes_Bar-tailed_Scimitar_Babbler,39.0,42.0
../ibc53/Humes_Bar-tailed_Scimitar_Babbler/35.wav,Humes_Bar-tailed_Scimitar_Babbler,0,3.0
../ibc53/Humes_Bar-tailed_Scimitar_Babbler/38.wav,Humes_Bar-tailed_Scimitar_Babbler,0,3.0
../ibc53/Humes_Bar-tailed_Scimitar_Babbler/38.wav,Humes_Bar-tailed_Scimitar_Babbler,3.0,6.0
../ibc53/Humes_Bar-tailed_Scimitar_Babbler/38.wav,Humes_Bar-tailed_Scimitar_Babbler,6.0,9.0
../ibc53/Humes_Bar-tailed_Scimitar_Babbler/38.wav,Humes_Bar-tailed_Scimitar_Babbler,9.0,12.0
../ibc53/Humes_Bar-tailed_Scimitar_Babbler/38.wav,Humes_Bar-tailed_Scimitar_Babbler,12.0,15.0
../ibc53/Humes_Bar-tailed_Scimitar_Babbler/38.wav,Humes_Bar-tailed_Scimitar_Babbler,15.0,18.0
../ibc53/Humes_Bar-tailed_Scimitar_Babbler/38.wav,Humes_Bar-tailed_Scimitar_Babbler,18.0,21.0
../ibc53/Humes_Bar-tailed_Scimitar_Babbler/38.wav,Humes_Bar-tailed_Scimitar_Babbler,21.0,24.0
../ibc53/Humes_Bar-tailed_Scimitar_Babbler/38.wav,Humes_Bar-tailed_Scimitar_Babbler,24.0,27.0
../ibc53/Humes_Bar-tailed_Scimitar_Babbler/38.wav,Humes_Bar-tailed_Scimitar_Babbler,27.0,30.0
../ibc53/Humes_Bar-tailed_Scimitar_Babbler/38.wav,Humes_Bar-tailed_Scimitar_Babbler,30.0,33.0
../ibc53/Humes_Bar-tailed_Scimitar_Babbler/23.wav,Humes_Bar-tailed_Scimitar_Babbler,0,3.0
../ibc53/Humes_Bar-tailed_Scimitar_Babbler/23.wav,Humes_Bar-tailed_Scimitar_Babbler,3.0,6.0
../ibc53/Humes_Bar-tailed_Scimitar_Babbler/23.wav,Humes_Bar-tailed_Scimitar_Babbler,6.0,9.0
../ibc53/Humes_Bar-tailed_Scimitar_Babbler/23.wav,Humes_Bar-tailed_Scimitar_Babbler,9.0,12.0
../ibc53/Humes_Bar-tailed_Scimitar_Babbler/23.wav,Humes_Bar-tailed_Scimitar_Babbler,12.0,15.0
../ibc53/Humes_Bar-tailed_Scimitar_Babbler/23.wav,Humes_Bar-tailed_Scimitar_Babbler,15.0,18.0
../ibc53/Humes_Bar-tailed_Scimitar_Babbler/23.wav,Humes_Bar-tailed_Scimitar_Babbler,18.0,21.0
../ibc53/Humes_Bar-tailed_Scimitar_Babbler/23.wav,Humes_Bar-tailed_Scimitar_Babbler,21.0,24.0
../ibc53/Humes_Bar-tailed_Scimitar_Babbler/23.wav,Humes_Bar-tailed_Scimitar_Babbler,24.0,27.0
../ibc53/Humes_Bar-tailed_Scimitar_Babbler/23.wav,Humes_Bar-tailed_Scimitar_Babbler,27.0,30.0
../ibc53/Humes_Bar-tailed_Scimitar_Babbler/23.wav,Humes_Bar-tailed_Scimitar_Babbler,30.0,33.0
../ibc53/Humes_Bar-tailed_Scimitar_Babbler/23.wav,Humes_Bar-tailed_Scimitar_Babbler,33.0,36.0
../ibc53/Humes_Bar-tailed_Scimitar_Babbler/23.wav,Humes_Bar-tailed_Scimitar_Babbler,36.0,39.0
../ibc53/Humes_Bar-tailed_Scimitar_Babbler/23.wav,Humes_Bar-tailed_Scimitar_Babbler,39.0,42.0
../ibc53/Humes_Bar-tailed_Scimitar_Babbler/23.wav,Humes_Bar-tailed_Scimitar_Babbler,42.0,45.0
../ibc53/Indian_Cuckoo/56.wav,Indian_Cuckoo,0,3.0
../ibc53/Indian_Cuckoo/56.wav,Indian_Cuckoo,3.0,6.0
../ibc53/Indian_Cuckoo/56.wav,Indian_Cuckoo,6.0,9.0
../ibc53/Indian_Cuckoo/56.wav,Indian_Cuckoo,9.0,12.0
../ibc53/Indian_Cuckoo/56.wav,Indian_Cuckoo,12.0,15.0
../ibc53/Indian_Cuckoo/56.wav,Indian_Cuckoo,15.0,18.0
../ibc53/Indian_Cuckoo/56.wav,Indian_Cuckoo,18.0,21.0
../ibc53/Indian_Cuckoo/56.wav,Indian_Cuckoo,21.0,24.0
../ibc53/Indian_Cuckoo/56.wav,Indian_Cuckoo,24.0,27.0
../ibc53/Indian_Cuckoo/34.wav,Indian_Cuckoo,0,3.0
../ibc53/Indian_Cuckoo/34.wav,Indian_Cuckoo,3.0,6.0
../ibc53/Indian_Cuckoo/34.wav,Indian_Cuckoo,6.0,9.0
../ibc53/Indian_Cuckoo/34.wav,Indian_Cuckoo,9.0,12.0
../ibc53/Indian_Cuckoo/34.wav,Indian_Cuckoo,12.0,15.0
../ibc53/Indian_Cuckoo/34.wav,Indian_Cuckoo,15.0,18.0
../ibc53/Indian_Cuckoo/34.wav,Indian_Cuckoo,18.0,21.0
../ibc53/Indian_Cuckoo/34.wav,Indian_Cuckoo,21.0,24.0
../ibc53/Indian_Cuckoo/15.wav,Indian_Cuckoo,0,3.0
../ibc53/Indian_Cuckoo/15.wav,Indian_Cuckoo,3.0,6.0
../ibc53/Indian_Cuckoo/15.wav,Indian_Cuckoo,6.0,9.0
../ibc53/Indian_Cuckoo/3.wav,Indian_Cuckoo,0,3.0
../ibc53/Indian_Cuckoo/3.wav,Indian_Cuckoo,3.0,6.0
../ibc53/Indian_Cuckoo/3.wav,Indian_Cuckoo,6.0,9.0
../ibc53/Indian_Cuckoo/3.wav,Indian_Cuckoo,9.0,12.0
../ibc53/Indian_Cuckoo/3.wav,Indian_Cuckoo,12.0,15.0
../ibc53/Indian_Cuckoo/3.wav,Indian_Cuckoo,15.0,18.0
../ibc53/Indian_Cuckoo/3.wav,Indian_Cuckoo,18.0,21.0
../ibc53/Indian_Cuckoo/3.wav,Indian_Cuckoo,21.0,24.0
../ibc53/Indian_Cuckoo/3.wav,Indian_Cuckoo,24.0,27.0
../ibc53/Indian_Cuckoo/5.wav,Indian_Cuckoo,0,3.0
../ibc53/Indian_Cuckoo/18.wav,Indian_Cuckoo,0,3.0
../ibc53/Indian_Cuckoo/18.wav,Indian_Cuckoo,3.0,6.0
../ibc53/Indian_Cuckoo/18.wav,Indian_Cuckoo,6.0,9.0
../ibc53/Indian_Cuckoo/18.wav,Indian_Cuckoo,9.0,12.0
../ibc53/Indian_Cuckoo/65.wav,Indian_Cuckoo,0,3.0
../ibc53/Indian_Cuckoo/65.wav,Indian_Cuckoo,3.0,6.0
../ibc53/Indian_Cuckoo/65.wav,Indian_Cuckoo,6.0,9.0
../ibc53/Indian_Cuckoo/65.wav,Indian_Cuckoo,9.0,12.0
../ibc53/Indian_Cuckoo/65.wav,Indian_Cuckoo,12.0,15.0
../ibc53/Indian_Cuckoo/65.wav,Indian_Cuckoo,15.0,18.0
../ibc53/Indian_Cuckoo/7.wav,Indian_Cuckoo,0,3.0
../ibc53/Indian_Cuckoo/7.wav,Indian_Cuckoo,3.0,6.0
../ibc53/Indian_Cuckoo/7.wav,Indian_Cuckoo,6.0,9.0
../ibc53/Indian_Cuckoo/7.wav,Indian_Cuckoo,9.0,12.0
../ibc53/Indian_Cuckoo/7.wav,Indian_Cuckoo,12.0,15.0
../ibc53/Indian_Cuckoo/7.wav,Indian_Cuckoo,15.0,18.0
../ibc53/Indian_Cuckoo/7.wav,Indian_Cuckoo,18.0,21.0
../ibc53/Indian_Cuckoo/7.wav,Indian_Cuckoo,21.0,24.0
../ibc53/Indian_Cuckoo/7.wav,Indian_Cuckoo,24.0,27.0
../ibc53/Indian_Cuckoo/7.wav,Indian_Cuckoo,27.0,30.0
../ibc53/Indian_Cuckoo/7.wav,Indian_Cuckoo,30.0,33.0
../ibc53/Indian_Cuckoo/7.wav,Indian_Cuckoo,33.0,36.0
../ibc53/Indian_Cuckoo/7.wav,Indian_Cuckoo,36.0,39.0
../ibc53/Indian_Cuckoo/7.wav,Indian_Cuckoo,39.0,42.0
../ibc53/Indian_Cuckoo/7.wav,Indian_Cuckoo,42.0,45.0
../ibc53/Indian_Cuckoo/59.wav,Indian_Cuckoo,0,3.0
../ibc53/Indian_Cuckoo/59.wav,Indian_Cuckoo,3.0,6.0
../ibc53/Indian_Cuckoo/59.wav,Indian_Cuckoo,6.0,9.0
../ibc53/Indian_Cuckoo/66.wav,Indian_Cuckoo,0,3.0
../ibc53/Indian_Cuckoo/66.wav,Indian_Cuckoo,3.0,6.0
../ibc53/Indian_Cuckoo/66.wav,Indian_Cuckoo,6.0,9.0
../ibc53/Indian_Cuckoo/66.wav,Indian_Cuckoo,9.0,12.0
../ibc53/Indian_Cuckoo/66.wav,Indian_Cuckoo,12.0,15.0
../ibc53/Indian_Cuckoo/66.wav,Indian_Cuckoo,15.0,18.0
../ibc53/Indian_Cuckoo/66.wav,Indian_Cuckoo,18.0,21.0
../ibc53/Indian_Cuckoo/66.wav,Indian_Cuckoo,21.0,24.0
../ibc53/Indian_Cuckoo/66.wav,Indian_Cuckoo,24.0,27.0
../ibc53/Indian_Cuckoo/66.wav,Indian_Cuckoo,27.0,30.0
../ibc53/Indian_Cuckoo/66.wav,Indian_Cuckoo,30.0,33.0
../ibc53/Indian_Cuckoo/66.wav,Indian_Cuckoo,33.0,36.0
../ibc53/Indian_Cuckoo/66.wav,Indian_Cuckoo,36.0,39.0
../ibc53/Indian_Cuckoo/66.wav,Indian_Cuckoo,39.0,42.0
../ibc53/Indian_Cuckoo/66.wav,Indian_Cuckoo,42.0,45.0
../ibc53/Indian_Cuckoo/8.wav,Indian_Cuckoo,0,3.0
../ibc53/Indian_Cuckoo/8.wav,Indian_Cuckoo,3.0,6.0
../ibc53/Indian_Cuckoo/8.wav,Indian_Cuckoo,6.0,9.0
../ibc53/Indian_Cuckoo/8.wav,Indian_Cuckoo,9.0,12.0
../ibc53/Indian_Cuckoo/8.wav,Indian_Cuckoo,12.0,15.0
../ibc53/Indian_Cuckoo/8.wav,Indian_Cuckoo,15.0,18.0
../ibc53/Indian_Cuckoo/8.wav,Indian_Cuckoo,18.0,21.0
../ibc53/Indian_Cuckoo/8.wav,Indian_Cuckoo,21.0,24.0
../ibc53/Indian_Cuckoo/8.wav,Indian_Cuckoo,24.0,27.0
../ibc53/Indian_Cuckoo/8.wav,Indian_Cuckoo,27.0,30.0
../ibc53/Indian_Cuckoo/8.wav,Indian_Cuckoo,30.0,33.0
../ibc53/Indian_Cuckoo/8.wav,Indian_Cuckoo,33.0,36.0
../ibc53/Indian_Cuckoo/8.wav,Indian_Cuckoo,36.0,39.0
../ibc53/Indian_Cuckoo/8.wav,Indian_Cuckoo,39.0,42.0
../ibc53/Indian_Cuckoo/8.wav,Indian_Cuckoo,42.0,45.0
../ibc53/Indian_Cuckoo/8.wav,Indian_Cuckoo,45.0,48.0
../ibc53/Indian_Cuckoo/8.wav,Indian_Cuckoo,48.0,51.0
../ibc53/Indian_Cuckoo/8.wav,Indian_Cuckoo,51.0,54.0
../ibc53/Indian_Cuckoo/8.wav,Indian_Cuckoo,54.0,57.0
../ibc53/Indian_Cuckoo/8.wav,Indian_Cuckoo,57.0,60.0
../ibc53/Indian_Cuckoo/8.wav,Indian_Cuckoo,60.0,63.0
../ibc53/Indian_Cuckoo/8.wav,Indian_Cuckoo,63.0,66.0
../ibc53/Indian_Cuckoo/8.wav,Indian_Cuckoo,66.0,69.0
../ibc53/Indian_Cuckoo/8.wav,Indian_Cuckoo,69.0,72.0
../ibc53/Indian_Cuckoo/8.wav,Indian_Cuckoo,72.0,75.0
../ibc53/Indian_Cuckoo/8.wav,Indian_Cuckoo,75.0,78.0
../ibc53/Indian_Cuckoo/8.wav,Indian_Cuckoo,78.0,81.0
../ibc53/Indian_Cuckoo/8.wav,Indian_Cuckoo,81.0,84.0
../ibc53/Indian_Cuckoo/8.wav,Indian_Cuckoo,84.0,87.0
../ibc53/Indian_Cuckoo/8.wav,Indian_Cuckoo,87.0,90.0
../ibc53/Indian_Cuckoo/8.wav,Indian_Cuckoo,90.0,93.0
../ibc53/Indian_Cuckoo/8.wav,Indian_Cuckoo,93.0,96.0
../ibc53/Indian_Cuckoo/8.wav,Indian_Cuckoo,96.0,99.0
../ibc53/Indian_Cuckoo/8.wav,Indian_Cuckoo,99.0,102.0
../ibc53/Indian_Cuckoo/8.wav,Indian_Cuckoo,102.0,105.0
../ibc53/Indian_Cuckoo/8.wav,Indian_Cuckoo,105.0,108.0
../ibc53/Indian_Cuckoo/8.wav,Indian_Cuckoo,108.0,111.0
../ibc53/Indian_Cuckoo/8.wav,Indian_Cuckoo,111.0,114.0
../ibc53/Indian_Cuckoo/8.wav,Indian_Cuckoo,114.0,117.0
../ibc53/Indian_Cuckoo/8.wav,Indian_Cuckoo,117.0,120.0
../ibc53/Indian_Cuckoo/8.wav,Indian_Cuckoo,120.0,123.0
../ibc53/Indian_Cuckoo/8.wav,Indian_Cuckoo,123.0,126.0
../ibc53/Indian_Cuckoo/8.wav,Indian_Cuckoo,126.0,129.0
../ibc53/Indian_Cuckoo/8.wav,Indian_Cuckoo,129.0,132.0
../ibc53/Indian_Cuckoo/8.wav,Indian_Cuckoo,132.0,135.0
../ibc53/Indian_Cuckoo/8.wav,Indian_Cuckoo,135.0,138.0
../ibc53/Indian_Cuckoo/8.wav,Indian_Cuckoo,138.0,141.0
../ibc53/Indian_Cuckoo/8.wav,Indian_Cuckoo,141.0,144.0
../ibc53/Indian_Cuckoo/8.wav,Indian_Cuckoo,144.0,147.0
../ibc53/Indian_Cuckoo/8.wav,Indian_Cuckoo,147.0,150.0
../ibc53/Indian_Cuckoo/8.wav,Indian_Cuckoo,150.0,153.0
../ibc53/Indian_Cuckoo/8.wav,Indian_Cuckoo,153.0,156.0
../ibc53/Indian_Cuckoo/8.wav,Indian_Cuckoo,156.0,159.0
../ibc53/Indian_Cuckoo/8.wav,Indian_Cuckoo,159.0,162.0
../ibc53/Indian_Cuckoo/8.wav,Indian_Cuckoo,162.0,165.0
../ibc53/Indian_Cuckoo/8.wav,Indian_Cuckoo,165.0,168.0
../ibc53/Indian_Cuckoo/8.wav,Indian_Cuckoo,168.0,171.0
../ibc53/Indian_Cuckoo/8.wav,Indian_Cuckoo,171.0,174.0
../ibc53/Indian_Cuckoo/8.wav,Indian_Cuckoo,174.0,177.0
../ibc53/Indian_Cuckoo/8.wav,Indian_Cuckoo,177.0,180.0
../ibc53/Indian_Cuckoo/8.wav,Indian_Cuckoo,180.0,183.0
../ibc53/Indian_Cuckoo/50.wav,Indian_Cuckoo,0,3.0
../ibc53/Indian_Cuckoo/50.wav,Indian_Cuckoo,3.0,6.0
../ibc53/Indian_Cuckoo/50.wav,Indian_Cuckoo,6.0,9.0
../ibc53/Indian_Cuckoo/50.wav,Indian_Cuckoo,9.0,12.0
../ibc53/Indian_Cuckoo/50.wav,Indian_Cuckoo,12.0,15.0
../ibc53/Indian_Cuckoo/50.wav,Indian_Cuckoo,15.0,18.0
../ibc53/Indian_Cuckoo/63.wav,Indian_Cuckoo,0,3.0
../ibc53/Indian_Cuckoo/63.wav,Indian_Cuckoo,3.0,6.0
../ibc53/Indian_Cuckoo/63.wav,Indian_Cuckoo,6.0,9.0
../ibc53/Indian_Cuckoo/63.wav,Indian_Cuckoo,9.0,12.0
../ibc53/Indian_Cuckoo/63.wav,Indian_Cuckoo,12.0,15.0
../ibc53/Indian_Cuckoo/63.wav,Indian_Cuckoo,15.0,18.0
../ibc53/Indian_Cuckoo/63.wav,Indian_Cuckoo,18.0,21.0
../ibc53/Indian_Cuckoo/63.wav,Indian_Cuckoo,21.0,24.0
../ibc53/Indian_Cuckoo/63.wav,Indian_Cuckoo,24.0,27.0
../ibc53/Indian_Cuckoo/63.wav,Indian_Cuckoo,27.0,30.0
../ibc53/Indian_Cuckoo/63.wav,Indian_Cuckoo,30.0,33.0
../ibc53/Indian_Cuckoo/63.wav,Indian_Cuckoo,33.0,36.0
../ibc53/Indian_Cuckoo/63.wav,Indian_Cuckoo,36.0,39.0
../ibc53/Indian_Cuckoo/63.wav,Indian_Cuckoo,39.0,42.0
../ibc53/Indian_Cuckoo/25.wav,Indian_Cuckoo,0,3.0
../ibc53/Indian_Cuckoo/25.wav,Indian_Cuckoo,3.0,6.0
../ibc53/Indian_Cuckoo/25.wav,Indian_Cuckoo,6.0,9.0
../ibc53/Indian_Cuckoo/24.wav,Indian_Cuckoo,0,3.0
../ibc53/Indian_Cuckoo/24.wav,Indian_Cuckoo,3.0,6.0
../ibc53/Indian_Cuckoo/24.wav,Indian_Cuckoo,6.0,9.0
../ibc53/Indian_Cuckoo/24.wav,Indian_Cuckoo,9.0,12.0
../ibc53/Indian_Cuckoo/24.wav,Indian_Cuckoo,12.0,15.0
../ibc53/Indian_Cuckoo/24.wav,Indian_Cuckoo,15.0,18.0
../ibc53/Indian_Cuckoo/24.wav,Indian_Cuckoo,18.0,21.0
../ibc53/Indian_Cuckoo/24.wav,Indian_Cuckoo,21.0,24.0
../ibc53/Indian_Cuckoo/31.wav,Indian_Cuckoo,0,3.0
../ibc53/Indian_Cuckoo/31.wav,Indian_Cuckoo,3.0,6.0
../ibc53/Indian_Cuckoo/31.wav,Indian_Cuckoo,6.0,9.0
../ibc53/Indian_Cuckoo/31.wav,Indian_Cuckoo,9.0,12.0
../ibc53/Indian_Cuckoo/31.wav,Indian_Cuckoo,12.0,15.0
../ibc53/Indian_Cuckoo/31.wav,Indian_Cuckoo,15.0,18.0
../ibc53/Indian_Cuckoo/31.wav,Indian_Cuckoo,18.0,21.0
../ibc53/Indian_Cuckoo/31.wav,Indian_Cuckoo,21.0,24.0
../ibc53/Indian_Cuckoo/31.wav,Indian_Cuckoo,24.0,27.0
../ibc53/Indian_Cuckoo/31.wav,Indian_Cuckoo,27.0,30.0
../ibc53/Indian_Cuckoo/31.wav,Indian_Cuckoo,30.0,33.0
../ibc53/Indian_Cuckoo/31.wav,Indian_Cuckoo,33.0,36.0
../ibc53/Indian_Cuckoo/31.wav,Indian_Cuckoo,36.0,39.0
../ibc53/Indian_Cuckoo/31.wav,Indian_Cuckoo,39.0,42.0
../ibc53/Indian_Cuckoo/31.wav,Indian_Cuckoo,42.0,45.0
../ibc53/Indian_Cuckoo/31.wav,Indian_Cuckoo,45.0,48.0
../ibc53/Indian_Cuckoo/17.wav,Indian_Cuckoo,0,3.0
../ibc53/Indian_Cuckoo/17.wav,Indian_Cuckoo,3.0,6.0
../ibc53/Indian_Cuckoo/17.wav,Indian_Cuckoo,6.0,9.0
../ibc53/Indian_Cuckoo/17.wav,Indian_Cuckoo,9.0,12.0
../ibc53/Indian_Cuckoo/17.wav,Indian_Cuckoo,12.0,15.0
../ibc53/Indian_Cuckoo/17.wav,Indian_Cuckoo,15.0,18.0
../ibc53/Indian_Cuckoo/17.wav,Indian_Cuckoo,18.0,21.0
../ibc53/Indian_Cuckoo/17.wav,Indian_Cuckoo,21.0,24.0
../ibc53/Indian_Cuckoo/60.wav,Indian_Cuckoo,0,3.0
../ibc53/Indian_Cuckoo/60.wav,Indian_Cuckoo,3.0,6.0
../ibc53/Indian_Cuckoo/60.wav,Indian_Cuckoo,6.0,9.0
../ibc53/Indian_Cuckoo/60.wav,Indian_Cuckoo,9.0,12.0
../ibc53/Indian_Cuckoo/60.wav,Indian_Cuckoo,12.0,15.0
../ibc53/Indian_Cuckoo/60.wav,Indian_Cuckoo,15.0,18.0
../ibc53/Indian_Cuckoo/60.wav,Indian_Cuckoo,18.0,21.0
../ibc53/Indian_Cuckoo/60.wav,Indian_Cuckoo,21.0,24.0
../ibc53/Indian_Cuckoo/60.wav,Indian_Cuckoo,24.0,27.0
../ibc53/Indian_Cuckoo/60.wav,Indian_Cuckoo,27.0,30.0
../ibc53/Indian_Cuckoo/60.wav,Indian_Cuckoo,30.0,33.0
../ibc53/Indian_Cuckoo/60.wav,Indian_Cuckoo,33.0,36.0
../ibc53/Indian_Cuckoo/60.wav,Indian_Cuckoo,36.0,39.0
../ibc53/Indian_Cuckoo/60.wav,Indian_Cuckoo,39.0,42.0
../ibc53/Indian_Cuckoo/60.wav,Indian_Cuckoo,42.0,45.0
../ibc53/Indian_Cuckoo/60.wav,Indian_Cuckoo,45.0,48.0
../ibc53/Indian_Cuckoo/60.wav,Indian_Cuckoo,48.0,51.0
../ibc53/Indian_Cuckoo/60.wav,Indian_Cuckoo,51.0,54.0
../ibc53/Indian_Cuckoo/60.wav,Indian_Cuckoo,54.0,57.0
../ibc53/Indian_Cuckoo/60.wav,Indian_Cuckoo,57.0,60.0
../ibc53/Indian_Cuckoo/60.wav,Indian_Cuckoo,60.0,63.0
../ibc53/Indian_Cuckoo/1.wav,Indian_Cuckoo,0,3.0
../ibc53/Indian_Cuckoo/1.wav,Indian_Cuckoo,3.0,6.0
../ibc53/Indian_Cuckoo/1.wav,Indian_Cuckoo,6.0,9.0
../ibc53/Indian_Cuckoo/1.wav,Indian_Cuckoo,9.0,12.0
../ibc53/Indian_Cuckoo/1.wav,Indian_Cuckoo,12.0,15.0
../ibc53/Indian_Cuckoo/1.wav,Indian_Cuckoo,15.0,18.0
../ibc53/Indian_Cuckoo/1.wav,Indian_Cuckoo,18.0,21.0
../ibc53/Indian_Cuckoo/1.wav,Indian_Cuckoo,21.0,24.0
../ibc53/Indian_Cuckoo/1.wav,Indian_Cuckoo,24.0,27.0
../ibc53/Indian_Cuckoo/33.wav,Indian_Cuckoo,0,3.0
../ibc53/Indian_Cuckoo/33.wav,Indian_Cuckoo,3.0,6.0
../ibc53/Indian_Cuckoo/33.wav,Indian_Cuckoo,6.0,9.0
../ibc53/Indian_Cuckoo/13.wav,Indian_Cuckoo,0,3.0
../ibc53/Indian_Cuckoo/13.wav,Indian_Cuckoo,3.0,6.0
../ibc53/Indian_Cuckoo/13.wav,Indian_Cuckoo,6.0,9.0
../ibc53/Indian_Cuckoo/13.wav,Indian_Cuckoo,9.0,12.0
../ibc53/Indian_Cuckoo/13.wav,Indian_Cuckoo,12.0,15.0
../ibc53/Indian_Cuckoo/13.wav,Indian_Cuckoo,15.0,18.0
../ibc53/Indian_Cuckoo/46.wav,Indian_Cuckoo,0,3.0
../ibc53/Indian_Cuckoo/46.wav,Indian_Cuckoo,3.0,6.0
../ibc53/Indian_Cuckoo/46.wav,Indian_Cuckoo,6.0,9.0
../ibc53/Indian_Cuckoo/46.wav,Indian_Cuckoo,9.0,12.0
../ibc53/Indian_Cuckoo/46.wav,Indian_Cuckoo,12.0,15.0
../ibc53/Indian_Cuckoo/46.wav,Indian_Cuckoo,15.0,18.0
../ibc53/Indian_Cuckoo/46.wav,Indian_Cuckoo,18.0,21.0
../ibc53/Indian_Cuckoo/46.wav,Indian_Cuckoo,21.0,24.0
../ibc53/Indian_Cuckoo/46.wav,Indian_Cuckoo,24.0,27.0
../ibc53/Indian_Cuckoo/46.wav,Indian_Cuckoo,27.0,30.0
../ibc53/Indian_Cuckoo/46.wav,Indian_Cuckoo,30.0,33.0
../ibc53/Indian_Cuckoo/46.wav,Indian_Cuckoo,33.0,36.0
../ibc53/Indian_Cuckoo/46.wav,Indian_Cuckoo,36.0,39.0
../ibc53/Indian_Cuckoo/46.wav,Indian_Cuckoo,39.0,42.0
../ibc53/Indian_Cuckoo/46.wav,Indian_Cuckoo,42.0,45.0
../ibc53/Indian_Cuckoo/46.wav,Indian_Cuckoo,45.0,48.0
../ibc53/Indian_Cuckoo/46.wav,Indian_Cuckoo,48.0,51.0
../ibc53/Indian_Cuckoo/46.wav,Indian_Cuckoo,51.0,54.0
../ibc53/Indian_Cuckoo/46.wav,Indian_Cuckoo,54.0,57.0
../ibc53/Indian_Cuckoo/46.wav,Indian_Cuckoo,57.0,60.0
../ibc53/Indian_Cuckoo/46.wav,Indian_Cuckoo,60.0,63.0
../ibc53/Indian_Cuckoo/26.wav,Indian_Cuckoo,0,3.0
../ibc53/Indian_Cuckoo/26.wav,Indian_Cuckoo,3.0,6.0
../ibc53/Indian_Cuckoo/26.wav,Indian_Cuckoo,6.0,9.0
../ibc53/Indian_Cuckoo/26.wav,Indian_Cuckoo,9.0,12.0
../ibc53/Indian_Cuckoo/26.wav,Indian_Cuckoo,12.0,15.0
../ibc53/Indian_Cuckoo/16.wav,Indian_Cuckoo,0,3.0
../ibc53/Indian_Cuckoo/16.wav,Indian_Cuckoo,3.0,6.0
../ibc53/Indian_Cuckoo/16.wav,Indian_Cuckoo,6.0,9.0
../ibc53/Indian_Cuckoo/16.wav,Indian_Cuckoo,9.0,12.0
../ibc53/Indian_Cuckoo/16.wav,Indian_Cuckoo,12.0,15.0
../ibc53/Indian_Cuckoo/16.wav,Indian_Cuckoo,15.0,18.0
../ibc53/Indian_Cuckoo/58.wav,Indian_Cuckoo,0,3.0
../ibc53/Indian_Cuckoo/58.wav,Indian_Cuckoo,3.0,6.0
../ibc53/Indian_Cuckoo/58.wav,Indian_Cuckoo,6.0,9.0
../ibc53/Indian_Cuckoo/58.wav,Indian_Cuckoo,9.0,12.0
../ibc53/Indian_Cuckoo/58.wav,Indian_Cuckoo,12.0,15.0
../ibc53/Indian_Cuckoo/58.wav,Indian_Cuckoo,15.0,18.0
../ibc53/Indian_Cuckoo/58.wav,Indian_Cuckoo,18.0,21.0
../ibc53/Indian_Cuckoo/58.wav,Indian_Cuckoo,21.0,24.0
../ibc53/Indian_Cuckoo/36.wav,Indian_Cuckoo,0,3.0
../ibc53/Indian_Cuckoo/36.wav,Indian_Cuckoo,3.0,6.0
../ibc53/Indian_Cuckoo/36.wav,Indian_Cuckoo,6.0,9.0
../ibc53/Indian_Cuckoo/36.wav,Indian_Cuckoo,9.0,12.0
../ibc53/Indian_Cuckoo/36.wav,Indian_Cuckoo,12.0,15.0
../ibc53/Indian_Cuckoo/36.wav,Indian_Cuckoo,15.0,18.0
../ibc53/Indian_Cuckoo/36.wav,Indian_Cuckoo,18.0,21.0
../ibc53/Indian_Cuckoo/36.wav,Indian_Cuckoo,21.0,24.0
../ibc53/Indian_Cuckoo/36.wav,Indian_Cuckoo,24.0,27.0
../ibc53/Indian_Cuckoo/36.wav,Indian_Cuckoo,27.0,30.0
../ibc53/Indian_Cuckoo/36.wav,Indian_Cuckoo,30.0,33.0
../ibc53/Indian_Cuckoo/20.wav,Indian_Cuckoo,0,3.0
../ibc53/Indian_Cuckoo/20.wav,Indian_Cuckoo,3.0,6.0
../ibc53/Indian_Cuckoo/64.wav,Indian_Cuckoo,0,3.0
../ibc53/Indian_Cuckoo/64.wav,Indian_Cuckoo,3.0,6.0
../ibc53/Indian_Cuckoo/64.wav,Indian_Cuckoo,6.0,9.0
../ibc53/Indian_Cuckoo/64.wav,Indian_Cuckoo,9.0,12.0
../ibc53/Indian_Cuckoo/64.wav,Indian_Cuckoo,12.0,15.0
../ibc53/Indian_Cuckoo/64.wav,Indian_Cuckoo,15.0,18.0
../ibc53/Indian_Cuckoo/28.wav,Indian_Cuckoo,0,3.0
../ibc53/Indian_Cuckoo/28.wav,Indian_Cuckoo,3.0,6.0
../ibc53/Indian_Cuckoo/28.wav,Indian_Cuckoo,6.0,9.0
../ibc53/Indian_Cuckoo/28.wav,Indian_Cuckoo,9.0,12.0
../ibc53/Indian_Cuckoo/28.wav,Indian_Cuckoo,12.0,15.0
../ibc53/Indian_Cuckoo/28.wav,Indian_Cuckoo,15.0,18.0
../ibc53/Indian_Cuckoo/55.wav,Indian_Cuckoo,0,3.0
../ibc53/Indian_Cuckoo/47.wav,Indian_Cuckoo,0,3.0
../ibc53/Indian_Cuckoo/47.wav,Indian_Cuckoo,3.0,6.0
../ibc53/Indian_Cuckoo/47.wav,Indian_Cuckoo,6.0,9.0
../ibc53/Indian_Cuckoo/47.wav,Indian_Cuckoo,9.0,12.0
../ibc53/Indian_Cuckoo/47.wav,Indian_Cuckoo,12.0,15.0
../ibc53/Indian_Cuckoo/47.wav,Indian_Cuckoo,15.0,18.0
../ibc53/Indian_Cuckoo/47.wav,Indian_Cuckoo,18.0,21.0
../ibc53/Indian_Cuckoo/51.wav,Indian_Cuckoo,0,3.0
../ibc53/Indian_Cuckoo/51.wav,Indian_Cuckoo,3.0,6.0
../ibc53/Indian_Cuckoo/51.wav,Indian_Cuckoo,6.0,9.0
../ibc53/Indian_Cuckoo/51.wav,Indian_Cuckoo,9.0,12.0
../ibc53/Indian_Cuckoo/51.wav,Indian_Cuckoo,12.0,15.0
../ibc53/Indian_Cuckoo/51.wav,Indian_Cuckoo,15.0,18.0
../ibc53/Indian_Cuckoo/21.wav,Indian_Cuckoo,0,3.0
../ibc53/Indian_Cuckoo/21.wav,Indian_Cuckoo,3.0,6.0
../ibc53/Indian_Cuckoo/21.wav,Indian_Cuckoo,6.0,9.0
../ibc53/Indian_Cuckoo/21.wav,Indian_Cuckoo,9.0,12.0
../ibc53/Indian_Cuckoo/21.wav,Indian_Cuckoo,12.0,15.0
../ibc53/Indian_Cuckoo/21.wav,Indian_Cuckoo,15.0,18.0
../ibc53/Indian_Cuckoo/21.wav,Indian_Cuckoo,18.0,21.0
../ibc53/Indian_Cuckoo/21.wav,Indian_Cuckoo,21.0,24.0
../ibc53/Indian_Cuckoo/21.wav,Indian_Cuckoo,24.0,27.0
../ibc53/Indian_Cuckoo/39.wav,Indian_Cuckoo,0,3.0
../ibc53/Indian_Cuckoo/39.wav,Indian_Cuckoo,3.0,6.0
../ibc53/Indian_Cuckoo/39.wav,Indian_Cuckoo,6.0,9.0
../ibc53/Indian_Cuckoo/39.wav,Indian_Cuckoo,9.0,12.0
../ibc53/Indian_Cuckoo/39.wav,Indian_Cuckoo,12.0,15.0
../ibc53/Indian_Cuckoo/39.wav,Indian_Cuckoo,15.0,18.0
../ibc53/Indian_Cuckoo/39.wav,Indian_Cuckoo,18.0,21.0
../ibc53/Indian_Cuckoo/12.wav,Indian_Cuckoo,0,3.0
../ibc53/Indian_Cuckoo/12.wav,Indian_Cuckoo,3.0,6.0
../ibc53/Indian_Cuckoo/12.wav,Indian_Cuckoo,6.0,9.0
../ibc53/Indian_Cuckoo/12.wav,Indian_Cuckoo,9.0,12.0
../ibc53/Indian_Cuckoo/12.wav,Indian_Cuckoo,12.0,15.0
../ibc53/Indian_Cuckoo/12.wav,Indian_Cuckoo,15.0,18.0
../ibc53/Indian_Cuckoo/12.wav,Indian_Cuckoo,18.0,21.0
../ibc53/Indian_Cuckoo/12.wav,Indian_Cuckoo,21.0,24.0
../ibc53/Indian_Cuckoo/12.wav,Indian_Cuckoo,24.0,27.0
../ibc53/Indian_Cuckoo/12.wav,Indian_Cuckoo,27.0,30.0
../ibc53/Indian_Cuckoo/12.wav,Indian_Cuckoo,30.0,33.0
../ibc53/Indian_Cuckoo/12.wav,Indian_Cuckoo,33.0,36.0
../ibc53/Indian_Cuckoo/12.wav,Indian_Cuckoo,36.0,39.0
../ibc53/Indian_Cuckoo/12.wav,Indian_Cuckoo,39.0,42.0
../ibc53/Indian_Cuckoo/12.wav,Indian_Cuckoo,42.0,45.0
../ibc53/Indian_Cuckoo/12.wav,Indian_Cuckoo,45.0,48.0
../ibc53/Indian_Cuckoo/12.wav,Indian_Cuckoo,48.0,51.0
../ibc53/Indian_Cuckoo/12.wav,Indian_Cuckoo,51.0,54.0
../ibc53/Indian_Cuckoo/2.wav,Indian_Cuckoo,0,3.0
../ibc53/Indian_Cuckoo/2.wav,Indian_Cuckoo,3.0,6.0
../ibc53/Indian_Cuckoo/2.wav,Indian_Cuckoo,6.0,9.0
../ibc53/Indian_Cuckoo/4.wav,Indian_Cuckoo,0,3.0
../ibc53/Indian_Cuckoo/4.wav,Indian_Cuckoo,3.0,6.0
../ibc53/Indian_Cuckoo/4.wav,Indian_Cuckoo,6.0,9.0
../ibc53/Indian_Cuckoo/4.wav,Indian_Cuckoo,9.0,12.0
../ibc53/Indian_Cuckoo/4.wav,Indian_Cuckoo,12.0,15.0
../ibc53/Indian_Cuckoo/4.wav,Indian_Cuckoo,15.0,18.0
../ibc53/Indian_Cuckoo/4.wav,Indian_Cuckoo,18.0,21.0
../ibc53/Indian_Cuckoo/4.wav,Indian_Cuckoo,21.0,24.0
../ibc53/Indian_Cuckoo/4.wav,Indian_Cuckoo,24.0,27.0
../ibc53/Indian_Cuckoo/4.wav,Indian_Cuckoo,27.0,30.0
../ibc53/Indian_Cuckoo/4.wav,Indian_Cuckoo,30.0,33.0
../ibc53/Indian_Cuckoo/4.wav,Indian_Cuckoo,33.0,36.0
../ibc53/Indian_Cuckoo/4.wav,Indian_Cuckoo,36.0,39.0
../ibc53/Indian_Cuckoo/4.wav,Indian_Cuckoo,39.0,42.0
../ibc53/Indian_Cuckoo/4.wav,Indian_Cuckoo,42.0,45.0
../ibc53/Indian_Cuckoo/4.wav,Indian_Cuckoo,45.0,48.0
../ibc53/Indian_Cuckoo/4.wav,Indian_Cuckoo,48.0,51.0
../ibc53/Indian_Cuckoo/4.wav,Indian_Cuckoo,51.0,54.0
../ibc53/Indian_Cuckoo/4.wav,Indian_Cuckoo,54.0,57.0
../ibc53/Indian_Cuckoo/4.wav,Indian_Cuckoo,57.0,60.0
../ibc53/Indian_Cuckoo/4.wav,Indian_Cuckoo,60.0,63.0
../ibc53/Indian_Cuckoo/4.wav,Indian_Cuckoo,63.0,66.0
../ibc53/Indian_Cuckoo/43.wav,Indian_Cuckoo,0,3.0
../ibc53/Indian_Cuckoo/43.wav,Indian_Cuckoo,3.0,6.0
../ibc53/Indian_Cuckoo/43.wav,Indian_Cuckoo,6.0,9.0
../ibc53/Indian_Cuckoo/43.wav,Indian_Cuckoo,9.0,12.0
../ibc53/Indian_Cuckoo/43.wav,Indian_Cuckoo,12.0,15.0
../ibc53/Indian_Cuckoo/43.wav,Indian_Cuckoo,15.0,18.0
../ibc53/Indian_Cuckoo/43.wav,Indian_Cuckoo,18.0,21.0
../ibc53/Indian_Cuckoo/43.wav,Indian_Cuckoo,21.0,24.0
../ibc53/Indian_Cuckoo/43.wav,Indian_Cuckoo,24.0,27.0
../ibc53/Indian_Cuckoo/43.wav,Indian_Cuckoo,27.0,30.0
../ibc53/Indian_Cuckoo/43.wav,Indian_Cuckoo,30.0,33.0
../ibc53/Indian_Cuckoo/43.wav,Indian_Cuckoo,33.0,36.0
../ibc53/Indian_Cuckoo/43.wav,Indian_Cuckoo,36.0,39.0
../ibc53/Indian_Cuckoo/43.wav,Indian_Cuckoo,39.0,42.0
../ibc53/Indian_Cuckoo/43.wav,Indian_Cuckoo,42.0,45.0
../ibc53/Indian_Cuckoo/43.wav,Indian_Cuckoo,45.0,48.0
../ibc53/Indian_Cuckoo/43.wav,Indian_Cuckoo,48.0,51.0
../ibc53/Indian_Cuckoo/43.wav,Indian_Cuckoo,51.0,54.0
../ibc53/Indian_Cuckoo/43.wav,Indian_Cuckoo,54.0,57.0
../ibc53/Indian_Cuckoo/43.wav,Indian_Cuckoo,57.0,60.0
../ibc53/Indian_Cuckoo/43.wav,Indian_Cuckoo,60.0,63.0
../ibc53/Indian_Cuckoo/42.wav,Indian_Cuckoo,0,3.0
../ibc53/Indian_Cuckoo/42.wav,Indian_Cuckoo,3.0,6.0
../ibc53/Indian_Cuckoo/27.wav,Indian_Cuckoo,0,3.0
../ibc53/Indian_Cuckoo/27.wav,Indian_Cuckoo,3.0,6.0
../ibc53/Indian_Cuckoo/27.wav,Indian_Cuckoo,6.0,9.0
../ibc53/Indian_Cuckoo/27.wav,Indian_Cuckoo,9.0,12.0
../ibc53/Indian_Cuckoo/27.wav,Indian_Cuckoo,12.0,15.0
../ibc53/Indian_Cuckoo/27.wav,Indian_Cuckoo,15.0,18.0
../ibc53/Indian_Cuckoo/27.wav,Indian_Cuckoo,18.0,21.0
../ibc53/Indian_Cuckoo/27.wav,Indian_Cuckoo,21.0,24.0
../ibc53/Indian_Cuckoo/27.wav,Indian_Cuckoo,24.0,27.0
../ibc53/Indian_Cuckoo/27.wav,Indian_Cuckoo,27.0,30.0
../ibc53/Indian_Cuckoo/27.wav,Indian_Cuckoo,30.0,33.0
../ibc53/Indian_Cuckoo/27.wav,Indian_Cuckoo,33.0,36.0
../ibc53/Indian_Cuckoo/27.wav,Indian_Cuckoo,36.0,39.0
../ibc53/Indian_Cuckoo/27.wav,Indian_Cuckoo,39.0,42.0
../ibc53/Indian_Cuckoo/14.wav,Indian_Cuckoo,0,3.0
../ibc53/Indian_Cuckoo/14.wav,Indian_Cuckoo,3.0,6.0
../ibc53/Indian_Cuckoo/14.wav,Indian_Cuckoo,6.0,9.0
../ibc53/Indian_Cuckoo/14.wav,Indian_Cuckoo,9.0,12.0
../ibc53/Indian_Cuckoo/37.wav,Indian_Cuckoo,0,3.0
../ibc53/Indian_Cuckoo/37.wav,Indian_Cuckoo,3.0,6.0
../ibc53/Indian_Cuckoo/37.wav,Indian_Cuckoo,6.0,9.0
../ibc53/Indian_Cuckoo/37.wav,Indian_Cuckoo,9.0,12.0
../ibc53/Indian_Cuckoo/45.wav,Indian_Cuckoo,0,3.0
../ibc53/Indian_Cuckoo/45.wav,Indian_Cuckoo,3.0,6.0
../ibc53/Indian_Cuckoo/45.wav,Indian_Cuckoo,6.0,9.0
../ibc53/Indian_Cuckoo/45.wav,Indian_Cuckoo,9.0,12.0
../ibc53/Indian_Cuckoo/45.wav,Indian_Cuckoo,12.0,15.0
../ibc53/Indian_Cuckoo/45.wav,Indian_Cuckoo,15.0,18.0
../ibc53/Indian_Cuckoo/45.wav,Indian_Cuckoo,18.0,21.0
../ibc53/Indian_Cuckoo/45.wav,Indian_Cuckoo,21.0,24.0
../ibc53/Indian_Cuckoo/45.wav,Indian_Cuckoo,24.0,27.0
../ibc53/Indian_Cuckoo/45.wav,Indian_Cuckoo,27.0,30.0
../ibc53/Indian_Cuckoo/45.wav,Indian_Cuckoo,30.0,33.0
../ibc53/Indian_Cuckoo/45.wav,Indian_Cuckoo,33.0,36.0
../ibc53/Indian_Cuckoo/45.wav,Indian_Cuckoo,36.0,39.0
../ibc53/Indian_Cuckoo/45.wav,Indian_Cuckoo,39.0,42.0
../ibc53/Indian_Cuckoo/45.wav,Indian_Cuckoo,42.0,45.0
../ibc53/Indian_Cuckoo/45.wav,Indian_Cuckoo,45.0,48.0
../ibc53/Indian_Cuckoo/45.wav,Indian_Cuckoo,48.0,51.0
../ibc53/Indian_Cuckoo/45.wav,Indian_Cuckoo,51.0,54.0
../ibc53/Indian_Cuckoo/45.wav,Indian_Cuckoo,54.0,57.0
../ibc53/Indian_Cuckoo/45.wav,Indian_Cuckoo,57.0,60.0
../ibc53/Indian_Cuckoo/45.wav,Indian_Cuckoo,60.0,63.0
../ibc53/Indian_Cuckoo/45.wav,Indian_Cuckoo,63.0,66.0
../ibc53/Indian_Cuckoo/45.wav,Indian_Cuckoo,66.0,69.0
../ibc53/Indian_Cuckoo/22.wav,Indian_Cuckoo,0,3.0
../ibc53/Indian_Cuckoo/22.wav,Indian_Cuckoo,3.0,6.0
../ibc53/Indian_Cuckoo/22.wav,Indian_Cuckoo,6.0,9.0
../ibc53/Indian_Cuckoo/22.wav,Indian_Cuckoo,9.0,12.0
../ibc53/Indian_Cuckoo/22.wav,Indian_Cuckoo,12.0,15.0
../ibc53/Indian_Cuckoo/22.wav,Indian_Cuckoo,15.0,18.0
../ibc53/Indian_Cuckoo/57.wav,Indian_Cuckoo,0,3.0
../ibc53/Indian_Cuckoo/57.wav,Indian_Cuckoo,3.0,6.0
../ibc53/Indian_Cuckoo/57.wav,Indian_Cuckoo,6.0,9.0
../ibc53/Indian_Cuckoo/57.wav,Indian_Cuckoo,9.0,12.0
../ibc53/Indian_Cuckoo/57.wav,Indian_Cuckoo,12.0,15.0
../ibc53/Indian_Cuckoo/57.wav,Indian_Cuckoo,15.0,18.0
../ibc53/Indian_Cuckoo/57.wav,Indian_Cuckoo,18.0,21.0
../ibc53/Indian_Cuckoo/57.wav,Indian_Cuckoo,21.0,24.0
../ibc53/Indian_Cuckoo/57.wav,Indian_Cuckoo,24.0,27.0
../ibc53/Indian_Cuckoo/10.wav,Indian_Cuckoo,0,3.0
../ibc53/Indian_Cuckoo/10.wav,Indian_Cuckoo,3.0,6.0
../ibc53/Indian_Cuckoo/10.wav,Indian_Cuckoo,6.0,9.0
../ibc53/Indian_Cuckoo/10.wav,Indian_Cuckoo,9.0,12.0
../ibc53/Indian_Cuckoo/10.wav,Indian_Cuckoo,12.0,15.0
../ibc53/Indian_Cuckoo/10.wav,Indian_Cuckoo,15.0,18.0
../ibc53/Indian_Cuckoo/10.wav,Indian_Cuckoo,18.0,21.0
../ibc53/Indian_Cuckoo/10.wav,Indian_Cuckoo,21.0,24.0
../ibc53/Indian_Cuckoo/10.wav,Indian_Cuckoo,24.0,27.0
../ibc53/Indian_Cuckoo/10.wav,Indian_Cuckoo,27.0,30.0
../ibc53/Indian_Cuckoo/10.wav,Indian_Cuckoo,30.0,33.0
../ibc53/Indian_Cuckoo/10.wav,Indian_Cuckoo,33.0,36.0
../ibc53/Indian_Cuckoo/10.wav,Indian_Cuckoo,36.0,39.0
../ibc53/Indian_Cuckoo/10.wav,Indian_Cuckoo,39.0,42.0
../ibc53/Indian_Cuckoo/10.wav,Indian_Cuckoo,42.0,45.0
../ibc53/Indian_Cuckoo/10.wav,Indian_Cuckoo,45.0,48.0
../ibc53/Indian_Cuckoo/10.wav,Indian_Cuckoo,48.0,51.0
../ibc53/Indian_Cuckoo/10.wav,Indian_Cuckoo,51.0,54.0
../ibc53/Indian_Cuckoo/10.wav,Indian_Cuckoo,54.0,57.0
../ibc53/Indian_Cuckoo/10.wav,Indian_Cuckoo,57.0,60.0
../ibc53/Indian_Cuckoo/10.wav,Indian_Cuckoo,60.0,63.0
../ibc53/Indian_Cuckoo/29.wav,Indian_Cuckoo,0,3.0
../ibc53/Indian_Cuckoo/61.wav,Indian_Cuckoo,0,3.0
../ibc53/Indian_Cuckoo/61.wav,Indian_Cuckoo,3.0,6.0
../ibc53/Indian_Cuckoo/61.wav,Indian_Cuckoo,6.0,9.0
../ibc53/Indian_Cuckoo/61.wav,Indian_Cuckoo,9.0,12.0
../ibc53/Indian_Cuckoo/61.wav,Indian_Cuckoo,12.0,15.0
../ibc53/Indian_Cuckoo/61.wav,Indian_Cuckoo,15.0,18.0
../ibc53/Indian_Cuckoo/41.wav,Indian_Cuckoo,0,3.0
../ibc53/Indian_Cuckoo/41.wav,Indian_Cuckoo,3.0,6.0
../ibc53/Indian_Cuckoo/41.wav,Indian_Cuckoo,6.0,9.0
../ibc53/Indian_Cuckoo/41.wav,Indian_Cuckoo,9.0,12.0
../ibc53/Indian_Cuckoo/41.wav,Indian_Cuckoo,12.0,15.0
../ibc53/Indian_Cuckoo/41.wav,Indian_Cuckoo,15.0,18.0
../ibc53/Indian_Cuckoo/41.wav,Indian_Cuckoo,18.0,21.0
../ibc53/Indian_Cuckoo/40.wav,Indian_Cuckoo,0,3.0
../ibc53/Indian_Cuckoo/40.wav,Indian_Cuckoo,3.0,6.0
../ibc53/Indian_Cuckoo/40.wav,Indian_Cuckoo,6.0,9.0
../ibc53/Indian_Cuckoo/40.wav,Indian_Cuckoo,9.0,12.0
../ibc53/Indian_Cuckoo/40.wav,Indian_Cuckoo,12.0,15.0
../ibc53/Indian_Cuckoo/40.wav,Indian_Cuckoo,15.0,18.0
../ibc53/Indian_Cuckoo/40.wav,Indian_Cuckoo,18.0,21.0
../ibc53/Indian_Cuckoo/40.wav,Indian_Cuckoo,21.0,24.0
../ibc53/Indian_Cuckoo/44.wav,Indian_Cuckoo,0,3.0
../ibc53/Indian_Cuckoo/44.wav,Indian_Cuckoo,3.0,6.0
../ibc53/Indian_Cuckoo/44.wav,Indian_Cuckoo,6.0,9.0
../ibc53/Indian_Cuckoo/44.wav,Indian_Cuckoo,9.0,12.0
../ibc53/Indian_Cuckoo/44.wav,Indian_Cuckoo,12.0,15.0
../ibc53/Indian_Cuckoo/44.wav,Indian_Cuckoo,15.0,18.0
../ibc53/Indian_Cuckoo/44.wav,Indian_Cuckoo,18.0,21.0
../ibc53/Indian_Cuckoo/44.wav,Indian_Cuckoo,21.0,24.0
../ibc53/Indian_Cuckoo/44.wav,Indian_Cuckoo,24.0,27.0
../ibc53/Indian_Cuckoo/44.wav,Indian_Cuckoo,27.0,30.0
../ibc53/Indian_Cuckoo/44.wav,Indian_Cuckoo,30.0,33.0
../ibc53/Indian_Cuckoo/44.wav,Indian_Cuckoo,33.0,36.0
../ibc53/Indian_Cuckoo/44.wav,Indian_Cuckoo,36.0,39.0
../ibc53/Indian_Cuckoo/44.wav,Indian_Cuckoo,39.0,42.0
../ibc53/Indian_Cuckoo/44.wav,Indian_Cuckoo,42.0,45.0
../ibc53/Indian_Cuckoo/44.wav,Indian_Cuckoo,45.0,48.0
../ibc53/Indian_Cuckoo/44.wav,Indian_Cuckoo,48.0,51.0
../ibc53/Indian_Cuckoo/44.wav,Indian_Cuckoo,51.0,54.0
../ibc53/Indian_Cuckoo/44.wav,Indian_Cuckoo,54.0,57.0
../ibc53/Indian_Cuckoo/44.wav,Indian_Cuckoo,57.0,60.0
../ibc53/Indian_Cuckoo/44.wav,Indian_Cuckoo,60.0,63.0
../ibc53/Indian_Cuckoo/44.wav,Indian_Cuckoo,63.0,66.0
../ibc53/Indian_Cuckoo/54.wav,Indian_Cuckoo,0,3.0
../ibc53/Indian_Cuckoo/54.wav,Indian_Cuckoo,3.0,6.0
../ibc53/Indian_Cuckoo/54.wav,Indian_Cuckoo,6.0,9.0
../ibc53/Indian_Cuckoo/54.wav,Indian_Cuckoo,9.0,12.0
../ibc53/Indian_Cuckoo/32.wav,Indian_Cuckoo,0,3.0
../ibc53/Indian_Cuckoo/32.wav,Indian_Cuckoo,3.0,6.0
../ibc53/Indian_Cuckoo/32.wav,Indian_Cuckoo,6.0,9.0
../ibc53/Indian_Cuckoo/32.wav,Indian_Cuckoo,9.0,12.0
../ibc53/Indian_Cuckoo/32.wav,Indian_Cuckoo,12.0,15.0
../ibc53/Indian_Cuckoo/32.wav,Indian_Cuckoo,15.0,18.0
../ibc53/Indian_Cuckoo/32.wav,Indian_Cuckoo,18.0,21.0
../ibc53/Indian_Cuckoo/32.wav,Indian_Cuckoo,21.0,24.0
../ibc53/Indian_Cuckoo/49.wav,Indian_Cuckoo,0,3.0
../ibc53/Indian_Cuckoo/49.wav,Indian_Cuckoo,3.0,6.0
../ibc53/Indian_Cuckoo/49.wav,Indian_Cuckoo,6.0,9.0
../ibc53/Indian_Cuckoo/49.wav,Indian_Cuckoo,9.0,12.0
../ibc53/Indian_Cuckoo/49.wav,Indian_Cuckoo,12.0,15.0
../ibc53/Indian_Cuckoo/49.wav,Indian_Cuckoo,15.0,18.0
../ibc53/Indian_Cuckoo/49.wav,Indian_Cuckoo,18.0,21.0
../ibc53/Indian_Cuckoo/49.wav,Indian_Cuckoo,21.0,24.0
../ibc53/Indian_Cuckoo/49.wav,Indian_Cuckoo,24.0,27.0
../ibc53/Indian_Cuckoo/30.wav,Indian_Cuckoo,0,3.0
../ibc53/Indian_Cuckoo/30.wav,Indian_Cuckoo,3.0,6.0
../ibc53/Indian_Cuckoo/30.wav,Indian_Cuckoo,6.0,9.0
../ibc53/Indian_Cuckoo/30.wav,Indian_Cuckoo,9.0,12.0
../ibc53/Indian_Cuckoo/30.wav,Indian_Cuckoo,12.0,15.0
../ibc53/Indian_Cuckoo/30.wav,Indian_Cuckoo,15.0,18.0
../ibc53/Indian_Cuckoo/30.wav,Indian_Cuckoo,18.0,21.0
../ibc53/Indian_Cuckoo/30.wav,Indian_Cuckoo,21.0,24.0
../ibc53/Indian_Cuckoo/30.wav,Indian_Cuckoo,24.0,27.0
../ibc53/Indian_Cuckoo/30.wav,Indian_Cuckoo,27.0,30.0
../ibc53/Indian_Cuckoo/30.wav,Indian_Cuckoo,30.0,33.0
../ibc53/Indian_Cuckoo/30.wav,Indian_Cuckoo,33.0,36.0
../ibc53/Indian_Cuckoo/30.wav,Indian_Cuckoo,36.0,39.0
../ibc53/Indian_Cuckoo/30.wav,Indian_Cuckoo,39.0,42.0
../ibc53/Indian_Cuckoo/19.wav,Indian_Cuckoo,0,3.0
../ibc53/Indian_Cuckoo/19.wav,Indian_Cuckoo,3.0,6.0
../ibc53/Indian_Cuckoo/19.wav,Indian_Cuckoo,6.0,9.0
../ibc53/Indian_Cuckoo/19.wav,Indian_Cuckoo,9.0,12.0
../ibc53/Indian_Cuckoo/19.wav,Indian_Cuckoo,12.0,15.0
../ibc53/Indian_Cuckoo/19.wav,Indian_Cuckoo,15.0,18.0
../ibc53/Indian_Cuckoo/19.wav,Indian_Cuckoo,18.0,21.0
../ibc53/Indian_Cuckoo/19.wav,Indian_Cuckoo,21.0,24.0
../ibc53/Indian_Cuckoo/19.wav,Indian_Cuckoo,24.0,27.0
../ibc53/Indian_Cuckoo/19.wav,Indian_Cuckoo,27.0,30.0
../ibc53/Indian_Cuckoo/19.wav,Indian_Cuckoo,30.0,33.0
../ibc53/Indian_Cuckoo/19.wav,Indian_Cuckoo,33.0,36.0
../ibc53/Indian_Cuckoo/19.wav,Indian_Cuckoo,36.0,39.0
../ibc53/Indian_Cuckoo/19.wav,Indian_Cuckoo,39.0,42.0
../ibc53/Indian_Cuckoo/19.wav,Indian_Cuckoo,42.0,45.0
../ibc53/Indian_Cuckoo/53.wav,Indian_Cuckoo,0,3.0
../ibc53/Indian_Cuckoo/53.wav,Indian_Cuckoo,3.0,6.0
../ibc53/Indian_Cuckoo/53.wav,Indian_Cuckoo,6.0,9.0
../ibc53/Indian_Cuckoo/9.wav,Indian_Cuckoo,0,3.0
../ibc53/Indian_Cuckoo/9.wav,Indian_Cuckoo,3.0,6.0
../ibc53/Indian_Cuckoo/9.wav,Indian_Cuckoo,6.0,9.0
../ibc53/Indian_Cuckoo/9.wav,Indian_Cuckoo,9.0,12.0
../ibc53/Indian_Cuckoo/9.wav,Indian_Cuckoo,12.0,15.0
../ibc53/Indian_Cuckoo/9.wav,Indian_Cuckoo,15.0,18.0
../ibc53/Indian_Cuckoo/9.wav,Indian_Cuckoo,18.0,21.0
../ibc53/Indian_Cuckoo/9.wav,Indian_Cuckoo,21.0,24.0
../ibc53/Indian_Cuckoo/9.wav,Indian_Cuckoo,24.0,27.0
../ibc53/Indian_Cuckoo/9.wav,Indian_Cuckoo,27.0,30.0
../ibc53/Indian_Cuckoo/9.wav,Indian_Cuckoo,30.0,33.0
../ibc53/Indian_Cuckoo/9.wav,Indian_Cuckoo,33.0,36.0
../ibc53/Indian_Cuckoo/9.wav,Indian_Cuckoo,36.0,39.0
../ibc53/Indian_Cuckoo/9.wav,Indian_Cuckoo,39.0,42.0
../ibc53/Indian_Cuckoo/9.wav,Indian_Cuckoo,42.0,45.0
../ibc53/Indian_Cuckoo/9.wav,Indian_Cuckoo,45.0,48.0
../ibc53/Indian_Cuckoo/9.wav,Indian_Cuckoo,48.0,51.0
../ibc53/Indian_Cuckoo/9.wav,Indian_Cuckoo,51.0,54.0
../ibc53/Indian_Cuckoo/9.wav,Indian_Cuckoo,54.0,57.0
../ibc53/Indian_Cuckoo/9.wav,Indian_Cuckoo,57.0,60.0
../ibc53/Indian_Cuckoo/9.wav,Indian_Cuckoo,60.0,63.0
../ibc53/Indian_Cuckoo/9.wav,Indian_Cuckoo,63.0,66.0
../ibc53/Indian_Cuckoo/9.wav,Indian_Cuckoo,66.0,69.0
../ibc53/Indian_Cuckoo/62.wav,Indian_Cuckoo,0,3.0
../ibc53/Indian_Cuckoo/62.wav,Indian_Cuckoo,3.0,6.0
../ibc53/Indian_Cuckoo/62.wav,Indian_Cuckoo,6.0,9.0
../ibc53/Indian_Cuckoo/62.wav,Indian_Cuckoo,9.0,12.0
../ibc53/Indian_Cuckoo/62.wav,Indian_Cuckoo,12.0,15.0
../ibc53/Indian_Cuckoo/62.wav,Indian_Cuckoo,15.0,18.0
../ibc53/Indian_Cuckoo/62.wav,Indian_Cuckoo,18.0,21.0
../ibc53/Indian_Cuckoo/62.wav,Indian_Cuckoo,21.0,24.0
../ibc53/Indian_Cuckoo/6.wav,Indian_Cuckoo,0,3.0
../ibc53/Indian_Cuckoo/6.wav,Indian_Cuckoo,3.0,6.0
../ibc53/Indian_Cuckoo/6.wav,Indian_Cuckoo,6.0,9.0
../ibc53/Indian_Cuckoo/6.wav,Indian_Cuckoo,9.0,12.0
../ibc53/Indian_Cuckoo/6.wav,Indian_Cuckoo,12.0,15.0
../ibc53/Indian_Cuckoo/6.wav,Indian_Cuckoo,15.0,18.0
../ibc53/Indian_Cuckoo/11.wav,Indian_Cuckoo,0,3.0
../ibc53/Indian_Cuckoo/11.wav,Indian_Cuckoo,3.0,6.0
../ibc53/Indian_Cuckoo/11.wav,Indian_Cuckoo,6.0,9.0
../ibc53/Indian_Cuckoo/11.wav,Indian_Cuckoo,9.0,12.0
../ibc53/Indian_Cuckoo/11.wav,Indian_Cuckoo,12.0,15.0
../ibc53/Indian_Cuckoo/11.wav,Indian_Cuckoo,15.0,18.0
../ibc53/Indian_Cuckoo/11.wav,Indian_Cuckoo,18.0,21.0
../ibc53/Indian_Cuckoo/11.wav,Indian_Cuckoo,21.0,24.0
../ibc53/Indian_Cuckoo/11.wav,Indian_Cuckoo,24.0,27.0
../ibc53/Indian_Cuckoo/11.wav,Indian_Cuckoo,27.0,30.0
../ibc53/Indian_Cuckoo/11.wav,Indian_Cuckoo,30.0,33.0
../ibc53/Indian_Cuckoo/52.wav,Indian_Cuckoo,0,3.0
../ibc53/Indian_Cuckoo/52.wav,Indian_Cuckoo,3.0,6.0
../ibc53/Indian_Cuckoo/52.wav,Indian_Cuckoo,6.0,9.0
../ibc53/Indian_Cuckoo/48.wav,Indian_Cuckoo,0,3.0
../ibc53/Indian_Cuckoo/48.wav,Indian_Cuckoo,3.0,6.0
../ibc53/Indian_Cuckoo/48.wav,Indian_Cuckoo,6.0,9.0
../ibc53/Indian_Cuckoo/48.wav,Indian_Cuckoo,9.0,12.0
../ibc53/Indian_Cuckoo/35.wav,Indian_Cuckoo,0,3.0
../ibc53/Indian_Cuckoo/35.wav,Indian_Cuckoo,3.0,6.0
../ibc53/Indian_Cuckoo/35.wav,Indian_Cuckoo,6.0,9.0
../ibc53/Indian_Cuckoo/35.wav,Indian_Cuckoo,9.0,12.0
../ibc53/Indian_Cuckoo/35.wav,Indian_Cuckoo,12.0,15.0
../ibc53/Indian_Cuckoo/35.wav,Indian_Cuckoo,15.0,18.0
../ibc53/Indian_Cuckoo/35.wav,Indian_Cuckoo,18.0,21.0
../ibc53/Indian_Cuckoo/35.wav,Indian_Cuckoo,21.0,24.0
../ibc53/Indian_Cuckoo/35.wav,Indian_Cuckoo,24.0,27.0
../ibc53/Indian_Cuckoo/35.wav,Indian_Cuckoo,27.0,30.0
../ibc53/Indian_Cuckoo/35.wav,Indian_Cuckoo,30.0,33.0
../ibc53/Indian_Cuckoo/35.wav,Indian_Cuckoo,33.0,36.0
../ibc53/Indian_Cuckoo/35.wav,Indian_Cuckoo,36.0,39.0
../ibc53/Indian_Cuckoo/35.wav,Indian_Cuckoo,39.0,42.0
../ibc53/Indian_Cuckoo/35.wav,Indian_Cuckoo,42.0,45.0
../ibc53/Indian_Cuckoo/35.wav,Indian_Cuckoo,45.0,48.0
../ibc53/Indian_Cuckoo/35.wav,Indian_Cuckoo,48.0,51.0
../ibc53/Indian_Cuckoo/35.wav,Indian_Cuckoo,51.0,54.0
../ibc53/Indian_Cuckoo/35.wav,Indian_Cuckoo,54.0,57.0
../ibc53/Indian_Cuckoo/35.wav,Indian_Cuckoo,57.0,60.0
../ibc53/Indian_Cuckoo/35.wav,Indian_Cuckoo,60.0,63.0
../ibc53/Indian_Cuckoo/35.wav,Indian_Cuckoo,63.0,66.0
../ibc53/Indian_Cuckoo/35.wav,Indian_Cuckoo,66.0,69.0
../ibc53/Indian_Cuckoo/35.wav,Indian_Cuckoo,69.0,72.0
../ibc53/Indian_Cuckoo/35.wav,Indian_Cuckoo,72.0,75.0
../ibc53/Indian_Cuckoo/35.wav,Indian_Cuckoo,75.0,78.0
../ibc53/Indian_Cuckoo/38.wav,Indian_Cuckoo,0,3.0
../ibc53/Indian_Cuckoo/38.wav,Indian_Cuckoo,3.0,6.0
../ibc53/Indian_Cuckoo/38.wav,Indian_Cuckoo,6.0,9.0
../ibc53/Indian_Cuckoo/38.wav,Indian_Cuckoo,9.0,12.0
../ibc53/Indian_Cuckoo/38.wav,Indian_Cuckoo,12.0,15.0
../ibc53/Indian_Cuckoo/38.wav,Indian_Cuckoo,15.0,18.0
../ibc53/Indian_Cuckoo/38.wav,Indian_Cuckoo,18.0,21.0
../ibc53/Indian_Cuckoo/38.wav,Indian_Cuckoo,21.0,24.0
../ibc53/Indian_Cuckoo/38.wav,Indian_Cuckoo,24.0,27.0
../ibc53/Indian_Cuckoo/23.wav,Indian_Cuckoo,0,3.0
../ibc53/Indian_Cuckoo/23.wav,Indian_Cuckoo,3.0,6.0
../ibc53/Indian_Cuckoo/23.wav,Indian_Cuckoo,6.0,9.0
../ibc53/Indian_Cuckoo/23.wav,Indian_Cuckoo,9.0,12.0
../ibc53/Indian_Cuckoo/23.wav,Indian_Cuckoo,12.0,15.0
../ibc53/Indian_Cuckoo/23.wav,Indian_Cuckoo,15.0,18.0
../ibc53/Jerdons_Leafbird/3.wav,Jerdons_Leafbird,0,3.0
../ibc53/Jerdons_Leafbird/3.wav,Jerdons_Leafbird,3.0,6.0
../ibc53/Jerdons_Leafbird/3.wav,Jerdons_Leafbird,6.0,9.0
../ibc53/Jerdons_Leafbird/3.wav,Jerdons_Leafbird,9.0,12.0
../ibc53/Jerdons_Leafbird/3.wav,Jerdons_Leafbird,12.0,15.0
../ibc53/Jerdons_Leafbird/3.wav,Jerdons_Leafbird,15.0,18.0
../ibc53/Jerdons_Leafbird/5.wav,Jerdons_Leafbird,0,3.0
../ibc53/Jerdons_Leafbird/5.wav,Jerdons_Leafbird,3.0,6.0
../ibc53/Jerdons_Leafbird/5.wav,Jerdons_Leafbird,6.0,9.0
../ibc53/Jerdons_Leafbird/5.wav,Jerdons_Leafbird,9.0,12.0
../ibc53/Jerdons_Leafbird/5.wav,Jerdons_Leafbird,12.0,15.0
../ibc53/Jerdons_Leafbird/5.wav,Jerdons_Leafbird,15.0,18.0
../ibc53/Jerdons_Leafbird/5.wav,Jerdons_Leafbird,18.0,21.0
../ibc53/Jerdons_Leafbird/5.wav,Jerdons_Leafbird,21.0,24.0
../ibc53/Jerdons_Leafbird/5.wav,Jerdons_Leafbird,24.0,27.0
../ibc53/Jerdons_Leafbird/5.wav,Jerdons_Leafbird,27.0,30.0
../ibc53/Jerdons_Leafbird/5.wav,Jerdons_Leafbird,30.0,33.0
../ibc53/Jerdons_Leafbird/5.wav,Jerdons_Leafbird,33.0,36.0
../ibc53/Jerdons_Leafbird/5.wav,Jerdons_Leafbird,36.0,39.0
../ibc53/Jerdons_Leafbird/5.wav,Jerdons_Leafbird,39.0,42.0
../ibc53/Jerdons_Leafbird/5.wav,Jerdons_Leafbird,42.0,45.0
../ibc53/Jerdons_Leafbird/5.wav,Jerdons_Leafbird,45.0,48.0
../ibc53/Jerdons_Leafbird/5.wav,Jerdons_Leafbird,48.0,51.0
../ibc53/Jerdons_Leafbird/5.wav,Jerdons_Leafbird,51.0,54.0
../ibc53/Jerdons_Leafbird/5.wav,Jerdons_Leafbird,54.0,57.0
../ibc53/Jerdons_Leafbird/5.wav,Jerdons_Leafbird,57.0,60.0
../ibc53/Jerdons_Leafbird/5.wav,Jerdons_Leafbird,60.0,63.0
../ibc53/Jerdons_Leafbird/5.wav,Jerdons_Leafbird,63.0,66.0
../ibc53/Jerdons_Leafbird/5.wav,Jerdons_Leafbird,66.0,69.0
../ibc53/Jerdons_Leafbird/5.wav,Jerdons_Leafbird,69.0,72.0
../ibc53/Jerdons_Leafbird/5.wav,Jerdons_Leafbird,72.0,75.0
../ibc53/Jerdons_Leafbird/5.wav,Jerdons_Leafbird,75.0,78.0
../ibc53/Jerdons_Leafbird/5.wav,Jerdons_Leafbird,78.0,81.0
../ibc53/Jerdons_Leafbird/5.wav,Jerdons_Leafbird,81.0,84.0
../ibc53/Jerdons_Leafbird/7.wav,Jerdons_Leafbird,0,3.0
../ibc53/Jerdons_Leafbird/7.wav,Jerdons_Leafbird,3.0,6.0
../ibc53/Jerdons_Leafbird/8.wav,Jerdons_Leafbird,0,3.0
../ibc53/Jerdons_Leafbird/8.wav,Jerdons_Leafbird,3.0,6.0
../ibc53/Jerdons_Leafbird/8.wav,Jerdons_Leafbird,6.0,9.0
../ibc53/Jerdons_Leafbird/8.wav,Jerdons_Leafbird,9.0,12.0
../ibc53/Jerdons_Leafbird/8.wav,Jerdons_Leafbird,12.0,15.0
../ibc53/Jerdons_Leafbird/8.wav,Jerdons_Leafbird,15.0,18.0
../ibc53/Jerdons_Leafbird/8.wav,Jerdons_Leafbird,18.0,21.0
../ibc53/Jerdons_Leafbird/8.wav,Jerdons_Leafbird,21.0,24.0
../ibc53/Jerdons_Leafbird/1.wav,Jerdons_Leafbird,0,3.0
../ibc53/Jerdons_Leafbird/1.wav,Jerdons_Leafbird,3.0,6.0
../ibc53/Jerdons_Leafbird/1.wav,Jerdons_Leafbird,6.0,9.0
../ibc53/Jerdons_Leafbird/1.wav,Jerdons_Leafbird,9.0,12.0
../ibc53/Jerdons_Leafbird/1.wav,Jerdons_Leafbird,12.0,15.0
../ibc53/Jerdons_Leafbird/1.wav,Jerdons_Leafbird,15.0,18.0
../ibc53/Jerdons_Leafbird/1.wav,Jerdons_Leafbird,18.0,21.0
../ibc53/Jerdons_Leafbird/1.wav,Jerdons_Leafbird,21.0,24.0
../ibc53/Jerdons_Leafbird/1.wav,Jerdons_Leafbird,24.0,27.0
../ibc53/Jerdons_Leafbird/1.wav,Jerdons_Leafbird,27.0,30.0
../ibc53/Jerdons_Leafbird/1.wav,Jerdons_Leafbird,30.0,33.0
../ibc53/Jerdons_Leafbird/1.wav,Jerdons_Leafbird,33.0,36.0
../ibc53/Jerdons_Leafbird/1.wav,Jerdons_Leafbird,36.0,39.0
../ibc53/Jerdons_Leafbird/1.wav,Jerdons_Leafbird,39.0,42.0
../ibc53/Jerdons_Leafbird/1.wav,Jerdons_Leafbird,42.0,45.0
../ibc53/Jerdons_Leafbird/1.wav,Jerdons_Leafbird,45.0,48.0
../ibc53/Jerdons_Leafbird/1.wav,Jerdons_Leafbird,48.0,51.0
../ibc53/Jerdons_Leafbird/1.wav,Jerdons_Leafbird,51.0,54.0
../ibc53/Jerdons_Leafbird/1.wav,Jerdons_Leafbird,54.0,57.0
../ibc53/Jerdons_Leafbird/1.wav,Jerdons_Leafbird,57.0,60.0
../ibc53/Jerdons_Leafbird/1.wav,Jerdons_Leafbird,60.0,63.0
../ibc53/Jerdons_Leafbird/1.wav,Jerdons_Leafbird,63.0,66.0
../ibc53/Jerdons_Leafbird/1.wav,Jerdons_Leafbird,66.0,69.0
../ibc53/Jerdons_Leafbird/1.wav,Jerdons_Leafbird,69.0,72.0
../ibc53/Jerdons_Leafbird/1.wav,Jerdons_Leafbird,72.0,75.0
../ibc53/Jerdons_Leafbird/1.wav,Jerdons_Leafbird,75.0,78.0
../ibc53/Jerdons_Leafbird/1.wav,Jerdons_Leafbird,78.0,81.0
../ibc53/Jerdons_Leafbird/1.wav,Jerdons_Leafbird,81.0,84.0
../ibc53/Jerdons_Leafbird/1.wav,Jerdons_Leafbird,84.0,87.0
../ibc53/Jerdons_Leafbird/13.wav,Jerdons_Leafbird,0,3.0
../ibc53/Jerdons_Leafbird/13.wav,Jerdons_Leafbird,3.0,6.0
../ibc53/Jerdons_Leafbird/13.wav,Jerdons_Leafbird,6.0,9.0
../ibc53/Jerdons_Leafbird/13.wav,Jerdons_Leafbird,9.0,12.0
../ibc53/Jerdons_Leafbird/13.wav,Jerdons_Leafbird,12.0,15.0
../ibc53/Jerdons_Leafbird/13.wav,Jerdons_Leafbird,15.0,18.0
../ibc53/Jerdons_Leafbird/13.wav,Jerdons_Leafbird,18.0,21.0
../ibc53/Jerdons_Leafbird/13.wav,Jerdons_Leafbird,21.0,24.0
../ibc53/Jerdons_Leafbird/13.wav,Jerdons_Leafbird,24.0,27.0
../ibc53/Jerdons_Leafbird/13.wav,Jerdons_Leafbird,27.0,30.0
../ibc53/Jerdons_Leafbird/12.wav,Jerdons_Leafbird,0,3.0
../ibc53/Jerdons_Leafbird/12.wav,Jerdons_Leafbird,3.0,6.0
../ibc53/Jerdons_Leafbird/12.wav,Jerdons_Leafbird,6.0,9.0
../ibc53/Jerdons_Leafbird/12.wav,Jerdons_Leafbird,9.0,12.0
../ibc53/Jerdons_Leafbird/12.wav,Jerdons_Leafbird,12.0,15.0
../ibc53/Jerdons_Leafbird/12.wav,Jerdons_Leafbird,15.0,18.0
../ibc53/Jerdons_Leafbird/2.wav,Jerdons_Leafbird,0,3.0
../ibc53/Jerdons_Leafbird/2.wav,Jerdons_Leafbird,3.0,6.0
../ibc53/Jerdons_Leafbird/2.wav,Jerdons_Leafbird,6.0,9.0
../ibc53/Jerdons_Leafbird/2.wav,Jerdons_Leafbird,9.0,12.0
../ibc53/Jerdons_Leafbird/2.wav,Jerdons_Leafbird,12.0,15.0
../ibc53/Jerdons_Leafbird/2.wav,Jerdons_Leafbird,15.0,18.0
../ibc53/Jerdons_Leafbird/2.wav,Jerdons_Leafbird,18.0,21.0
../ibc53/Jerdons_Leafbird/2.wav,Jerdons_Leafbird,21.0,24.0
../ibc53/Jerdons_Leafbird/2.wav,Jerdons_Leafbird,24.0,27.0
../ibc53/Jerdons_Leafbird/2.wav,Jerdons_Leafbird,27.0,30.0
../ibc53/Jerdons_Leafbird/2.wav,Jerdons_Leafbird,30.0,33.0
../ibc53/Jerdons_Leafbird/2.wav,Jerdons_Leafbird,33.0,36.0
../ibc53/Jerdons_Leafbird/2.wav,Jerdons_Leafbird,36.0,39.0
../ibc53/Jerdons_Leafbird/2.wav,Jerdons_Leafbird,39.0,42.0
../ibc53/Jerdons_Leafbird/2.wav,Jerdons_Leafbird,42.0,45.0
../ibc53/Jerdons_Leafbird/2.wav,Jerdons_Leafbird,45.0,48.0
../ibc53/Jerdons_Leafbird/2.wav,Jerdons_Leafbird,48.0,51.0
../ibc53/Jerdons_Leafbird/2.wav,Jerdons_Leafbird,51.0,54.0
../ibc53/Jerdons_Leafbird/2.wav,Jerdons_Leafbird,54.0,57.0
../ibc53/Jerdons_Leafbird/4.wav,Jerdons_Leafbird,0,3.0
../ibc53/Jerdons_Leafbird/4.wav,Jerdons_Leafbird,3.0,6.0
../ibc53/Jerdons_Leafbird/4.wav,Jerdons_Leafbird,6.0,9.0
../ibc53/Jerdons_Leafbird/4.wav,Jerdons_Leafbird,9.0,12.0
../ibc53/Jerdons_Leafbird/4.wav,Jerdons_Leafbird,12.0,15.0
../ibc53/Jerdons_Leafbird/4.wav,Jerdons_Leafbird,15.0,18.0
../ibc53/Jerdons_Leafbird/4.wav,Jerdons_Leafbird,18.0,21.0
../ibc53/Jerdons_Leafbird/4.wav,Jerdons_Leafbird,21.0,24.0
../ibc53/Jerdons_Leafbird/4.wav,Jerdons_Leafbird,24.0,27.0
../ibc53/Jerdons_Leafbird/4.wav,Jerdons_Leafbird,27.0,30.0
../ibc53/Jerdons_Leafbird/4.wav,Jerdons_Leafbird,30.0,33.0
../ibc53/Jerdons_Leafbird/4.wav,Jerdons_Leafbird,33.0,36.0
../ibc53/Jerdons_Leafbird/10.wav,Jerdons_Leafbird,0,3.0
../ibc53/Jerdons_Leafbird/10.wav,Jerdons_Leafbird,3.0,6.0
../ibc53/Jerdons_Leafbird/10.wav,Jerdons_Leafbird,6.0,9.0
../ibc53/Jerdons_Leafbird/10.wav,Jerdons_Leafbird,9.0,12.0
../ibc53/Jerdons_Leafbird/10.wav,Jerdons_Leafbird,12.0,15.0
../ibc53/Jerdons_Leafbird/10.wav,Jerdons_Leafbird,15.0,18.0
../ibc53/Jerdons_Leafbird/10.wav,Jerdons_Leafbird,18.0,21.0
../ibc53/Jerdons_Leafbird/10.wav,Jerdons_Leafbird,21.0,24.0
../ibc53/Jerdons_Leafbird/10.wav,Jerdons_Leafbird,24.0,27.0
../ibc53/Jerdons_Leafbird/10.wav,Jerdons_Leafbird,27.0,30.0
../ibc53/Jerdons_Leafbird/10.wav,Jerdons_Leafbird,30.0,33.0
../ibc53/Jerdons_Leafbird/10.wav,Jerdons_Leafbird,33.0,36.0
../ibc53/Jerdons_Leafbird/10.wav,Jerdons_Leafbird,36.0,39.0
../ibc53/Jerdons_Leafbird/9.wav,Jerdons_Leafbird,0,3.0
../ibc53/Jerdons_Leafbird/9.wav,Jerdons_Leafbird,3.0,6.0
../ibc53/Jerdons_Leafbird/9.wav,Jerdons_Leafbird,6.0,9.0
../ibc53/Jerdons_Leafbird/9.wav,Jerdons_Leafbird,9.0,12.0
../ibc53/Jerdons_Leafbird/9.wav,Jerdons_Leafbird,12.0,15.0
../ibc53/Jerdons_Leafbird/9.wav,Jerdons_Leafbird,15.0,18.0
../ibc53/Jerdons_Leafbird/9.wav,Jerdons_Leafbird,18.0,21.0
../ibc53/Jerdons_Leafbird/9.wav,Jerdons_Leafbird,21.0,24.0
../ibc53/Jerdons_Leafbird/9.wav,Jerdons_Leafbird,24.0,27.0
../ibc53/Jerdons_Leafbird/9.wav,Jerdons_Leafbird,27.0,30.0
../ibc53/Jerdons_Leafbird/9.wav,Jerdons_Leafbird,30.0,33.0
../ibc53/Jerdons_Leafbird/9.wav,Jerdons_Leafbird,33.0,36.0
../ibc53/Jerdons_Leafbird/9.wav,Jerdons_Leafbird,36.0,39.0
../ibc53/Jerdons_Leafbird/9.wav,Jerdons_Leafbird,39.0,42.0
../ibc53/Jerdons_Leafbird/9.wav,Jerdons_Leafbird,42.0,45.0
../ibc53/Jerdons_Leafbird/9.wav,Jerdons_Leafbird,45.0,48.0
../ibc53/Jerdons_Leafbird/9.wav,Jerdons_Leafbird,48.0,51.0
../ibc53/Jerdons_Leafbird/9.wav,Jerdons_Leafbird,51.0,54.0
../ibc53/Jerdons_Leafbird/9.wav,Jerdons_Leafbird,54.0,57.0
../ibc53/Jerdons_Leafbird/9.wav,Jerdons_Leafbird,57.0,60.0
../ibc53/Jerdons_Leafbird/9.wav,Jerdons_Leafbird,60.0,63.0
../ibc53/Jerdons_Leafbird/9.wav,Jerdons_Leafbird,63.0,66.0
../ibc53/Jerdons_Leafbird/9.wav,Jerdons_Leafbird,66.0,69.0
../ibc53/Jerdons_Leafbird/9.wav,Jerdons_Leafbird,69.0,72.0
../ibc53/Jerdons_Leafbird/9.wav,Jerdons_Leafbird,72.0,75.0
../ibc53/Jerdons_Leafbird/9.wav,Jerdons_Leafbird,75.0,78.0
../ibc53/Jerdons_Leafbird/9.wav,Jerdons_Leafbird,78.0,81.0
../ibc53/Jerdons_Leafbird/6.wav,Jerdons_Leafbird,0,3.0
../ibc53/Jerdons_Leafbird/6.wav,Jerdons_Leafbird,3.0,6.0
../ibc53/Jerdons_Leafbird/6.wav,Jerdons_Leafbird,6.0,9.0
../ibc53/Jerdons_Leafbird/6.wav,Jerdons_Leafbird,9.0,12.0
../ibc53/Jerdons_Leafbird/6.wav,Jerdons_Leafbird,12.0,15.0
../ibc53/Jerdons_Leafbird/6.wav,Jerdons_Leafbird,15.0,18.0
../ibc53/Jerdons_Leafbird/6.wav,Jerdons_Leafbird,18.0,21.0
../ibc53/Jerdons_Leafbird/6.wav,Jerdons_Leafbird,21.0,24.0
../ibc53/Jerdons_Leafbird/6.wav,Jerdons_Leafbird,24.0,27.0
../ibc53/Jerdons_Leafbird/6.wav,Jerdons_Leafbird,27.0,30.0
../ibc53/Jerdons_Leafbird/6.wav,Jerdons_Leafbird,30.0,33.0
../ibc53/Jerdons_Leafbird/6.wav,Jerdons_Leafbird,33.0,36.0
../ibc53/Jerdons_Leafbird/6.wav,Jerdons_Leafbird,36.0,39.0
../ibc53/Jerdons_Leafbird/6.wav,Jerdons_Leafbird,39.0,42.0
../ibc53/Jerdons_Leafbird/6.wav,Jerdons_Leafbird,42.0,45.0
../ibc53/Jerdons_Leafbird/6.wav,Jerdons_Leafbird,45.0,48.0
../ibc53/Jerdons_Leafbird/6.wav,Jerdons_Leafbird,48.0,51.0
../ibc53/Jerdons_Leafbird/6.wav,Jerdons_Leafbird,51.0,54.0
../ibc53/Jerdons_Leafbird/6.wav,Jerdons_Leafbird,54.0,57.0
../ibc53/Jerdons_Leafbird/6.wav,Jerdons_Leafbird,57.0,60.0
../ibc53/Jerdons_Leafbird/6.wav,Jerdons_Leafbird,60.0,63.0
../ibc53/Jerdons_Leafbird/6.wav,Jerdons_Leafbird,63.0,66.0
../ibc53/Jerdons_Leafbird/6.wav,Jerdons_Leafbird,66.0,69.0
../ibc53/Jerdons_Leafbird/6.wav,Jerdons_Leafbird,69.0,72.0
../ibc53/Jerdons_Leafbird/6.wav,Jerdons_Leafbird,72.0,75.0
../ibc53/Jerdons_Leafbird/6.wav,Jerdons_Leafbird,75.0,78.0
../ibc53/Jerdons_Leafbird/6.wav,Jerdons_Leafbird,78.0,81.0
../ibc53/Jerdons_Leafbird/11.wav,Jerdons_Leafbird,0,3.0
../ibc53/Jerdons_Leafbird/11.wav,Jerdons_Leafbird,3.0,6.0
../ibc53/Jerdons_Leafbird/11.wav,Jerdons_Leafbird,6.0,9.0
../ibc53/Jerdons_Leafbird/11.wav,Jerdons_Leafbird,9.0,12.0
../ibc53/Jerdons_Leafbird/11.wav,Jerdons_Leafbird,12.0,15.0
../ibc53/Jerdons_Leafbird/11.wav,Jerdons_Leafbird,15.0,18.0
../ibc53/Jerdons_Leafbird/11.wav,Jerdons_Leafbird,18.0,21.0
../ibc53/Jerdons_Leafbird/11.wav,Jerdons_Leafbird,21.0,24.0
../ibc53/Jerdons_Leafbird/11.wav,Jerdons_Leafbird,24.0,27.0
../ibc53/Jungle_Myna/15.wav,Jungle_Myna,0,3.0
../ibc53/Jungle_Myna/15.wav,Jungle_Myna,3.0,6.0
../ibc53/Jungle_Myna/3.wav,Jungle_Myna,0,3.0
../ibc53/Jungle_Myna/3.wav,Jungle_Myna,3.0,6.0
../ibc53/Jungle_Myna/5.wav,Jungle_Myna,0,3.0
../ibc53/Jungle_Myna/5.wav,Jungle_Myna,3.0,6.0
../ibc53/Jungle_Myna/5.wav,Jungle_Myna,6.0,9.0
../ibc53/Jungle_Myna/5.wav,Jungle_Myna,9.0,12.0
../ibc53/Jungle_Myna/5.wav,Jungle_Myna,12.0,15.0
../ibc53/Jungle_Myna/5.wav,Jungle_Myna,15.0,18.0
../ibc53/Jungle_Myna/5.wav,Jungle_Myna,18.0,21.0
../ibc53/Jungle_Myna/5.wav,Jungle_Myna,21.0,24.0
../ibc53/Jungle_Myna/5.wav,Jungle_Myna,24.0,27.0
../ibc53/Jungle_Myna/5.wav,Jungle_Myna,27.0,30.0
../ibc53/Jungle_Myna/5.wav,Jungle_Myna,30.0,33.0
../ibc53/Jungle_Myna/5.wav,Jungle_Myna,33.0,36.0
../ibc53/Jungle_Myna/5.wav,Jungle_Myna,36.0,39.0
../ibc53/Jungle_Myna/5.wav,Jungle_Myna,39.0,42.0
../ibc53/Jungle_Myna/5.wav,Jungle_Myna,42.0,45.0
../ibc53/Jungle_Myna/5.wav,Jungle_Myna,45.0,48.0
../ibc53/Jungle_Myna/5.wav,Jungle_Myna,48.0,51.0
../ibc53/Jungle_Myna/5.wav,Jungle_Myna,51.0,54.0
../ibc53/Jungle_Myna/7.wav,Jungle_Myna,0,3.0
../ibc53/Jungle_Myna/7.wav,Jungle_Myna,3.0,6.0
../ibc53/Jungle_Myna/7.wav,Jungle_Myna,6.0,9.0
../ibc53/Jungle_Myna/7.wav,Jungle_Myna,9.0,12.0
../ibc53/Jungle_Myna/7.wav,Jungle_Myna,12.0,15.0
../ibc53/Jungle_Myna/7.wav,Jungle_Myna,15.0,18.0
../ibc53/Jungle_Myna/7.wav,Jungle_Myna,18.0,21.0
../ibc53/Jungle_Myna/7.wav,Jungle_Myna,21.0,24.0
../ibc53/Jungle_Myna/7.wav,Jungle_Myna,24.0,27.0
../ibc53/Jungle_Myna/7.wav,Jungle_Myna,27.0,30.0
../ibc53/Jungle_Myna/7.wav,Jungle_Myna,30.0,33.0
../ibc53/Jungle_Myna/7.wav,Jungle_Myna,33.0,36.0
../ibc53/Jungle_Myna/7.wav,Jungle_Myna,36.0,39.0
../ibc53/Jungle_Myna/7.wav,Jungle_Myna,39.0,42.0
../ibc53/Jungle_Myna/7.wav,Jungle_Myna,42.0,45.0
../ibc53/Jungle_Myna/7.wav,Jungle_Myna,45.0,48.0
../ibc53/Jungle_Myna/7.wav,Jungle_Myna,48.0,51.0
../ibc53/Jungle_Myna/8.wav,Jungle_Myna,0,3.0
../ibc53/Jungle_Myna/8.wav,Jungle_Myna,3.0,6.0
../ibc53/Jungle_Myna/8.wav,Jungle_Myna,6.0,9.0
../ibc53/Jungle_Myna/8.wav,Jungle_Myna,9.0,12.0
../ibc53/Jungle_Myna/8.wav,Jungle_Myna,12.0,15.0
../ibc53/Jungle_Myna/8.wav,Jungle_Myna,15.0,18.0
../ibc53/Jungle_Myna/8.wav,Jungle_Myna,18.0,21.0
../ibc53/Jungle_Myna/8.wav,Jungle_Myna,21.0,24.0
../ibc53/Jungle_Myna/8.wav,Jungle_Myna,24.0,27.0
../ibc53/Jungle_Myna/8.wav,Jungle_Myna,27.0,30.0
../ibc53/Jungle_Myna/8.wav,Jungle_Myna,30.0,33.0
../ibc53/Jungle_Myna/8.wav,Jungle_Myna,33.0,36.0
../ibc53/Jungle_Myna/17.wav,Jungle_Myna,0,3.0
../ibc53/Jungle_Myna/1.wav,Jungle_Myna,0,3.0
../ibc53/Jungle_Myna/1.wav,Jungle_Myna,3.0,6.0
../ibc53/Jungle_Myna/1.wav,Jungle_Myna,6.0,9.0
../ibc53/Jungle_Myna/1.wav,Jungle_Myna,9.0,12.0
../ibc53/Jungle_Myna/1.wav,Jungle_Myna,12.0,15.0
../ibc53/Jungle_Myna/1.wav,Jungle_Myna,15.0,18.0
../ibc53/Jungle_Myna/13.wav,Jungle_Myna,0,3.0
../ibc53/Jungle_Myna/13.wav,Jungle_Myna,3.0,6.0
../ibc53/Jungle_Myna/13.wav,Jungle_Myna,6.0,9.0
../ibc53/Jungle_Myna/13.wav,Jungle_Myna,9.0,12.0
../ibc53/Jungle_Myna/16.wav,Jungle_Myna,0,3.0
../ibc53/Jungle_Myna/16.wav,Jungle_Myna,3.0,6.0
../ibc53/Jungle_Myna/16.wav,Jungle_Myna,6.0,9.0
../ibc53/Jungle_Myna/16.wav,Jungle_Myna,9.0,12.0
../ibc53/Jungle_Myna/12.wav,Jungle_Myna,0,3.0
../ibc53/Jungle_Myna/12.wav,Jungle_Myna,3.0,6.0
../ibc53/Jungle_Myna/12.wav,Jungle_Myna,6.0,9.0
../ibc53/Jungle_Myna/12.wav,Jungle_Myna,9.0,12.0
../ibc53/Jungle_Myna/12.wav,Jungle_Myna,12.0,15.0
../ibc53/Jungle_Myna/12.wav,Jungle_Myna,15.0,18.0
../ibc53/Jungle_Myna/12.wav,Jungle_Myna,18.0,21.0
../ibc53/Jungle_Myna/12.wav,Jungle_Myna,21.0,24.0
../ibc53/Jungle_Myna/12.wav,Jungle_Myna,24.0,27.0
../ibc53/Jungle_Myna/12.wav,Jungle_Myna,27.0,30.0
../ibc53/Jungle_Myna/2.wav,Jungle_Myna,0,3.0
../ibc53/Jungle_Myna/2.wav,Jungle_Myna,3.0,6.0
../ibc53/Jungle_Myna/2.wav,Jungle_Myna,6.0,9.0
../ibc53/Jungle_Myna/2.wav,Jungle_Myna,9.0,12.0
../ibc53/Jungle_Myna/2.wav,Jungle_Myna,12.0,15.0
../ibc53/Jungle_Myna/2.wav,Jungle_Myna,15.0,18.0
../ibc53/Jungle_Myna/2.wav,Jungle_Myna,18.0,21.0
../ibc53/Jungle_Myna/2.wav,Jungle_Myna,21.0,24.0
../ibc53/Jungle_Myna/2.wav,Jungle_Myna,24.0,27.0
../ibc53/Jungle_Myna/4.wav,Jungle_Myna,0,3.0
../ibc53/Jungle_Myna/4.wav,Jungle_Myna,3.0,6.0
../ibc53/Jungle_Myna/4.wav,Jungle_Myna,6.0,9.0
../ibc53/Jungle_Myna/4.wav,Jungle_Myna,9.0,12.0
../ibc53/Jungle_Myna/4.wav,Jungle_Myna,12.0,15.0
../ibc53/Jungle_Myna/4.wav,Jungle_Myna,15.0,18.0
../ibc53/Jungle_Myna/4.wav,Jungle_Myna,18.0,21.0
../ibc53/Jungle_Myna/4.wav,Jungle_Myna,21.0,24.0
../ibc53/Jungle_Myna/4.wav,Jungle_Myna,24.0,27.0
../ibc53/Jungle_Myna/4.wav,Jungle_Myna,27.0,30.0
../ibc53/Jungle_Myna/4.wav,Jungle_Myna,30.0,33.0
../ibc53/Jungle_Myna/4.wav,Jungle_Myna,33.0,36.0
../ibc53/Jungle_Myna/14.wav,Jungle_Myna,0,3.0
../ibc53/Jungle_Myna/14.wav,Jungle_Myna,3.0,6.0
../ibc53/Jungle_Myna/14.wav,Jungle_Myna,6.0,9.0
../ibc53/Jungle_Myna/14.wav,Jungle_Myna,9.0,12.0
../ibc53/Jungle_Myna/10.wav,Jungle_Myna,0,3.0
../ibc53/Jungle_Myna/10.wav,Jungle_Myna,3.0,6.0
../ibc53/Jungle_Myna/10.wav,Jungle_Myna,6.0,9.0
../ibc53/Jungle_Myna/10.wav,Jungle_Myna,9.0,12.0
../ibc53/Jungle_Myna/10.wav,Jungle_Myna,12.0,15.0
../ibc53/Jungle_Myna/9.wav,Jungle_Myna,0,3.0
../ibc53/Jungle_Myna/9.wav,Jungle_Myna,3.0,6.0
../ibc53/Jungle_Myna/9.wav,Jungle_Myna,6.0,9.0
../ibc53/Jungle_Myna/9.wav,Jungle_Myna,9.0,12.0
../ibc53/Jungle_Myna/9.wav,Jungle_Myna,12.0,15.0
../ibc53/Jungle_Myna/9.wav,Jungle_Myna,15.0,18.0
../ibc53/Jungle_Myna/9.wav,Jungle_Myna,18.0,21.0
../ibc53/Jungle_Myna/9.wav,Jungle_Myna,21.0,24.0
../ibc53/Jungle_Myna/9.wav,Jungle_Myna,24.0,27.0
../ibc53/Jungle_Myna/9.wav,Jungle_Myna,27.0,30.0
../ibc53/Jungle_Myna/9.wav,Jungle_Myna,30.0,33.0
../ibc53/Jungle_Myna/9.wav,Jungle_Myna,33.0,36.0
../ibc53/Jungle_Myna/9.wav,Jungle_Myna,36.0,39.0
../ibc53/Jungle_Myna/9.wav,Jungle_Myna,39.0,42.0
../ibc53/Jungle_Myna/9.wav,Jungle_Myna,42.0,45.0
../ibc53/Jungle_Myna/9.wav,Jungle_Myna,45.0,48.0
../ibc53/Jungle_Myna/6.wav,Jungle_Myna,0,3.0
../ibc53/Jungle_Myna/6.wav,Jungle_Myna,3.0,6.0
../ibc53/Jungle_Myna/6.wav,Jungle_Myna,6.0,9.0
../ibc53/Jungle_Myna/11.wav,Jungle_Myna,0,3.0
../ibc53/Jungle_Myna/11.wav,Jungle_Myna,3.0,6.0
../ibc53/Jungle_Myna/11.wav,Jungle_Myna,6.0,9.0
../ibc53/Jungle_Myna/11.wav,Jungle_Myna,9.0,12.0
../ibc53/Jungle_Myna/11.wav,Jungle_Myna,12.0,15.0
../ibc53/Jungle_Myna/11.wav,Jungle_Myna,15.0,18.0
../ibc53/Jungle_Myna/11.wav,Jungle_Myna,18.0,21.0
../ibc53/Large-billed_Blue_Flycatcher/3.wav,Large-billed_Blue_Flycatcher,0,3.0
../ibc53/Large-billed_Blue_Flycatcher/3.wav,Large-billed_Blue_Flycatcher,3.0,6.0
../ibc53/Large-billed_Blue_Flycatcher/3.wav,Large-billed_Blue_Flycatcher,6.0,9.0
../ibc53/Large-billed_Blue_Flycatcher/3.wav,Large-billed_Blue_Flycatcher,9.0,12.0
../ibc53/Large-billed_Blue_Flycatcher/3.wav,Large-billed_Blue_Flycatcher,12.0,15.0
../ibc53/Large-billed_Blue_Flycatcher/3.wav,Large-billed_Blue_Flycatcher,15.0,18.0
../ibc53/Large-billed_Blue_Flycatcher/3.wav,Large-billed_Blue_Flycatcher,18.0,21.0
../ibc53/Large-billed_Blue_Flycatcher/3.wav,Large-billed_Blue_Flycatcher,21.0,24.0
../ibc53/Large-billed_Blue_Flycatcher/5.wav,Large-billed_Blue_Flycatcher,0,3.0
../ibc53/Large-billed_Blue_Flycatcher/5.wav,Large-billed_Blue_Flycatcher,3.0,6.0
../ibc53/Large-billed_Blue_Flycatcher/5.wav,Large-billed_Blue_Flycatcher,6.0,9.0
../ibc53/Large-billed_Blue_Flycatcher/5.wav,Large-billed_Blue_Flycatcher,9.0,12.0
../ibc53/Large-billed_Blue_Flycatcher/5.wav,Large-billed_Blue_Flycatcher,12.0,15.0
../ibc53/Large-billed_Blue_Flycatcher/5.wav,Large-billed_Blue_Flycatcher,15.0,18.0
../ibc53/Large-billed_Blue_Flycatcher/5.wav,Large-billed_Blue_Flycatcher,18.0,21.0
../ibc53/Large-billed_Blue_Flycatcher/5.wav,Large-billed_Blue_Flycatcher,21.0,24.0
../ibc53/Large-billed_Blue_Flycatcher/5.wav,Large-billed_Blue_Flycatcher,24.0,27.0
../ibc53/Large-billed_Blue_Flycatcher/5.wav,Large-billed_Blue_Flycatcher,27.0,30.0
../ibc53/Large-billed_Blue_Flycatcher/5.wav,Large-billed_Blue_Flycatcher,30.0,33.0
../ibc53/Large-billed_Blue_Flycatcher/5.wav,Large-billed_Blue_Flycatcher,33.0,36.0
../ibc53/Large-billed_Blue_Flycatcher/5.wav,Large-billed_Blue_Flycatcher,36.0,39.0
../ibc53/Large-billed_Blue_Flycatcher/5.wav,Large-billed_Blue_Flycatcher,39.0,42.0
../ibc53/Large-billed_Blue_Flycatcher/5.wav,Large-billed_Blue_Flycatcher,42.0,45.0
../ibc53/Large-billed_Blue_Flycatcher/5.wav,Large-billed_Blue_Flycatcher,45.0,48.0
../ibc53/Large-billed_Blue_Flycatcher/5.wav,Large-billed_Blue_Flycatcher,48.0,51.0
../ibc53/Large-billed_Blue_Flycatcher/5.wav,Large-billed_Blue_Flycatcher,51.0,54.0
../ibc53/Large-billed_Blue_Flycatcher/5.wav,Large-billed_Blue_Flycatcher,54.0,57.0
../ibc53/Large-billed_Blue_Flycatcher/5.wav,Large-billed_Blue_Flycatcher,57.0,60.0
../ibc53/Large-billed_Blue_Flycatcher/5.wav,Large-billed_Blue_Flycatcher,60.0,63.0
../ibc53/Large-billed_Blue_Flycatcher/5.wav,Large-billed_Blue_Flycatcher,63.0,66.0
../ibc53/Large-billed_Blue_Flycatcher/5.wav,Large-billed_Blue_Flycatcher,66.0,69.0
../ibc53/Large-billed_Blue_Flycatcher/5.wav,Large-billed_Blue_Flycatcher,69.0,72.0
../ibc53/Large-billed_Blue_Flycatcher/5.wav,Large-billed_Blue_Flycatcher,72.0,75.0
../ibc53/Large-billed_Blue_Flycatcher/5.wav,Large-billed_Blue_Flycatcher,75.0,78.0
../ibc53/Large-billed_Blue_Flycatcher/7.wav,Large-billed_Blue_Flycatcher,0,3.0
../ibc53/Large-billed_Blue_Flycatcher/7.wav,Large-billed_Blue_Flycatcher,3.0,6.0
../ibc53/Large-billed_Blue_Flycatcher/7.wav,Large-billed_Blue_Flycatcher,6.0,9.0
../ibc53/Large-billed_Blue_Flycatcher/7.wav,Large-billed_Blue_Flycatcher,9.0,12.0
../ibc53/Large-billed_Blue_Flycatcher/7.wav,Large-billed_Blue_Flycatcher,12.0,15.0
../ibc53/Large-billed_Blue_Flycatcher/7.wav,Large-billed_Blue_Flycatcher,15.0,18.0
../ibc53/Large-billed_Blue_Flycatcher/8.wav,Large-billed_Blue_Flycatcher,0,3.0
../ibc53/Large-billed_Blue_Flycatcher/8.wav,Large-billed_Blue_Flycatcher,3.0,6.0
../ibc53/Large-billed_Blue_Flycatcher/8.wav,Large-billed_Blue_Flycatcher,6.0,9.0
../ibc53/Large-billed_Blue_Flycatcher/8.wav,Large-billed_Blue_Flycatcher,9.0,12.0
../ibc53/Large-billed_Blue_Flycatcher/8.wav,Large-billed_Blue_Flycatcher,12.0,15.0
../ibc53/Large-billed_Blue_Flycatcher/8.wav,Large-billed_Blue_Flycatcher,15.0,18.0
../ibc53/Large-billed_Blue_Flycatcher/8.wav,Large-billed_Blue_Flycatcher,18.0,21.0
../ibc53/Large-billed_Blue_Flycatcher/8.wav,Large-billed_Blue_Flycatcher,21.0,24.0
../ibc53/Large-billed_Blue_Flycatcher/8.wav,Large-billed_Blue_Flycatcher,24.0,27.0
../ibc53/Large-billed_Blue_Flycatcher/8.wav,Large-billed_Blue_Flycatcher,27.0,30.0
../ibc53/Large-billed_Blue_Flycatcher/8.wav,Large-billed_Blue_Flycatcher,30.0,33.0
../ibc53/Large-billed_Blue_Flycatcher/8.wav,Large-billed_Blue_Flycatcher,33.0,36.0
../ibc53/Large-billed_Blue_Flycatcher/8.wav,Large-billed_Blue_Flycatcher,36.0,39.0
../ibc53/Large-billed_Blue_Flycatcher/8.wav,Large-billed_Blue_Flycatcher,39.0,42.0
../ibc53/Large-billed_Blue_Flycatcher/8.wav,Large-billed_Blue_Flycatcher,42.0,45.0
../ibc53/Large-billed_Blue_Flycatcher/8.wav,Large-billed_Blue_Flycatcher,45.0,48.0
../ibc53/Large-billed_Blue_Flycatcher/8.wav,Large-billed_Blue_Flycatcher,48.0,51.0
../ibc53/Large-billed_Blue_Flycatcher/8.wav,Large-billed_Blue_Flycatcher,51.0,54.0
../ibc53/Large-billed_Blue_Flycatcher/8.wav,Large-billed_Blue_Flycatcher,54.0,57.0
../ibc53/Large-billed_Blue_Flycatcher/8.wav,Large-billed_Blue_Flycatcher,57.0,60.0
../ibc53/Large-billed_Blue_Flycatcher/8.wav,Large-billed_Blue_Flycatcher,60.0,63.0
../ibc53/Large-billed_Blue_Flycatcher/8.wav,Large-billed_Blue_Flycatcher,63.0,66.0
../ibc53/Large-billed_Blue_Flycatcher/8.wav,Large-billed_Blue_Flycatcher,66.0,69.0
../ibc53/Large-billed_Blue_Flycatcher/8.wav,Large-billed_Blue_Flycatcher,69.0,72.0
../ibc53/Large-billed_Blue_Flycatcher/1.wav,Large-billed_Blue_Flycatcher,0,3.0
../ibc53/Large-billed_Blue_Flycatcher/1.wav,Large-billed_Blue_Flycatcher,3.0,6.0
../ibc53/Large-billed_Blue_Flycatcher/1.wav,Large-billed_Blue_Flycatcher,6.0,9.0
../ibc53/Large-billed_Blue_Flycatcher/1.wav,Large-billed_Blue_Flycatcher,9.0,12.0
../ibc53/Large-billed_Blue_Flycatcher/1.wav,Large-billed_Blue_Flycatcher,12.0,15.0
../ibc53/Large-billed_Blue_Flycatcher/1.wav,Large-billed_Blue_Flycatcher,15.0,18.0
../ibc53/Large-billed_Blue_Flycatcher/1.wav,Large-billed_Blue_Flycatcher,18.0,21.0
../ibc53/Large-billed_Blue_Flycatcher/1.wav,Large-billed_Blue_Flycatcher,21.0,24.0
../ibc53/Large-billed_Blue_Flycatcher/1.wav,Large-billed_Blue_Flycatcher,24.0,27.0
../ibc53/Large-billed_Blue_Flycatcher/1.wav,Large-billed_Blue_Flycatcher,27.0,30.0
../ibc53/Large-billed_Blue_Flycatcher/1.wav,Large-billed_Blue_Flycatcher,30.0,33.0
../ibc53/Large-billed_Blue_Flycatcher/1.wav,Large-billed_Blue_Flycatcher,33.0,36.0
../ibc53/Large-billed_Blue_Flycatcher/1.wav,Large-billed_Blue_Flycatcher,36.0,39.0
../ibc53/Large-billed_Blue_Flycatcher/1.wav,Large-billed_Blue_Flycatcher,39.0,42.0
../ibc53/Large-billed_Blue_Flycatcher/1.wav,Large-billed_Blue_Flycatcher,42.0,45.0
../ibc53/Large-billed_Blue_Flycatcher/1.wav,Large-billed_Blue_Flycatcher,45.0,48.0
../ibc53/Large-billed_Blue_Flycatcher/1.wav,Large-billed_Blue_Flycatcher,48.0,51.0
../ibc53/Large-billed_Blue_Flycatcher/1.wav,Large-billed_Blue_Flycatcher,51.0,54.0
../ibc53/Large-billed_Blue_Flycatcher/1.wav,Large-billed_Blue_Flycatcher,54.0,57.0
../ibc53/Large-billed_Blue_Flycatcher/1.wav,Large-billed_Blue_Flycatcher,57.0,60.0
../ibc53/Large-billed_Blue_Flycatcher/2.wav,Large-billed_Blue_Flycatcher,0,3.0
../ibc53/Large-billed_Blue_Flycatcher/2.wav,Large-billed_Blue_Flycatcher,3.0,6.0
../ibc53/Large-billed_Blue_Flycatcher/2.wav,Large-billed_Blue_Flycatcher,6.0,9.0
../ibc53/Large-billed_Blue_Flycatcher/4.wav,Large-billed_Blue_Flycatcher,0,3.0
../ibc53/Large-billed_Blue_Flycatcher/4.wav,Large-billed_Blue_Flycatcher,3.0,6.0
../ibc53/Large-billed_Blue_Flycatcher/4.wav,Large-billed_Blue_Flycatcher,6.0,9.0
../ibc53/Large-billed_Blue_Flycatcher/4.wav,Large-billed_Blue_Flycatcher,9.0,12.0
../ibc53/Large-billed_Blue_Flycatcher/6.wav,Large-billed_Blue_Flycatcher,0,3.0
../ibc53/Large-billed_Blue_Flycatcher/6.wav,Large-billed_Blue_Flycatcher,3.0,6.0
../ibc53/Large-billed_Blue_Flycatcher/6.wav,Large-billed_Blue_Flycatcher,6.0,9.0
../ibc53/Large-billed_Blue_Flycatcher/6.wav,Large-billed_Blue_Flycatcher,9.0,12.0
../ibc53/Large-billed_Blue_Flycatcher/6.wav,Large-billed_Blue_Flycatcher,12.0,15.0
../ibc53/Large-billed_Blue_Flycatcher/6.wav,Large-billed_Blue_Flycatcher,15.0,18.0
../ibc53/Large-billed_Blue_Flycatcher/6.wav,Large-billed_Blue_Flycatcher,18.0,21.0
../ibc53/Large-billed_Blue_Flycatcher/6.wav,Large-billed_Blue_Flycatcher,21.0,24.0
../ibc53/Large-billed_Blue_Flycatcher/6.wav,Large-billed_Blue_Flycatcher,24.0,27.0
../ibc53/Large-billed_Blue_Flycatcher/6.wav,Large-billed_Blue_Flycatcher,27.0,30.0
../ibc53/Large-billed_Blue_Flycatcher/6.wav,Large-billed_Blue_Flycatcher,30.0,33.0
../ibc53/Large-billed_Blue_Flycatcher/6.wav,Large-billed_Blue_Flycatcher,33.0,36.0
../ibc53/Large-billed_Blue_Flycatcher/6.wav,Large-billed_Blue_Flycatcher,36.0,39.0
../ibc53/Large-billed_Blue_Flycatcher/6.wav,Large-billed_Blue_Flycatcher,39.0,42.0
../ibc53/Large-billed_Blue_Flycatcher/6.wav,Large-billed_Blue_Flycatcher,42.0,45.0
../ibc53/Large-billed_Blue_Flycatcher/6.wav,Large-billed_Blue_Flycatcher,45.0,48.0
../ibc53/Large-billed_Blue_Flycatcher/6.wav,Large-billed_Blue_Flycatcher,48.0,51.0
../ibc53/Large-billed_Blue_Flycatcher/6.wav,Large-billed_Blue_Flycatcher,51.0,54.0
../ibc53/Large-billed_Blue_Flycatcher/6.wav,Large-billed_Blue_Flycatcher,54.0,57.0
../ibc53/Large-billed_Blue_Flycatcher/6.wav,Large-billed_Blue_Flycatcher,57.0,60.0
../ibc53/Large-billed_Blue_Flycatcher/6.wav,Large-billed_Blue_Flycatcher,60.0,63.0
../ibc53/Large-billed_Blue_Flycatcher/6.wav,Large-billed_Blue_Flycatcher,63.0,66.0
../ibc53/Large-billed_Blue_Flycatcher/6.wav,Large-billed_Blue_Flycatcher,66.0,69.0
../ibc53/Large-billed_Blue_Flycatcher/6.wav,Large-billed_Blue_Flycatcher,69.0,72.0
../ibc53/Large-billed_Blue_Flycatcher/6.wav,Large-billed_Blue_Flycatcher,72.0,75.0
../ibc53/Large-billed_Blue_Flycatcher/6.wav,Large-billed_Blue_Flycatcher,75.0,78.0
../ibc53/Large-billed_Blue_Flycatcher/6.wav,Large-billed_Blue_Flycatcher,78.0,81.0
../ibc53/Large-billed_Blue_Flycatcher/6.wav,Large-billed_Blue_Flycatcher,81.0,84.0
../ibc53/Large-billed_Blue_Flycatcher/6.wav,Large-billed_Blue_Flycatcher,84.0,87.0
../ibc53/Large-billed_Blue_Flycatcher/6.wav,Large-billed_Blue_Flycatcher,87.0,90.0
../ibc53/Large-billed_Blue_Flycatcher/6.wav,Large-billed_Blue_Flycatcher,90.0,93.0
../ibc53/Large-billed_Blue_Flycatcher/6.wav,Large-billed_Blue_Flycatcher,93.0,96.0
../ibc53/Large-billed_Blue_Flycatcher/6.wav,Large-billed_Blue_Flycatcher,96.0,99.0
../ibc53/Large-billed_Blue_Flycatcher/6.wav,Large-billed_Blue_Flycatcher,99.0,102.0
../ibc53/Large-billed_Blue_Flycatcher/6.wav,Large-billed_Blue_Flycatcher,102.0,105.0
../ibc53/Lineated_Barbet/15.wav,Lineated_Barbet,0,3.0
../ibc53/Lineated_Barbet/15.wav,Lineated_Barbet,3.0,6.0
../ibc53/Lineated_Barbet/15.wav,Lineated_Barbet,6.0,9.0
../ibc53/Lineated_Barbet/15.wav,Lineated_Barbet,9.0,12.0
../ibc53/Lineated_Barbet/15.wav,Lineated_Barbet,12.0,15.0
../ibc53/Lineated_Barbet/15.wav,Lineated_Barbet,15.0,18.0
../ibc53/Lineated_Barbet/15.wav,Lineated_Barbet,18.0,21.0
../ibc53/Lineated_Barbet/15.wav,Lineated_Barbet,21.0,24.0
../ibc53/Lineated_Barbet/15.wav,Lineated_Barbet,24.0,27.0
../ibc53/Lineated_Barbet/15.wav,Lineated_Barbet,27.0,30.0
../ibc53/Lineated_Barbet/15.wav,Lineated_Barbet,30.0,33.0
../ibc53/Lineated_Barbet/15.wav,Lineated_Barbet,33.0,36.0
../ibc53/Lineated_Barbet/15.wav,Lineated_Barbet,36.0,39.0
../ibc53/Lineated_Barbet/3.wav,Lineated_Barbet,0,3.0
../ibc53/Lineated_Barbet/3.wav,Lineated_Barbet,3.0,6.0
../ibc53/Lineated_Barbet/3.wav,Lineated_Barbet,6.0,9.0
../ibc53/Lineated_Barbet/3.wav,Lineated_Barbet,9.0,12.0
../ibc53/Lineated_Barbet/3.wav,Lineated_Barbet,12.0,15.0
../ibc53/Lineated_Barbet/3.wav,Lineated_Barbet,15.0,18.0
../ibc53/Lineated_Barbet/5.wav,Lineated_Barbet,0,3.0
../ibc53/Lineated_Barbet/5.wav,Lineated_Barbet,3.0,6.0
../ibc53/Lineated_Barbet/5.wav,Lineated_Barbet,6.0,9.0
../ibc53/Lineated_Barbet/5.wav,Lineated_Barbet,9.0,12.0
../ibc53/Lineated_Barbet/5.wav,Lineated_Barbet,12.0,15.0
../ibc53/Lineated_Barbet/5.wav,Lineated_Barbet,15.0,18.0
../ibc53/Lineated_Barbet/5.wav,Lineated_Barbet,18.0,21.0
../ibc53/Lineated_Barbet/5.wav,Lineated_Barbet,21.0,24.0
../ibc53/Lineated_Barbet/5.wav,Lineated_Barbet,24.0,27.0
../ibc53/Lineated_Barbet/5.wav,Lineated_Barbet,27.0,30.0
../ibc53/Lineated_Barbet/5.wav,Lineated_Barbet,30.0,33.0
../ibc53/Lineated_Barbet/5.wav,Lineated_Barbet,33.0,36.0
../ibc53/Lineated_Barbet/5.wav,Lineated_Barbet,36.0,39.0
../ibc53/Lineated_Barbet/5.wav,Lineated_Barbet,39.0,42.0
../ibc53/Lineated_Barbet/5.wav,Lineated_Barbet,42.0,45.0
../ibc53/Lineated_Barbet/5.wav,Lineated_Barbet,45.0,48.0
../ibc53/Lineated_Barbet/5.wav,Lineated_Barbet,48.0,51.0
../ibc53/Lineated_Barbet/5.wav,Lineated_Barbet,51.0,54.0
../ibc53/Lineated_Barbet/5.wav,Lineated_Barbet,54.0,57.0
../ibc53/Lineated_Barbet/5.wav,Lineated_Barbet,57.0,60.0
../ibc53/Lineated_Barbet/18.wav,Lineated_Barbet,0,3.0
../ibc53/Lineated_Barbet/18.wav,Lineated_Barbet,3.0,6.0
../ibc53/Lineated_Barbet/18.wav,Lineated_Barbet,6.0,9.0
../ibc53/Lineated_Barbet/18.wav,Lineated_Barbet,9.0,12.0
../ibc53/Lineated_Barbet/18.wav,Lineated_Barbet,12.0,15.0
../ibc53/Lineated_Barbet/18.wav,Lineated_Barbet,15.0,18.0
../ibc53/Lineated_Barbet/18.wav,Lineated_Barbet,18.0,21.0
../ibc53/Lineated_Barbet/18.wav,Lineated_Barbet,21.0,24.0
../ibc53/Lineated_Barbet/18.wav,Lineated_Barbet,24.0,27.0
../ibc53/Lineated_Barbet/7.wav,Lineated_Barbet,0,3.0
../ibc53/Lineated_Barbet/7.wav,Lineated_Barbet,3.0,6.0
../ibc53/Lineated_Barbet/7.wav,Lineated_Barbet,6.0,9.0
../ibc53/Lineated_Barbet/7.wav,Lineated_Barbet,9.0,12.0
../ibc53/Lineated_Barbet/7.wav,Lineated_Barbet,12.0,15.0
../ibc53/Lineated_Barbet/7.wav,Lineated_Barbet,15.0,18.0
../ibc53/Lineated_Barbet/7.wav,Lineated_Barbet,18.0,21.0
../ibc53/Lineated_Barbet/7.wav,Lineated_Barbet,21.0,24.0
../ibc53/Lineated_Barbet/7.wav,Lineated_Barbet,24.0,27.0
../ibc53/Lineated_Barbet/7.wav,Lineated_Barbet,27.0,30.0
../ibc53/Lineated_Barbet/8.wav,Lineated_Barbet,0,3.0
../ibc53/Lineated_Barbet/8.wav,Lineated_Barbet,3.0,6.0
../ibc53/Lineated_Barbet/8.wav,Lineated_Barbet,6.0,9.0
../ibc53/Lineated_Barbet/8.wav,Lineated_Barbet,9.0,12.0
../ibc53/Lineated_Barbet/17.wav,Lineated_Barbet,0,3.0
../ibc53/Lineated_Barbet/17.wav,Lineated_Barbet,3.0,6.0
../ibc53/Lineated_Barbet/17.wav,Lineated_Barbet,6.0,9.0
../ibc53/Lineated_Barbet/17.wav,Lineated_Barbet,9.0,12.0
../ibc53/Lineated_Barbet/17.wav,Lineated_Barbet,12.0,15.0
../ibc53/Lineated_Barbet/17.wav,Lineated_Barbet,15.0,18.0
../ibc53/Lineated_Barbet/17.wav,Lineated_Barbet,18.0,21.0
../ibc53/Lineated_Barbet/1.wav,Lineated_Barbet,0,3.0
../ibc53/Lineated_Barbet/1.wav,Lineated_Barbet,3.0,6.0
../ibc53/Lineated_Barbet/1.wav,Lineated_Barbet,6.0,9.0
../ibc53/Lineated_Barbet/1.wav,Lineated_Barbet,9.0,12.0
../ibc53/Lineated_Barbet/1.wav,Lineated_Barbet,12.0,15.0
../ibc53/Lineated_Barbet/1.wav,Lineated_Barbet,15.0,18.0
../ibc53/Lineated_Barbet/1.wav,Lineated_Barbet,18.0,21.0
../ibc53/Lineated_Barbet/1.wav,Lineated_Barbet,21.0,24.0
../ibc53/Lineated_Barbet/1.wav,Lineated_Barbet,24.0,27.0
../ibc53/Lineated_Barbet/1.wav,Lineated_Barbet,27.0,30.0
../ibc53/Lineated_Barbet/1.wav,Lineated_Barbet,30.0,33.0
../ibc53/Lineated_Barbet/1.wav,Lineated_Barbet,33.0,36.0
../ibc53/Lineated_Barbet/13.wav,Lineated_Barbet,0,3.0
../ibc53/Lineated_Barbet/13.wav,Lineated_Barbet,3.0,6.0
../ibc53/Lineated_Barbet/13.wav,Lineated_Barbet,6.0,9.0
../ibc53/Lineated_Barbet/13.wav,Lineated_Barbet,9.0,12.0
../ibc53/Lineated_Barbet/13.wav,Lineated_Barbet,12.0,15.0
../ibc53/Lineated_Barbet/13.wav,Lineated_Barbet,15.0,18.0
../ibc53/Lineated_Barbet/13.wav,Lineated_Barbet,18.0,21.0
../ibc53/Lineated_Barbet/13.wav,Lineated_Barbet,21.0,24.0
../ibc53/Lineated_Barbet/13.wav,Lineated_Barbet,24.0,27.0
../ibc53/Lineated_Barbet/13.wav,Lineated_Barbet,27.0,30.0
../ibc53/Lineated_Barbet/13.wav,Lineated_Barbet,30.0,33.0
../ibc53/Lineated_Barbet/13.wav,Lineated_Barbet,33.0,36.0
../ibc53/Lineated_Barbet/13.wav,Lineated_Barbet,36.0,39.0
../ibc53/Lineated_Barbet/13.wav,Lineated_Barbet,39.0,42.0
../ibc53/Lineated_Barbet/13.wav,Lineated_Barbet,42.0,45.0
../ibc53/Lineated_Barbet/13.wav,Lineated_Barbet,45.0,48.0
../ibc53/Lineated_Barbet/13.wav,Lineated_Barbet,48.0,51.0
../ibc53/Lineated_Barbet/13.wav,Lineated_Barbet,51.0,54.0
../ibc53/Lineated_Barbet/13.wav,Lineated_Barbet,54.0,57.0
../ibc53/Lineated_Barbet/13.wav,Lineated_Barbet,57.0,60.0
../ibc53/Lineated_Barbet/13.wav,Lineated_Barbet,60.0,63.0
../ibc53/Lineated_Barbet/16.wav,Lineated_Barbet,0,3.0
../ibc53/Lineated_Barbet/16.wav,Lineated_Barbet,3.0,6.0
../ibc53/Lineated_Barbet/16.wav,Lineated_Barbet,6.0,9.0
../ibc53/Lineated_Barbet/16.wav,Lineated_Barbet,9.0,12.0
../ibc53/Lineated_Barbet/16.wav,Lineated_Barbet,12.0,15.0
../ibc53/Lineated_Barbet/16.wav,Lineated_Barbet,15.0,18.0
../ibc53/Lineated_Barbet/16.wav,Lineated_Barbet,18.0,21.0
../ibc53/Lineated_Barbet/20.wav,Lineated_Barbet,0,3.0
../ibc53/Lineated_Barbet/20.wav,Lineated_Barbet,3.0,6.0
../ibc53/Lineated_Barbet/20.wav,Lineated_Barbet,6.0,9.0
../ibc53/Lineated_Barbet/21.wav,Lineated_Barbet,0,3.0
../ibc53/Lineated_Barbet/21.wav,Lineated_Barbet,3.0,6.0
../ibc53/Lineated_Barbet/21.wav,Lineated_Barbet,6.0,9.0
../ibc53/Lineated_Barbet/21.wav,Lineated_Barbet,9.0,12.0
../ibc53/Lineated_Barbet/21.wav,Lineated_Barbet,12.0,15.0
../ibc53/Lineated_Barbet/21.wav,Lineated_Barbet,15.0,18.0
../ibc53/Lineated_Barbet/21.wav,Lineated_Barbet,18.0,21.0
../ibc53/Lineated_Barbet/21.wav,Lineated_Barbet,21.0,24.0
../ibc53/Lineated_Barbet/21.wav,Lineated_Barbet,24.0,27.0
../ibc53/Lineated_Barbet/21.wav,Lineated_Barbet,27.0,30.0
../ibc53/Lineated_Barbet/21.wav,Lineated_Barbet,30.0,33.0
../ibc53/Lineated_Barbet/21.wav,Lineated_Barbet,33.0,36.0
../ibc53/Lineated_Barbet/21.wav,Lineated_Barbet,36.0,39.0
../ibc53/Lineated_Barbet/21.wav,Lineated_Barbet,39.0,42.0
../ibc53/Lineated_Barbet/21.wav,Lineated_Barbet,42.0,45.0
../ibc53/Lineated_Barbet/21.wav,Lineated_Barbet,45.0,48.0
../ibc53/Lineated_Barbet/21.wav,Lineated_Barbet,48.0,51.0
../ibc53/Lineated_Barbet/21.wav,Lineated_Barbet,51.0,54.0
../ibc53/Lineated_Barbet/21.wav,Lineated_Barbet,54.0,57.0
../ibc53/Lineated_Barbet/21.wav,Lineated_Barbet,57.0,60.0
../ibc53/Lineated_Barbet/21.wav,Lineated_Barbet,60.0,63.0
../ibc53/Lineated_Barbet/21.wav,Lineated_Barbet,63.0,66.0
../ibc53/Lineated_Barbet/21.wav,Lineated_Barbet,66.0,69.0
../ibc53/Lineated_Barbet/21.wav,Lineated_Barbet,69.0,72.0
../ibc53/Lineated_Barbet/21.wav,Lineated_Barbet,72.0,75.0
../ibc53/Lineated_Barbet/21.wav,Lineated_Barbet,75.0,78.0
../ibc53/Lineated_Barbet/21.wav,Lineated_Barbet,78.0,81.0
../ibc53/Lineated_Barbet/12.wav,Lineated_Barbet,0,3.0
../ibc53/Lineated_Barbet/12.wav,Lineated_Barbet,3.0,6.0
../ibc53/Lineated_Barbet/12.wav,Lineated_Barbet,6.0,9.0
../ibc53/Lineated_Barbet/12.wav,Lineated_Barbet,9.0,12.0
../ibc53/Lineated_Barbet/12.wav,Lineated_Barbet,12.0,15.0
../ibc53/Lineated_Barbet/12.wav,Lineated_Barbet,15.0,18.0
../ibc53/Lineated_Barbet/12.wav,Lineated_Barbet,18.0,21.0
../ibc53/Lineated_Barbet/12.wav,Lineated_Barbet,21.0,24.0
../ibc53/Lineated_Barbet/12.wav,Lineated_Barbet,24.0,27.0
../ibc53/Lineated_Barbet/12.wav,Lineated_Barbet,27.0,30.0
../ibc53/Lineated_Barbet/12.wav,Lineated_Barbet,30.0,33.0
../ibc53/Lineated_Barbet/12.wav,Lineated_Barbet,33.0,36.0
../ibc53/Lineated_Barbet/12.wav,Lineated_Barbet,36.0,39.0
../ibc53/Lineated_Barbet/12.wav,Lineated_Barbet,39.0,42.0
../ibc53/Lineated_Barbet/12.wav,Lineated_Barbet,42.0,45.0
../ibc53/Lineated_Barbet/2.wav,Lineated_Barbet,0,3.0
../ibc53/Lineated_Barbet/2.wav,Lineated_Barbet,3.0,6.0
../ibc53/Lineated_Barbet/2.wav,Lineated_Barbet,6.0,9.0
../ibc53/Lineated_Barbet/2.wav,Lineated_Barbet,9.0,12.0
../ibc53/Lineated_Barbet/2.wav,Lineated_Barbet,12.0,15.0
../ibc53/Lineated_Barbet/2.wav,Lineated_Barbet,15.0,18.0
../ibc53/Lineated_Barbet/2.wav,Lineated_Barbet,18.0,21.0
../ibc53/Lineated_Barbet/2.wav,Lineated_Barbet,21.0,24.0
../ibc53/Lineated_Barbet/2.wav,Lineated_Barbet,24.0,27.0
../ibc53/Lineated_Barbet/2.wav,Lineated_Barbet,27.0,30.0
../ibc53/Lineated_Barbet/2.wav,Lineated_Barbet,30.0,33.0
../ibc53/Lineated_Barbet/2.wav,Lineated_Barbet,33.0,36.0
../ibc53/Lineated_Barbet/2.wav,Lineated_Barbet,36.0,39.0
../ibc53/Lineated_Barbet/2.wav,Lineated_Barbet,39.0,42.0
../ibc53/Lineated_Barbet/4.wav,Lineated_Barbet,0,3.0
../ibc53/Lineated_Barbet/4.wav,Lineated_Barbet,3.0,6.0
../ibc53/Lineated_Barbet/4.wav,Lineated_Barbet,6.0,9.0
../ibc53/Lineated_Barbet/4.wav,Lineated_Barbet,9.0,12.0
../ibc53/Lineated_Barbet/4.wav,Lineated_Barbet,12.0,15.0
../ibc53/Lineated_Barbet/4.wav,Lineated_Barbet,15.0,18.0
../ibc53/Lineated_Barbet/4.wav,Lineated_Barbet,18.0,21.0
../ibc53/Lineated_Barbet/4.wav,Lineated_Barbet,21.0,24.0
../ibc53/Lineated_Barbet/4.wav,Lineated_Barbet,24.0,27.0
../ibc53/Lineated_Barbet/4.wav,Lineated_Barbet,27.0,30.0
../ibc53/Lineated_Barbet/4.wav,Lineated_Barbet,30.0,33.0
../ibc53/Lineated_Barbet/4.wav,Lineated_Barbet,33.0,36.0
../ibc53/Lineated_Barbet/4.wav,Lineated_Barbet,36.0,39.0
../ibc53/Lineated_Barbet/4.wav,Lineated_Barbet,39.0,42.0
../ibc53/Lineated_Barbet/4.wav,Lineated_Barbet,42.0,45.0
../ibc53/Lineated_Barbet/4.wav,Lineated_Barbet,45.0,48.0
../ibc53/Lineated_Barbet/4.wav,Lineated_Barbet,48.0,51.0
../ibc53/Lineated_Barbet/4.wav,Lineated_Barbet,51.0,54.0
../ibc53/Lineated_Barbet/4.wav,Lineated_Barbet,54.0,57.0
../ibc53/Lineated_Barbet/4.wav,Lineated_Barbet,57.0,60.0
../ibc53/Lineated_Barbet/4.wav,Lineated_Barbet,60.0,63.0
../ibc53/Lineated_Barbet/14.wav,Lineated_Barbet,0,3.0
../ibc53/Lineated_Barbet/14.wav,Lineated_Barbet,3.0,6.0
../ibc53/Lineated_Barbet/14.wav,Lineated_Barbet,6.0,9.0
../ibc53/Lineated_Barbet/14.wav,Lineated_Barbet,9.0,12.0
../ibc53/Lineated_Barbet/14.wav,Lineated_Barbet,12.0,15.0
../ibc53/Lineated_Barbet/22.wav,Lineated_Barbet,0,3.0
../ibc53/Lineated_Barbet/22.wav,Lineated_Barbet,3.0,6.0
../ibc53/Lineated_Barbet/10.wav,Lineated_Barbet,0,3.0
../ibc53/Lineated_Barbet/10.wav,Lineated_Barbet,3.0,6.0
../ibc53/Lineated_Barbet/10.wav,Lineated_Barbet,6.0,9.0
../ibc53/Lineated_Barbet/10.wav,Lineated_Barbet,9.0,12.0
../ibc53/Lineated_Barbet/10.wav,Lineated_Barbet,12.0,15.0
../ibc53/Lineated_Barbet/10.wav,Lineated_Barbet,15.0,18.0
../ibc53/Lineated_Barbet/10.wav,Lineated_Barbet,18.0,21.0
../ibc53/Lineated_Barbet/10.wav,Lineated_Barbet,21.0,24.0
../ibc53/Lineated_Barbet/10.wav,Lineated_Barbet,24.0,27.0
../ibc53/Lineated_Barbet/10.wav,Lineated_Barbet,27.0,30.0
../ibc53/Lineated_Barbet/10.wav,Lineated_Barbet,30.0,33.0
../ibc53/Lineated_Barbet/10.wav,Lineated_Barbet,33.0,36.0
../ibc53/Lineated_Barbet/10.wav,Lineated_Barbet,36.0,39.0
../ibc53/Lineated_Barbet/19.wav,Lineated_Barbet,0,3.0
../ibc53/Lineated_Barbet/19.wav,Lineated_Barbet,3.0,6.0
../ibc53/Lineated_Barbet/19.wav,Lineated_Barbet,6.0,9.0
../ibc53/Lineated_Barbet/19.wav,Lineated_Barbet,9.0,12.0
../ibc53/Lineated_Barbet/19.wav,Lineated_Barbet,12.0,15.0
../ibc53/Lineated_Barbet/19.wav,Lineated_Barbet,15.0,18.0
../ibc53/Lineated_Barbet/19.wav,Lineated_Barbet,18.0,21.0
../ibc53/Lineated_Barbet/19.wav,Lineated_Barbet,21.0,24.0
../ibc53/Lineated_Barbet/19.wav,Lineated_Barbet,24.0,27.0
../ibc53/Lineated_Barbet/19.wav,Lineated_Barbet,27.0,30.0
../ibc53/Lineated_Barbet/19.wav,Lineated_Barbet,30.0,33.0
../ibc53/Lineated_Barbet/19.wav,Lineated_Barbet,33.0,36.0
../ibc53/Lineated_Barbet/19.wav,Lineated_Barbet,36.0,39.0
../ibc53/Lineated_Barbet/19.wav,Lineated_Barbet,39.0,42.0
../ibc53/Lineated_Barbet/9.wav,Lineated_Barbet,0,3.0
../ibc53/Lineated_Barbet/9.wav,Lineated_Barbet,3.0,6.0
../ibc53/Lineated_Barbet/9.wav,Lineated_Barbet,6.0,9.0
../ibc53/Lineated_Barbet/9.wav,Lineated_Barbet,9.0,12.0
../ibc53/Lineated_Barbet/9.wav,Lineated_Barbet,12.0,15.0
../ibc53/Lineated_Barbet/9.wav,Lineated_Barbet,15.0,18.0
../ibc53/Lineated_Barbet/9.wav,Lineated_Barbet,18.0,21.0
../ibc53/Lineated_Barbet/9.wav,Lineated_Barbet,21.0,24.0
../ibc53/Lineated_Barbet/9.wav,Lineated_Barbet,24.0,27.0
../ibc53/Lineated_Barbet/6.wav,Lineated_Barbet,0,3.0
../ibc53/Lineated_Barbet/6.wav,Lineated_Barbet,3.0,6.0
../ibc53/Lineated_Barbet/6.wav,Lineated_Barbet,6.0,9.0
../ibc53/Lineated_Barbet/6.wav,Lineated_Barbet,9.0,12.0
../ibc53/Lineated_Barbet/6.wav,Lineated_Barbet,12.0,15.0
../ibc53/Lineated_Barbet/6.wav,Lineated_Barbet,15.0,18.0
../ibc53/Lineated_Barbet/6.wav,Lineated_Barbet,18.0,21.0
../ibc53/Lineated_Barbet/6.wav,Lineated_Barbet,21.0,24.0
../ibc53/Lineated_Barbet/6.wav,Lineated_Barbet,24.0,27.0
../ibc53/Lineated_Barbet/6.wav,Lineated_Barbet,27.0,30.0
../ibc53/Lineated_Barbet/6.wav,Lineated_Barbet,30.0,33.0
../ibc53/Lineated_Barbet/6.wav,Lineated_Barbet,33.0,36.0
../ibc53/Lineated_Barbet/11.wav,Lineated_Barbet,0,3.0
../ibc53/Lineated_Barbet/11.wav,Lineated_Barbet,3.0,6.0
../ibc53/Lineated_Barbet/11.wav,Lineated_Barbet,6.0,9.0
../ibc53/Lineated_Barbet/11.wav,Lineated_Barbet,9.0,12.0
../ibc53/Lineated_Barbet/11.wav,Lineated_Barbet,12.0,15.0
../ibc53/Lineated_Barbet/11.wav,Lineated_Barbet,15.0,18.0
../ibc53/Lineated_Barbet/11.wav,Lineated_Barbet,18.0,21.0
../ibc53/Lineated_Barbet/11.wav,Lineated_Barbet,21.0,24.0
../ibc53/Lineated_Barbet/11.wav,Lineated_Barbet,24.0,27.0
../ibc53/Lineated_Barbet/11.wav,Lineated_Barbet,27.0,30.0
../ibc53/Lineated_Barbet/11.wav,Lineated_Barbet,30.0,33.0
../ibc53/Lineated_Barbet/11.wav,Lineated_Barbet,33.0,36.0
../ibc53/Lineated_Barbet/11.wav,Lineated_Barbet,36.0,39.0
../ibc53/Lineated_Barbet/11.wav,Lineated_Barbet,39.0,42.0
../ibc53/Lineated_Barbet/11.wav,Lineated_Barbet,42.0,45.0
../ibc53/Long-billed_Wren-Babbler/15.wav,Long-billed_Wren-Babbler,0,3.0
../ibc53/Long-billed_Wren-Babbler/15.wav,Long-billed_Wren-Babbler,3.0,6.0
../ibc53/Long-billed_Wren-Babbler/15.wav,Long-billed_Wren-Babbler,6.0,9.0
../ibc53/Long-billed_Wren-Babbler/15.wav,Long-billed_Wren-Babbler,9.0,12.0
../ibc53/Long-billed_Wren-Babbler/15.wav,Long-billed_Wren-Babbler,12.0,15.0
../ibc53/Long-billed_Wren-Babbler/15.wav,Long-billed_Wren-Babbler,15.0,18.0
../ibc53/Long-billed_Wren-Babbler/15.wav,Long-billed_Wren-Babbler,18.0,21.0
../ibc53/Long-billed_Wren-Babbler/15.wav,Long-billed_Wren-Babbler,21.0,24.0
../ibc53/Long-billed_Wren-Babbler/15.wav,Long-billed_Wren-Babbler,24.0,27.0
../ibc53/Long-billed_Wren-Babbler/15.wav,Long-billed_Wren-Babbler,27.0,30.0
../ibc53/Long-billed_Wren-Babbler/15.wav,Long-billed_Wren-Babbler,30.0,33.0
../ibc53/Long-billed_Wren-Babbler/15.wav,Long-billed_Wren-Babbler,33.0,36.0
../ibc53/Long-billed_Wren-Babbler/15.wav,Long-billed_Wren-Babbler,36.0,39.0
../ibc53/Long-billed_Wren-Babbler/15.wav,Long-billed_Wren-Babbler,39.0,42.0
../ibc53/Long-billed_Wren-Babbler/15.wav,Long-billed_Wren-Babbler,42.0,45.0
../ibc53/Long-billed_Wren-Babbler/15.wav,Long-billed_Wren-Babbler,45.0,48.0
../ibc53/Long-billed_Wren-Babbler/3.wav,Long-billed_Wren-Babbler,0,3.0
../ibc53/Long-billed_Wren-Babbler/3.wav,Long-billed_Wren-Babbler,3.0,6.0
../ibc53/Long-billed_Wren-Babbler/3.wav,Long-billed_Wren-Babbler,6.0,9.0
../ibc53/Long-billed_Wren-Babbler/3.wav,Long-billed_Wren-Babbler,9.0,12.0
../ibc53/Long-billed_Wren-Babbler/3.wav,Long-billed_Wren-Babbler,12.0,15.0
../ibc53/Long-billed_Wren-Babbler/3.wav,Long-billed_Wren-Babbler,15.0,18.0
../ibc53/Long-billed_Wren-Babbler/3.wav,Long-billed_Wren-Babbler,18.0,21.0
../ibc53/Long-billed_Wren-Babbler/3.wav,Long-billed_Wren-Babbler,21.0,24.0
../ibc53/Long-billed_Wren-Babbler/3.wav,Long-billed_Wren-Babbler,24.0,27.0
../ibc53/Long-billed_Wren-Babbler/3.wav,Long-billed_Wren-Babbler,27.0,30.0
../ibc53/Long-billed_Wren-Babbler/3.wav,Long-billed_Wren-Babbler,30.0,33.0
../ibc53/Long-billed_Wren-Babbler/3.wav,Long-billed_Wren-Babbler,33.0,36.0
../ibc53/Long-billed_Wren-Babbler/3.wav,Long-billed_Wren-Babbler,36.0,39.0
../ibc53/Long-billed_Wren-Babbler/3.wav,Long-billed_Wren-Babbler,39.0,42.0
../ibc53/Long-billed_Wren-Babbler/3.wav,Long-billed_Wren-Babbler,42.0,45.0
../ibc53/Long-billed_Wren-Babbler/3.wav,Long-billed_Wren-Babbler,45.0,48.0
../ibc53/Long-billed_Wren-Babbler/3.wav,Long-billed_Wren-Babbler,48.0,51.0
../ibc53/Long-billed_Wren-Babbler/3.wav,Long-billed_Wren-Babbler,51.0,54.0
../ibc53/Long-billed_Wren-Babbler/3.wav,Long-billed_Wren-Babbler,54.0,57.0
../ibc53/Long-billed_Wren-Babbler/3.wav,Long-billed_Wren-Babbler,57.0,60.0
../ibc53/Long-billed_Wren-Babbler/3.wav,Long-billed_Wren-Babbler,60.0,63.0
../ibc53/Long-billed_Wren-Babbler/3.wav,Long-billed_Wren-Babbler,63.0,66.0
../ibc53/Long-billed_Wren-Babbler/3.wav,Long-billed_Wren-Babbler,66.0,69.0
../ibc53/Long-billed_Wren-Babbler/3.wav,Long-billed_Wren-Babbler,69.0,72.0
../ibc53/Long-billed_Wren-Babbler/3.wav,Long-billed_Wren-Babbler,72.0,75.0
../ibc53/Long-billed_Wren-Babbler/3.wav,Long-billed_Wren-Babbler,75.0,78.0
../ibc53/Long-billed_Wren-Babbler/3.wav,Long-billed_Wren-Babbler,78.0,81.0
../ibc53/Long-billed_Wren-Babbler/5.wav,Long-billed_Wren-Babbler,0,3.0
../ibc53/Long-billed_Wren-Babbler/5.wav,Long-billed_Wren-Babbler,3.0,6.0
../ibc53/Long-billed_Wren-Babbler/5.wav,Long-billed_Wren-Babbler,6.0,9.0
../ibc53/Long-billed_Wren-Babbler/5.wav,Long-billed_Wren-Babbler,9.0,12.0
../ibc53/Long-billed_Wren-Babbler/5.wav,Long-billed_Wren-Babbler,12.0,15.0
../ibc53/Long-billed_Wren-Babbler/5.wav,Long-billed_Wren-Babbler,15.0,18.0
../ibc53/Long-billed_Wren-Babbler/5.wav,Long-billed_Wren-Babbler,18.0,21.0
../ibc53/Long-billed_Wren-Babbler/5.wav,Long-billed_Wren-Babbler,21.0,24.0
../ibc53/Long-billed_Wren-Babbler/5.wav,Long-billed_Wren-Babbler,24.0,27.0
../ibc53/Long-billed_Wren-Babbler/5.wav,Long-billed_Wren-Babbler,27.0,30.0
../ibc53/Long-billed_Wren-Babbler/5.wav,Long-billed_Wren-Babbler,30.0,33.0
../ibc53/Long-billed_Wren-Babbler/5.wav,Long-billed_Wren-Babbler,33.0,36.0
../ibc53/Long-billed_Wren-Babbler/5.wav,Long-billed_Wren-Babbler,36.0,39.0
../ibc53/Long-billed_Wren-Babbler/5.wav,Long-billed_Wren-Babbler,39.0,42.0
../ibc53/Long-billed_Wren-Babbler/5.wav,Long-billed_Wren-Babbler,42.0,45.0
../ibc53/Long-billed_Wren-Babbler/5.wav,Long-billed_Wren-Babbler,45.0,48.0
../ibc53/Long-billed_Wren-Babbler/5.wav,Long-billed_Wren-Babbler,48.0,51.0
../ibc53/Long-billed_Wren-Babbler/5.wav,Long-billed_Wren-Babbler,51.0,54.0
../ibc53/Long-billed_Wren-Babbler/5.wav,Long-billed_Wren-Babbler,54.0,57.0
../ibc53/Long-billed_Wren-Babbler/5.wav,Long-billed_Wren-Babbler,57.0,60.0
../ibc53/Long-billed_Wren-Babbler/5.wav,Long-billed_Wren-Babbler,60.0,63.0
../ibc53/Long-billed_Wren-Babbler/5.wav,Long-billed_Wren-Babbler,63.0,66.0
../ibc53/Long-billed_Wren-Babbler/18.wav,Long-billed_Wren-Babbler,0,3.0
../ibc53/Long-billed_Wren-Babbler/18.wav,Long-billed_Wren-Babbler,3.0,6.0
../ibc53/Long-billed_Wren-Babbler/18.wav,Long-billed_Wren-Babbler,6.0,9.0
../ibc53/Long-billed_Wren-Babbler/18.wav,Long-billed_Wren-Babbler,9.0,12.0
../ibc53/Long-billed_Wren-Babbler/18.wav,Long-billed_Wren-Babbler,12.0,15.0
../ibc53/Long-billed_Wren-Babbler/18.wav,Long-billed_Wren-Babbler,15.0,18.0
../ibc53/Long-billed_Wren-Babbler/18.wav,Long-billed_Wren-Babbler,18.0,21.0
../ibc53/Long-billed_Wren-Babbler/18.wav,Long-billed_Wren-Babbler,21.0,24.0
../ibc53/Long-billed_Wren-Babbler/18.wav,Long-billed_Wren-Babbler,24.0,27.0
../ibc53/Long-billed_Wren-Babbler/18.wav,Long-billed_Wren-Babbler,27.0,30.0
../ibc53/Long-billed_Wren-Babbler/18.wav,Long-billed_Wren-Babbler,30.0,33.0
../ibc53/Long-billed_Wren-Babbler/18.wav,Long-billed_Wren-Babbler,33.0,36.0
../ibc53/Long-billed_Wren-Babbler/18.wav,Long-billed_Wren-Babbler,36.0,39.0
../ibc53/Long-billed_Wren-Babbler/18.wav,Long-billed_Wren-Babbler,39.0,42.0
../ibc53/Long-billed_Wren-Babbler/18.wav,Long-billed_Wren-Babbler,42.0,45.0
../ibc53/Long-billed_Wren-Babbler/18.wav,Long-billed_Wren-Babbler,45.0,48.0
../ibc53/Long-billed_Wren-Babbler/18.wav,Long-billed_Wren-Babbler,48.0,51.0
../ibc53/Long-billed_Wren-Babbler/18.wav,Long-billed_Wren-Babbler,51.0,54.0
../ibc53/Long-billed_Wren-Babbler/18.wav,Long-billed_Wren-Babbler,54.0,57.0
../ibc53/Long-billed_Wren-Babbler/7.wav,Long-billed_Wren-Babbler,0,3.0
../ibc53/Long-billed_Wren-Babbler/7.wav,Long-billed_Wren-Babbler,3.0,6.0
../ibc53/Long-billed_Wren-Babbler/7.wav,Long-billed_Wren-Babbler,6.0,9.0
../ibc53/Long-billed_Wren-Babbler/7.wav,Long-billed_Wren-Babbler,9.0,12.0
../ibc53/Long-billed_Wren-Babbler/7.wav,Long-billed_Wren-Babbler,12.0,15.0
../ibc53/Long-billed_Wren-Babbler/7.wav,Long-billed_Wren-Babbler,15.0,18.0
../ibc53/Long-billed_Wren-Babbler/7.wav,Long-billed_Wren-Babbler,18.0,21.0
../ibc53/Long-billed_Wren-Babbler/7.wav,Long-billed_Wren-Babbler,21.0,24.0
../ibc53/Long-billed_Wren-Babbler/8.wav,Long-billed_Wren-Babbler,0,3.0
../ibc53/Long-billed_Wren-Babbler/8.wav,Long-billed_Wren-Babbler,3.0,6.0
../ibc53/Long-billed_Wren-Babbler/8.wav,Long-billed_Wren-Babbler,6.0,9.0
../ibc53/Long-billed_Wren-Babbler/8.wav,Long-billed_Wren-Babbler,9.0,12.0
../ibc53/Long-billed_Wren-Babbler/8.wav,Long-billed_Wren-Babbler,12.0,15.0
../ibc53/Long-billed_Wren-Babbler/8.wav,Long-billed_Wren-Babbler,15.0,18.0
../ibc53/Long-billed_Wren-Babbler/8.wav,Long-billed_Wren-Babbler,18.0,21.0
../ibc53/Long-billed_Wren-Babbler/8.wav,Long-billed_Wren-Babbler,21.0,24.0
../ibc53/Long-billed_Wren-Babbler/8.wav,Long-billed_Wren-Babbler,24.0,27.0
../ibc53/Long-billed_Wren-Babbler/8.wav,Long-billed_Wren-Babbler,27.0,30.0
../ibc53/Long-billed_Wren-Babbler/8.wav,Long-billed_Wren-Babbler,30.0,33.0
../ibc53/Long-billed_Wren-Babbler/8.wav,Long-billed_Wren-Babbler,33.0,36.0
../ibc53/Long-billed_Wren-Babbler/8.wav,Long-billed_Wren-Babbler,36.0,39.0
../ibc53/Long-billed_Wren-Babbler/8.wav,Long-billed_Wren-Babbler,39.0,42.0
../ibc53/Long-billed_Wren-Babbler/8.wav,Long-billed_Wren-Babbler,42.0,45.0
../ibc53/Long-billed_Wren-Babbler/8.wav,Long-billed_Wren-Babbler,45.0,48.0
../ibc53/Long-billed_Wren-Babbler/17.wav,Long-billed_Wren-Babbler,0,3.0
../ibc53/Long-billed_Wren-Babbler/17.wav,Long-billed_Wren-Babbler,3.0,6.0
../ibc53/Long-billed_Wren-Babbler/17.wav,Long-billed_Wren-Babbler,6.0,9.0
../ibc53/Long-billed_Wren-Babbler/17.wav,Long-billed_Wren-Babbler,9.0,12.0
../ibc53/Long-billed_Wren-Babbler/17.wav,Long-billed_Wren-Babbler,12.0,15.0
../ibc53/Long-billed_Wren-Babbler/17.wav,Long-billed_Wren-Babbler,15.0,18.0
../ibc53/Long-billed_Wren-Babbler/17.wav,Long-billed_Wren-Babbler,18.0,21.0
../ibc53/Long-billed_Wren-Babbler/17.wav,Long-billed_Wren-Babbler,21.0,24.0
../ibc53/Long-billed_Wren-Babbler/17.wav,Long-billed_Wren-Babbler,24.0,27.0
../ibc53/Long-billed_Wren-Babbler/17.wav,Long-billed_Wren-Babbler,27.0,30.0
../ibc53/Long-billed_Wren-Babbler/17.wav,Long-billed_Wren-Babbler,30.0,33.0
../ibc53/Long-billed_Wren-Babbler/17.wav,Long-billed_Wren-Babbler,33.0,36.0
../ibc53/Long-billed_Wren-Babbler/17.wav,Long-billed_Wren-Babbler,36.0,39.0
../ibc53/Long-billed_Wren-Babbler/1.wav,Long-billed_Wren-Babbler,0,3.0
../ibc53/Long-billed_Wren-Babbler/1.wav,Long-billed_Wren-Babbler,3.0,6.0
../ibc53/Long-billed_Wren-Babbler/1.wav,Long-billed_Wren-Babbler,6.0,9.0
../ibc53/Long-billed_Wren-Babbler/13.wav,Long-billed_Wren-Babbler,0,3.0
../ibc53/Long-billed_Wren-Babbler/13.wav,Long-billed_Wren-Babbler,3.0,6.0
../ibc53/Long-billed_Wren-Babbler/13.wav,Long-billed_Wren-Babbler,6.0,9.0
../ibc53/Long-billed_Wren-Babbler/13.wav,Long-billed_Wren-Babbler,9.0,12.0
../ibc53/Long-billed_Wren-Babbler/13.wav,Long-billed_Wren-Babbler,12.0,15.0
../ibc53/Long-billed_Wren-Babbler/13.wav,Long-billed_Wren-Babbler,15.0,18.0
../ibc53/Long-billed_Wren-Babbler/13.wav,Long-billed_Wren-Babbler,18.0,21.0
../ibc53/Long-billed_Wren-Babbler/13.wav,Long-billed_Wren-Babbler,21.0,24.0
../ibc53/Long-billed_Wren-Babbler/13.wav,Long-billed_Wren-Babbler,24.0,27.0
../ibc53/Long-billed_Wren-Babbler/13.wav,Long-billed_Wren-Babbler,27.0,30.0
../ibc53/Long-billed_Wren-Babbler/13.wav,Long-billed_Wren-Babbler,30.0,33.0
../ibc53/Long-billed_Wren-Babbler/13.wav,Long-billed_Wren-Babbler,33.0,36.0
../ibc53/Long-billed_Wren-Babbler/13.wav,Long-billed_Wren-Babbler,36.0,39.0
../ibc53/Long-billed_Wren-Babbler/13.wav,Long-billed_Wren-Babbler,39.0,42.0
../ibc53/Long-billed_Wren-Babbler/13.wav,Long-billed_Wren-Babbler,42.0,45.0
../ibc53/Long-billed_Wren-Babbler/13.wav,Long-billed_Wren-Babbler,45.0,48.0
../ibc53/Long-billed_Wren-Babbler/13.wav,Long-billed_Wren-Babbler,48.0,51.0
../ibc53/Long-billed_Wren-Babbler/13.wav,Long-billed_Wren-Babbler,51.0,54.0
../ibc53/Long-billed_Wren-Babbler/13.wav,Long-billed_Wren-Babbler,54.0,57.0
../ibc53/Long-billed_Wren-Babbler/13.wav,Long-billed_Wren-Babbler,57.0,60.0
../ibc53/Long-billed_Wren-Babbler/16.wav,Long-billed_Wren-Babbler,0,3.0
../ibc53/Long-billed_Wren-Babbler/16.wav,Long-billed_Wren-Babbler,3.0,6.0
../ibc53/Long-billed_Wren-Babbler/16.wav,Long-billed_Wren-Babbler,6.0,9.0
../ibc53/Long-billed_Wren-Babbler/16.wav,Long-billed_Wren-Babbler,9.0,12.0
../ibc53/Long-billed_Wren-Babbler/16.wav,Long-billed_Wren-Babbler,12.0,15.0
../ibc53/Long-billed_Wren-Babbler/16.wav,Long-billed_Wren-Babbler,15.0,18.0
../ibc53/Long-billed_Wren-Babbler/16.wav,Long-billed_Wren-Babbler,18.0,21.0
../ibc53/Long-billed_Wren-Babbler/20.wav,Long-billed_Wren-Babbler,0,3.0
../ibc53/Long-billed_Wren-Babbler/20.wav,Long-billed_Wren-Babbler,3.0,6.0
../ibc53/Long-billed_Wren-Babbler/20.wav,Long-billed_Wren-Babbler,6.0,9.0
../ibc53/Long-billed_Wren-Babbler/20.wav,Long-billed_Wren-Babbler,9.0,12.0
../ibc53/Long-billed_Wren-Babbler/20.wav,Long-billed_Wren-Babbler,12.0,15.0
../ibc53/Long-billed_Wren-Babbler/20.wav,Long-billed_Wren-Babbler,15.0,18.0
../ibc53/Long-billed_Wren-Babbler/20.wav,Long-billed_Wren-Babbler,18.0,21.0
../ibc53/Long-billed_Wren-Babbler/20.wav,Long-billed_Wren-Babbler,21.0,24.0
../ibc53/Long-billed_Wren-Babbler/20.wav,Long-billed_Wren-Babbler,24.0,27.0
../ibc53/Long-billed_Wren-Babbler/20.wav,Long-billed_Wren-Babbler,27.0,30.0
../ibc53/Long-billed_Wren-Babbler/20.wav,Long-billed_Wren-Babbler,30.0,33.0
../ibc53/Long-billed_Wren-Babbler/20.wav,Long-billed_Wren-Babbler,33.0,36.0
../ibc53/Long-billed_Wren-Babbler/20.wav,Long-billed_Wren-Babbler,36.0,39.0
../ibc53/Long-billed_Wren-Babbler/20.wav,Long-billed_Wren-Babbler,39.0,42.0
../ibc53/Long-billed_Wren-Babbler/12.wav,Long-billed_Wren-Babbler,0,3.0
../ibc53/Long-billed_Wren-Babbler/12.wav,Long-billed_Wren-Babbler,3.0,6.0
../ibc53/Long-billed_Wren-Babbler/12.wav,Long-billed_Wren-Babbler,6.0,9.0
../ibc53/Long-billed_Wren-Babbler/12.wav,Long-billed_Wren-Babbler,9.0,12.0
../ibc53/Long-billed_Wren-Babbler/12.wav,Long-billed_Wren-Babbler,12.0,15.0
../ibc53/Long-billed_Wren-Babbler/12.wav,Long-billed_Wren-Babbler,15.0,18.0
../ibc53/Long-billed_Wren-Babbler/12.wav,Long-billed_Wren-Babbler,18.0,21.0
../ibc53/Long-billed_Wren-Babbler/12.wav,Long-billed_Wren-Babbler,21.0,24.0
../ibc53/Long-billed_Wren-Babbler/12.wav,Long-billed_Wren-Babbler,24.0,27.0
../ibc53/Long-billed_Wren-Babbler/12.wav,Long-billed_Wren-Babbler,27.0,30.0
../ibc53/Long-billed_Wren-Babbler/12.wav,Long-billed_Wren-Babbler,30.0,33.0
../ibc53/Long-billed_Wren-Babbler/12.wav,Long-billed_Wren-Babbler,33.0,36.0
../ibc53/Long-billed_Wren-Babbler/12.wav,Long-billed_Wren-Babbler,36.0,39.0
../ibc53/Long-billed_Wren-Babbler/12.wav,Long-billed_Wren-Babbler,39.0,42.0
../ibc53/Long-billed_Wren-Babbler/12.wav,Long-billed_Wren-Babbler,42.0,45.0
../ibc53/Long-billed_Wren-Babbler/12.wav,Long-billed_Wren-Babbler,45.0,48.0
../ibc53/Long-billed_Wren-Babbler/12.wav,Long-billed_Wren-Babbler,48.0,51.0
../ibc53/Long-billed_Wren-Babbler/2.wav,Long-billed_Wren-Babbler,0,3.0
../ibc53/Long-billed_Wren-Babbler/2.wav,Long-billed_Wren-Babbler,3.0,6.0
../ibc53/Long-billed_Wren-Babbler/2.wav,Long-billed_Wren-Babbler,6.0,9.0
../ibc53/Long-billed_Wren-Babbler/2.wav,Long-billed_Wren-Babbler,9.0,12.0
../ibc53/Long-billed_Wren-Babbler/2.wav,Long-billed_Wren-Babbler,12.0,15.0
../ibc53/Long-billed_Wren-Babbler/2.wav,Long-billed_Wren-Babbler,15.0,18.0
../ibc53/Long-billed_Wren-Babbler/2.wav,Long-billed_Wren-Babbler,18.0,21.0
../ibc53/Long-billed_Wren-Babbler/2.wav,Long-billed_Wren-Babbler,21.0,24.0
../ibc53/Long-billed_Wren-Babbler/2.wav,Long-billed_Wren-Babbler,24.0,27.0
../ibc53/Long-billed_Wren-Babbler/2.wav,Long-billed_Wren-Babbler,27.0,30.0
../ibc53/Long-billed_Wren-Babbler/2.wav,Long-billed_Wren-Babbler,30.0,33.0
../ibc53/Long-billed_Wren-Babbler/2.wav,Long-billed_Wren-Babbler,33.0,36.0
../ibc53/Long-billed_Wren-Babbler/2.wav,Long-billed_Wren-Babbler,36.0,39.0
../ibc53/Long-billed_Wren-Babbler/2.wav,Long-billed_Wren-Babbler,39.0,42.0
../ibc53/Long-billed_Wren-Babbler/2.wav,Long-billed_Wren-Babbler,42.0,45.0
../ibc53/Long-billed_Wren-Babbler/2.wav,Long-billed_Wren-Babbler,45.0,48.0
../ibc53/Long-billed_Wren-Babbler/2.wav,Long-billed_Wren-Babbler,48.0,51.0
../ibc53/Long-billed_Wren-Babbler/2.wav,Long-billed_Wren-Babbler,51.0,54.0
../ibc53/Long-billed_Wren-Babbler/2.wav,Long-billed_Wren-Babbler,54.0,57.0
../ibc53/Long-billed_Wren-Babbler/2.wav,Long-billed_Wren-Babbler,57.0,60.0
../ibc53/Long-billed_Wren-Babbler/2.wav,Long-billed_Wren-Babbler,60.0,63.0
../ibc53/Long-billed_Wren-Babbler/2.wav,Long-billed_Wren-Babbler,63.0,66.0
../ibc53/Long-billed_Wren-Babbler/2.wav,Long-billed_Wren-Babbler,66.0,69.0
../ibc53/Long-billed_Wren-Babbler/2.wav,Long-billed_Wren-Babbler,69.0,72.0
../ibc53/Long-billed_Wren-Babbler/2.wav,Long-billed_Wren-Babbler,72.0,75.0
../ibc53/Long-billed_Wren-Babbler/2.wav,Long-billed_Wren-Babbler,75.0,78.0
../ibc53/Long-billed_Wren-Babbler/2.wav,Long-billed_Wren-Babbler,78.0,81.0
../ibc53/Long-billed_Wren-Babbler/2.wav,Long-billed_Wren-Babbler,81.0,84.0
../ibc53/Long-billed_Wren-Babbler/2.wav,Long-billed_Wren-Babbler,84.0,87.0
../ibc53/Long-billed_Wren-Babbler/2.wav,Long-billed_Wren-Babbler,87.0,90.0
../ibc53/Long-billed_Wren-Babbler/2.wav,Long-billed_Wren-Babbler,90.0,93.0
../ibc53/Long-billed_Wren-Babbler/2.wav,Long-billed_Wren-Babbler,93.0,96.0
../ibc53/Long-billed_Wren-Babbler/2.wav,Long-billed_Wren-Babbler,96.0,99.0
../ibc53/Long-billed_Wren-Babbler/2.wav,Long-billed_Wren-Babbler,99.0,102.0
../ibc53/Long-billed_Wren-Babbler/2.wav,Long-billed_Wren-Babbler,102.0,105.0
../ibc53/Long-billed_Wren-Babbler/2.wav,Long-billed_Wren-Babbler,105.0,108.0
../ibc53/Long-billed_Wren-Babbler/4.wav,Long-billed_Wren-Babbler,0,3.0
../ibc53/Long-billed_Wren-Babbler/4.wav,Long-billed_Wren-Babbler,3.0,6.0
../ibc53/Long-billed_Wren-Babbler/4.wav,Long-billed_Wren-Babbler,6.0,9.0
../ibc53/Long-billed_Wren-Babbler/14.wav,Long-billed_Wren-Babbler,0,3.0
../ibc53/Long-billed_Wren-Babbler/14.wav,Long-billed_Wren-Babbler,3.0,6.0
../ibc53/Long-billed_Wren-Babbler/14.wav,Long-billed_Wren-Babbler,6.0,9.0
../ibc53/Long-billed_Wren-Babbler/14.wav,Long-billed_Wren-Babbler,9.0,12.0
../ibc53/Long-billed_Wren-Babbler/14.wav,Long-billed_Wren-Babbler,12.0,15.0
../ibc53/Long-billed_Wren-Babbler/14.wav,Long-billed_Wren-Babbler,15.0,18.0
../ibc53/Long-billed_Wren-Babbler/14.wav,Long-billed_Wren-Babbler,18.0,21.0
../ibc53/Long-billed_Wren-Babbler/14.wav,Long-billed_Wren-Babbler,21.0,24.0
../ibc53/Long-billed_Wren-Babbler/14.wav,Long-billed_Wren-Babbler,24.0,27.0
../ibc53/Long-billed_Wren-Babbler/14.wav,Long-billed_Wren-Babbler,27.0,30.0
../ibc53/Long-billed_Wren-Babbler/14.wav,Long-billed_Wren-Babbler,30.0,33.0
../ibc53/Long-billed_Wren-Babbler/14.wav,Long-billed_Wren-Babbler,33.0,36.0
../ibc53/Long-billed_Wren-Babbler/14.wav,Long-billed_Wren-Babbler,36.0,39.0
../ibc53/Long-billed_Wren-Babbler/14.wav,Long-billed_Wren-Babbler,39.0,42.0
../ibc53/Long-billed_Wren-Babbler/14.wav,Long-billed_Wren-Babbler,42.0,45.0
../ibc53/Long-billed_Wren-Babbler/14.wav,Long-billed_Wren-Babbler,45.0,48.0
../ibc53/Long-billed_Wren-Babbler/14.wav,Long-billed_Wren-Babbler,48.0,51.0
../ibc53/Long-billed_Wren-Babbler/14.wav,Long-billed_Wren-Babbler,51.0,54.0
../ibc53/Long-billed_Wren-Babbler/14.wav,Long-billed_Wren-Babbler,54.0,57.0
../ibc53/Long-billed_Wren-Babbler/14.wav,Long-billed_Wren-Babbler,57.0,60.0
../ibc53/Long-billed_Wren-Babbler/10.wav,Long-billed_Wren-Babbler,0,3.0
../ibc53/Long-billed_Wren-Babbler/10.wav,Long-billed_Wren-Babbler,3.0,6.0
../ibc53/Long-billed_Wren-Babbler/10.wav,Long-billed_Wren-Babbler,6.0,9.0
../ibc53/Long-billed_Wren-Babbler/10.wav,Long-billed_Wren-Babbler,9.0,12.0
../ibc53/Long-billed_Wren-Babbler/10.wav,Long-billed_Wren-Babbler,12.0,15.0
../ibc53/Long-billed_Wren-Babbler/10.wav,Long-billed_Wren-Babbler,15.0,18.0
../ibc53/Long-billed_Wren-Babbler/10.wav,Long-billed_Wren-Babbler,18.0,21.0
../ibc53/Long-billed_Wren-Babbler/10.wav,Long-billed_Wren-Babbler,21.0,24.0
../ibc53/Long-billed_Wren-Babbler/10.wav,Long-billed_Wren-Babbler,24.0,27.0
../ibc53/Long-billed_Wren-Babbler/10.wav,Long-billed_Wren-Babbler,27.0,30.0
../ibc53/Long-billed_Wren-Babbler/10.wav,Long-billed_Wren-Babbler,30.0,33.0
../ibc53/Long-billed_Wren-Babbler/10.wav,Long-billed_Wren-Babbler,33.0,36.0
../ibc53/Long-billed_Wren-Babbler/10.wav,Long-billed_Wren-Babbler,36.0,39.0
../ibc53/Long-billed_Wren-Babbler/10.wav,Long-billed_Wren-Babbler,39.0,42.0
../ibc53/Long-billed_Wren-Babbler/10.wav,Long-billed_Wren-Babbler,42.0,45.0
../ibc53/Long-billed_Wren-Babbler/10.wav,Long-billed_Wren-Babbler,45.0,48.0
../ibc53/Long-billed_Wren-Babbler/10.wav,Long-billed_Wren-Babbler,48.0,51.0
../ibc53/Long-billed_Wren-Babbler/10.wav,Long-billed_Wren-Babbler,51.0,54.0
../ibc53/Long-billed_Wren-Babbler/10.wav,Long-billed_Wren-Babbler,54.0,57.0
../ibc53/Long-billed_Wren-Babbler/10.wav,Long-billed_Wren-Babbler,57.0,60.0
../ibc53/Long-billed_Wren-Babbler/19.wav,Long-billed_Wren-Babbler,0,3.0
../ibc53/Long-billed_Wren-Babbler/19.wav,Long-billed_Wren-Babbler,3.0,6.0
../ibc53/Long-billed_Wren-Babbler/19.wav,Long-billed_Wren-Babbler,6.0,9.0
../ibc53/Long-billed_Wren-Babbler/19.wav,Long-billed_Wren-Babbler,9.0,12.0
../ibc53/Long-billed_Wren-Babbler/19.wav,Long-billed_Wren-Babbler,12.0,15.0
../ibc53/Long-billed_Wren-Babbler/19.wav,Long-billed_Wren-Babbler,15.0,18.0
../ibc53/Long-billed_Wren-Babbler/19.wav,Long-billed_Wren-Babbler,18.0,21.0
../ibc53/Long-billed_Wren-Babbler/19.wav,Long-billed_Wren-Babbler,21.0,24.0
../ibc53/Long-billed_Wren-Babbler/9.wav,Long-billed_Wren-Babbler,0,3.0
../ibc53/Long-billed_Wren-Babbler/9.wav,Long-billed_Wren-Babbler,3.0,6.0
../ibc53/Long-billed_Wren-Babbler/9.wav,Long-billed_Wren-Babbler,6.0,9.0
../ibc53/Long-billed_Wren-Babbler/9.wav,Long-billed_Wren-Babbler,9.0,12.0
../ibc53/Long-billed_Wren-Babbler/9.wav,Long-billed_Wren-Babbler,12.0,15.0
../ibc53/Long-billed_Wren-Babbler/9.wav,Long-billed_Wren-Babbler,15.0,18.0
../ibc53/Long-billed_Wren-Babbler/9.wav,Long-billed_Wren-Babbler,18.0,21.0
../ibc53/Long-billed_Wren-Babbler/9.wav,Long-billed_Wren-Babbler,21.0,24.0
../ibc53/Long-billed_Wren-Babbler/9.wav,Long-billed_Wren-Babbler,24.0,27.0
../ibc53/Long-billed_Wren-Babbler/9.wav,Long-billed_Wren-Babbler,27.0,30.0
../ibc53/Long-billed_Wren-Babbler/9.wav,Long-billed_Wren-Babbler,30.0,33.0
../ibc53/Long-billed_Wren-Babbler/9.wav,Long-billed_Wren-Babbler,33.0,36.0
../ibc53/Long-billed_Wren-Babbler/9.wav,Long-billed_Wren-Babbler,36.0,39.0
../ibc53/Long-billed_Wren-Babbler/6.wav,Long-billed_Wren-Babbler,0,3.0
../ibc53/Long-billed_Wren-Babbler/6.wav,Long-billed_Wren-Babbler,3.0,6.0
../ibc53/Long-billed_Wren-Babbler/6.wav,Long-billed_Wren-Babbler,6.0,9.0
../ibc53/Long-billed_Wren-Babbler/6.wav,Long-billed_Wren-Babbler,9.0,12.0
../ibc53/Long-billed_Wren-Babbler/6.wav,Long-billed_Wren-Babbler,12.0,15.0
../ibc53/Long-billed_Wren-Babbler/11.wav,Long-billed_Wren-Babbler,0,3.0
../ibc53/Long-billed_Wren-Babbler/11.wav,Long-billed_Wren-Babbler,3.0,6.0
../ibc53/Long-billed_Wren-Babbler/11.wav,Long-billed_Wren-Babbler,6.0,9.0
../ibc53/Long-billed_Wren-Babbler/11.wav,Long-billed_Wren-Babbler,9.0,12.0
../ibc53/Long-billed_Wren-Babbler/11.wav,Long-billed_Wren-Babbler,12.0,15.0
../ibc53/Long-billed_Wren-Babbler/11.wav,Long-billed_Wren-Babbler,15.0,18.0
../ibc53/Long-billed_Wren-Babbler/11.wav,Long-billed_Wren-Babbler,18.0,21.0
../ibc53/Long-billed_Wren-Babbler/11.wav,Long-billed_Wren-Babbler,21.0,24.0
../ibc53/Long-billed_Wren-Babbler/11.wav,Long-billed_Wren-Babbler,24.0,27.0
../ibc53/Long-billed_Wren-Babbler/11.wav,Long-billed_Wren-Babbler,27.0,30.0
../ibc53/Long-billed_Wren-Babbler/11.wav,Long-billed_Wren-Babbler,30.0,33.0
../ibc53/Long-billed_Wren-Babbler/11.wav,Long-billed_Wren-Babbler,33.0,36.0
../ibc53/Long-tailed_Shrike/3.wav,Long-tailed_Shrike,0,3.0
../ibc53/Long-tailed_Shrike/5.wav,Long-tailed_Shrike,0,3.0
../ibc53/Long-tailed_Shrike/5.wav,Long-tailed_Shrike,3.0,6.0
../ibc53/Long-tailed_Shrike/5.wav,Long-tailed_Shrike,6.0,9.0
../ibc53/Long-tailed_Shrike/5.wav,Long-tailed_Shrike,9.0,12.0
../ibc53/Long-tailed_Shrike/5.wav,Long-tailed_Shrike,12.0,15.0
../ibc53/Long-tailed_Shrike/5.wav,Long-tailed_Shrike,15.0,18.0
../ibc53/Long-tailed_Shrike/5.wav,Long-tailed_Shrike,18.0,21.0
../ibc53/Long-tailed_Shrike/5.wav,Long-tailed_Shrike,21.0,24.0
../ibc53/Long-tailed_Shrike/5.wav,Long-tailed_Shrike,24.0,27.0
../ibc53/Long-tailed_Shrike/5.wav,Long-tailed_Shrike,27.0,30.0
../ibc53/Long-tailed_Shrike/5.wav,Long-tailed_Shrike,30.0,33.0
../ibc53/Long-tailed_Shrike/5.wav,Long-tailed_Shrike,33.0,36.0
../ibc53/Long-tailed_Shrike/5.wav,Long-tailed_Shrike,36.0,39.0
../ibc53/Long-tailed_Shrike/5.wav,Long-tailed_Shrike,39.0,42.0
../ibc53/Long-tailed_Shrike/5.wav,Long-tailed_Shrike,42.0,45.0
../ibc53/Long-tailed_Shrike/5.wav,Long-tailed_Shrike,45.0,48.0
../ibc53/Long-tailed_Shrike/5.wav,Long-tailed_Shrike,48.0,51.0
../ibc53/Long-tailed_Shrike/5.wav,Long-tailed_Shrike,51.0,54.0
../ibc53/Long-tailed_Shrike/5.wav,Long-tailed_Shrike,54.0,57.0
../ibc53/Long-tailed_Shrike/5.wav,Long-tailed_Shrike,57.0,60.0
../ibc53/Long-tailed_Shrike/5.wav,Long-tailed_Shrike,60.0,63.0
../ibc53/Long-tailed_Shrike/5.wav,Long-tailed_Shrike,63.0,66.0
../ibc53/Long-tailed_Shrike/5.wav,Long-tailed_Shrike,66.0,69.0
../ibc53/Long-tailed_Shrike/5.wav,Long-tailed_Shrike,69.0,72.0
../ibc53/Long-tailed_Shrike/5.wav,Long-tailed_Shrike,72.0,75.0
../ibc53/Long-tailed_Shrike/5.wav,Long-tailed_Shrike,75.0,78.0
../ibc53/Long-tailed_Shrike/5.wav,Long-tailed_Shrike,78.0,81.0
../ibc53/Long-tailed_Shrike/1.wav,Long-tailed_Shrike,0,3.0
../ibc53/Long-tailed_Shrike/1.wav,Long-tailed_Shrike,3.0,6.0
../ibc53/Long-tailed_Shrike/1.wav,Long-tailed_Shrike,6.0,9.0
../ibc53/Long-tailed_Shrike/1.wav,Long-tailed_Shrike,9.0,12.0
../ibc53/Long-tailed_Shrike/1.wav,Long-tailed_Shrike,12.0,15.0
../ibc53/Long-tailed_Shrike/1.wav,Long-tailed_Shrike,15.0,18.0
../ibc53/Long-tailed_Shrike/1.wav,Long-tailed_Shrike,18.0,21.0
../ibc53/Long-tailed_Shrike/1.wav,Long-tailed_Shrike,21.0,24.0
../ibc53/Long-tailed_Shrike/2.wav,Long-tailed_Shrike,0,3.0
../ibc53/Long-tailed_Shrike/2.wav,Long-tailed_Shrike,3.0,6.0
../ibc53/Long-tailed_Shrike/2.wav,Long-tailed_Shrike,6.0,9.0
../ibc53/Long-tailed_Shrike/2.wav,Long-tailed_Shrike,9.0,12.0
../ibc53/Long-tailed_Shrike/2.wav,Long-tailed_Shrike,12.0,15.0
../ibc53/Long-tailed_Shrike/2.wav,Long-tailed_Shrike,15.0,18.0
../ibc53/Long-tailed_Shrike/2.wav,Long-tailed_Shrike,18.0,21.0
../ibc53/Long-tailed_Shrike/2.wav,Long-tailed_Shrike,21.0,24.0
../ibc53/Long-tailed_Shrike/4.wav,Long-tailed_Shrike,0,3.0
../ibc53/Long-tailed_Shrike/4.wav,Long-tailed_Shrike,3.0,6.0
../ibc53/Long-tailed_Shrike/4.wav,Long-tailed_Shrike,6.0,9.0
../ibc53/Long-tailed_Shrike/4.wav,Long-tailed_Shrike,9.0,12.0
../ibc53/Long-tailed_Shrike/4.wav,Long-tailed_Shrike,12.0,15.0
../ibc53/Long-tailed_Shrike/4.wav,Long-tailed_Shrike,15.0,18.0
../ibc53/Long-tailed_Shrike/4.wav,Long-tailed_Shrike,18.0,21.0
../ibc53/Long-tailed_Shrike/4.wav,Long-tailed_Shrike,21.0,24.0
../ibc53/Long-tailed_Shrike/4.wav,Long-tailed_Shrike,24.0,27.0
../ibc53/Long-tailed_Shrike/4.wav,Long-tailed_Shrike,27.0,30.0
../ibc53/Long-tailed_Shrike/4.wav,Long-tailed_Shrike,30.0,33.0
../ibc53/Macronus gularis/15.wav,Macronus gularis,0,3.0
../ibc53/Macronus gularis/15.wav,Macronus gularis,3.0,6.0
../ibc53/Macronus gularis/15.wav,Macronus gularis,6.0,9.0
../ibc53/Macronus gularis/15.wav,Macronus gularis,9.0,12.0
../ibc53/Macronus gularis/15.wav,Macronus gularis,12.0,15.0
../ibc53/Macronus gularis/15.wav,Macronus gularis,15.0,18.0
../ibc53/Macronus gularis/15.wav,Macronus gularis,18.0,21.0
../ibc53/Macronus gularis/15.wav,Macronus gularis,21.0,24.0
../ibc53/Macronus gularis/15.wav,Macronus gularis,24.0,27.0
../ibc53/Macronus gularis/3.wav,Macronus gularis,0,3.0
../ibc53/Macronus gularis/3.wav,Macronus gularis,3.0,6.0
../ibc53/Macronus gularis/3.wav,Macronus gularis,6.0,9.0
../ibc53/Macronus gularis/3.wav,Macronus gularis,9.0,12.0
../ibc53/Macronus gularis/3.wav,Macronus gularis,12.0,15.0
../ibc53/Macronus gularis/3.wav,Macronus gularis,15.0,18.0
../ibc53/Macronus gularis/3.wav,Macronus gularis,18.0,21.0
../ibc53/Macronus gularis/3.wav,Macronus gularis,21.0,24.0
../ibc53/Macronus gularis/3.wav,Macronus gularis,24.0,27.0
../ibc53/Macronus gularis/3.wav,Macronus gularis,27.0,30.0
../ibc53/Macronus gularis/3.wav,Macronus gularis,30.0,33.0
../ibc53/Macronus gularis/3.wav,Macronus gularis,33.0,36.0
../ibc53/Macronus gularis/5.wav,Macronus gularis,0,3.0
../ibc53/Macronus gularis/5.wav,Macronus gularis,3.0,6.0
../ibc53/Macronus gularis/5.wav,Macronus gularis,6.0,9.0
../ibc53/Macronus gularis/5.wav,Macronus gularis,9.0,12.0
../ibc53/Macronus gularis/5.wav,Macronus gularis,12.0,15.0
../ibc53/Macronus gularis/5.wav,Macronus gularis,15.0,18.0
../ibc53/Macronus gularis/5.wav,Macronus gularis,18.0,21.0
../ibc53/Macronus gularis/5.wav,Macronus gularis,21.0,24.0
../ibc53/Macronus gularis/5.wav,Macronus gularis,24.0,27.0
../ibc53/Macronus gularis/5.wav,Macronus gularis,27.0,30.0
../ibc53/Macronus gularis/18.wav,Macronus gularis,0,3.0
../ibc53/Macronus gularis/18.wav,Macronus gularis,3.0,6.0
../ibc53/Macronus gularis/18.wav,Macronus gularis,6.0,9.0
../ibc53/Macronus gularis/7.wav,Macronus gularis,0,3.0
../ibc53/Macronus gularis/7.wav,Macronus gularis,3.0,6.0
../ibc53/Macronus gularis/7.wav,Macronus gularis,6.0,9.0
../ibc53/Macronus gularis/7.wav,Macronus gularis,9.0,12.0
../ibc53/Macronus gularis/7.wav,Macronus gularis,12.0,15.0
../ibc53/Macronus gularis/7.wav,Macronus gularis,15.0,18.0
../ibc53/Macronus gularis/7.wav,Macronus gularis,18.0,21.0
../ibc53/Macronus gularis/7.wav,Macronus gularis,21.0,24.0
../ibc53/Macronus gularis/7.wav,Macronus gularis,24.0,27.0
../ibc53/Macronus gularis/8.wav,Macronus gularis,0,3.0
../ibc53/Macronus gularis/8.wav,Macronus gularis,3.0,6.0
../ibc53/Macronus gularis/8.wav,Macronus gularis,6.0,9.0
../ibc53/Macronus gularis/8.wav,Macronus gularis,9.0,12.0
../ibc53/Macronus gularis/8.wav,Macronus gularis,12.0,15.0
../ibc53/Macronus gularis/8.wav,Macronus gularis,15.0,18.0
../ibc53/Macronus gularis/8.wav,Macronus gularis,18.0,21.0
../ibc53/Macronus gularis/8.wav,Macronus gularis,21.0,24.0
../ibc53/Macronus gularis/8.wav,Macronus gularis,24.0,27.0
../ibc53/Macronus gularis/8.wav,Macronus gularis,27.0,30.0
../ibc53/Macronus gularis/8.wav,Macronus gularis,30.0,33.0
../ibc53/Macronus gularis/24.wav,Macronus gularis,0,3.0
../ibc53/Macronus gularis/24.wav,Macronus gularis,3.0,6.0
../ibc53/Macronus gularis/24.wav,Macronus gularis,6.0,9.0
../ibc53/Macronus gularis/24.wav,Macronus gularis,9.0,12.0
../ibc53/Macronus gularis/24.wav,Macronus gularis,12.0,15.0
../ibc53/Macronus gularis/24.wav,Macronus gularis,15.0,18.0
../ibc53/Macronus gularis/17.wav,Macronus gularis,0,3.0
../ibc53/Macronus gularis/17.wav,Macronus gularis,3.0,6.0
../ibc53/Macronus gularis/17.wav,Macronus gularis,6.0,9.0
../ibc53/Macronus gularis/17.wav,Macronus gularis,9.0,12.0
../ibc53/Macronus gularis/17.wav,Macronus gularis,12.0,15.0
../ibc53/Macronus gularis/17.wav,Macronus gularis,15.0,18.0
../ibc53/Macronus gularis/17.wav,Macronus gularis,18.0,21.0
../ibc53/Macronus gularis/17.wav,Macronus gularis,21.0,24.0
../ibc53/Macronus gularis/17.wav,Macronus gularis,24.0,27.0
../ibc53/Macronus gularis/17.wav,Macronus gularis,27.0,30.0
../ibc53/Macronus gularis/17.wav,Macronus gularis,30.0,33.0
../ibc53/Macronus gularis/17.wav,Macronus gularis,33.0,36.0
../ibc53/Macronus gularis/17.wav,Macronus gularis,36.0,39.0
../ibc53/Macronus gularis/17.wav,Macronus gularis,39.0,42.0
../ibc53/Macronus gularis/17.wav,Macronus gularis,42.0,45.0
../ibc53/Macronus gularis/17.wav,Macronus gularis,45.0,48.0
../ibc53/Macronus gularis/17.wav,Macronus gularis,48.0,51.0
../ibc53/Macronus gularis/17.wav,Macronus gularis,51.0,54.0
../ibc53/Macronus gularis/17.wav,Macronus gularis,54.0,57.0
../ibc53/Macronus gularis/17.wav,Macronus gularis,57.0,60.0
../ibc53/Macronus gularis/17.wav,Macronus gularis,60.0,63.0
../ibc53/Macronus gularis/17.wav,Macronus gularis,63.0,66.0
../ibc53/Macronus gularis/17.wav,Macronus gularis,66.0,69.0
../ibc53/Macronus gularis/17.wav,Macronus gularis,69.0,72.0
../ibc53/Macronus gularis/17.wav,Macronus gularis,72.0,75.0
../ibc53/Macronus gularis/17.wav,Macronus gularis,75.0,78.0
../ibc53/Macronus gularis/17.wav,Macronus gularis,78.0,81.0
../ibc53/Macronus gularis/17.wav,Macronus gularis,81.0,84.0
../ibc53/Macronus gularis/17.wav,Macronus gularis,84.0,87.0
../ibc53/Macronus gularis/17.wav,Macronus gularis,87.0,90.0
../ibc53/Macronus gularis/17.wav,Macronus gularis,90.0,93.0
../ibc53/Macronus gularis/1.wav,Macronus gularis,0,3.0
../ibc53/Macronus gularis/1.wav,Macronus gularis,3.0,6.0
../ibc53/Macronus gularis/1.wav,Macronus gularis,6.0,9.0
../ibc53/Macronus gularis/1.wav,Macronus gularis,9.0,12.0
../ibc53/Macronus gularis/1.wav,Macronus gularis,12.0,15.0
../ibc53/Macronus gularis/1.wav,Macronus gularis,15.0,18.0
../ibc53/Macronus gularis/13.wav,Macronus gularis,0,3.0
../ibc53/Macronus gularis/13.wav,Macronus gularis,3.0,6.0
../ibc53/Macronus gularis/13.wav,Macronus gularis,6.0,9.0
../ibc53/Macronus gularis/13.wav,Macronus gularis,9.0,12.0
../ibc53/Macronus gularis/13.wav,Macronus gularis,12.0,15.0
../ibc53/Macronus gularis/13.wav,Macronus gularis,15.0,18.0
../ibc53/Macronus gularis/16.wav,Macronus gularis,0,3.0
../ibc53/Macronus gularis/16.wav,Macronus gularis,3.0,6.0
../ibc53/Macronus gularis/16.wav,Macronus gularis,6.0,9.0
../ibc53/Macronus gularis/16.wav,Macronus gularis,9.0,12.0
../ibc53/Macronus gularis/16.wav,Macronus gularis,12.0,15.0
../ibc53/Macronus gularis/16.wav,Macronus gularis,15.0,18.0
../ibc53/Macronus gularis/16.wav,Macronus gularis,18.0,21.0
../ibc53/Macronus gularis/16.wav,Macronus gularis,21.0,24.0
../ibc53/Macronus gularis/16.wav,Macronus gularis,24.0,27.0
../ibc53/Macronus gularis/16.wav,Macronus gularis,27.0,30.0
../ibc53/Macronus gularis/16.wav,Macronus gularis,30.0,33.0
../ibc53/Macronus gularis/16.wav,Macronus gularis,33.0,36.0
../ibc53/Macronus gularis/16.wav,Macronus gularis,36.0,39.0
../ibc53/Macronus gularis/20.wav,Macronus gularis,0,3.0
../ibc53/Macronus gularis/20.wav,Macronus gularis,3.0,6.0
../ibc53/Macronus gularis/20.wav,Macronus gularis,6.0,9.0
../ibc53/Macronus gularis/20.wav,Macronus gularis,9.0,12.0
../ibc53/Macronus gularis/20.wav,Macronus gularis,12.0,15.0
../ibc53/Macronus gularis/20.wav,Macronus gularis,15.0,18.0
../ibc53/Macronus gularis/20.wav,Macronus gularis,18.0,21.0
../ibc53/Macronus gularis/21.wav,Macronus gularis,0,3.0
../ibc53/Macronus gularis/21.wav,Macronus gularis,3.0,6.0
../ibc53/Macronus gularis/21.wav,Macronus gularis,6.0,9.0
../ibc53/Macronus gularis/21.wav,Macronus gularis,9.0,12.0
../ibc53/Macronus gularis/21.wav,Macronus gularis,12.0,15.0
../ibc53/Macronus gularis/21.wav,Macronus gularis,15.0,18.0
../ibc53/Macronus gularis/21.wav,Macronus gularis,18.0,21.0
../ibc53/Macronus gularis/21.wav,Macronus gularis,21.0,24.0
../ibc53/Macronus gularis/21.wav,Macronus gularis,24.0,27.0
../ibc53/Macronus gularis/21.wav,Macronus gularis,27.0,30.0
../ibc53/Macronus gularis/21.wav,Macronus gularis,30.0,33.0
../ibc53/Macronus gularis/21.wav,Macronus gularis,33.0,36.0
../ibc53/Macronus gularis/21.wav,Macronus gularis,36.0,39.0
../ibc53/Macronus gularis/21.wav,Macronus gularis,39.0,42.0
../ibc53/Macronus gularis/21.wav,Macronus gularis,42.0,45.0
../ibc53/Macronus gularis/21.wav,Macronus gularis,45.0,48.0
../ibc53/Macronus gularis/21.wav,Macronus gularis,48.0,51.0
../ibc53/Macronus gularis/21.wav,Macronus gularis,51.0,54.0
../ibc53/Macronus gularis/21.wav,Macronus gularis,54.0,57.0
../ibc53/Macronus gularis/21.wav,Macronus gularis,57.0,60.0
../ibc53/Macronus gularis/21.wav,Macronus gularis,60.0,63.0
../ibc53/Macronus gularis/21.wav,Macronus gularis,63.0,66.0
../ibc53/Macronus gularis/21.wav,Macronus gularis,66.0,69.0
../ibc53/Macronus gularis/21.wav,Macronus gularis,69.0,72.0
../ibc53/Macronus gularis/21.wav,Macronus gularis,72.0,75.0
../ibc53/Macronus gularis/21.wav,Macronus gularis,75.0,78.0
../ibc53/Macronus gularis/21.wav,Macronus gularis,78.0,81.0
../ibc53/Macronus gularis/21.wav,Macronus gularis,81.0,84.0
../ibc53/Macronus gularis/21.wav,Macronus gularis,84.0,87.0
../ibc53/Macronus gularis/12.wav,Macronus gularis,0,3.0
../ibc53/Macronus gularis/12.wav,Macronus gularis,3.0,6.0
../ibc53/Macronus gularis/12.wav,Macronus gularis,6.0,9.0
../ibc53/Macronus gularis/12.wav,Macronus gularis,9.0,12.0
../ibc53/Macronus gularis/12.wav,Macronus gularis,12.0,15.0
../ibc53/Macronus gularis/2.wav,Macronus gularis,0,3.0
../ibc53/Macronus gularis/2.wav,Macronus gularis,3.0,6.0
../ibc53/Macronus gularis/2.wav,Macronus gularis,6.0,9.0
../ibc53/Macronus gularis/4.wav,Macronus gularis,0,3.0
../ibc53/Macronus gularis/4.wav,Macronus gularis,3.0,6.0
../ibc53/Macronus gularis/4.wav,Macronus gularis,6.0,9.0
../ibc53/Macronus gularis/4.wav,Macronus gularis,9.0,12.0
../ibc53/Macronus gularis/4.wav,Macronus gularis,12.0,15.0
../ibc53/Macronus gularis/4.wav,Macronus gularis,15.0,18.0
../ibc53/Macronus gularis/4.wav,Macronus gularis,18.0,21.0
../ibc53/Macronus gularis/4.wav,Macronus gularis,21.0,24.0
../ibc53/Macronus gularis/4.wav,Macronus gularis,24.0,27.0
../ibc53/Macronus gularis/4.wav,Macronus gularis,27.0,30.0
../ibc53/Macronus gularis/4.wav,Macronus gularis,30.0,33.0
../ibc53/Macronus gularis/4.wav,Macronus gularis,33.0,36.0
../ibc53/Macronus gularis/4.wav,Macronus gularis,36.0,39.0
../ibc53/Macronus gularis/4.wav,Macronus gularis,39.0,42.0
../ibc53/Macronus gularis/4.wav,Macronus gularis,42.0,45.0
../ibc53/Macronus gularis/4.wav,Macronus gularis,45.0,48.0
../ibc53/Macronus gularis/14.wav,Macronus gularis,0,3.0
../ibc53/Macronus gularis/14.wav,Macronus gularis,3.0,6.0
../ibc53/Macronus gularis/14.wav,Macronus gularis,6.0,9.0
../ibc53/Macronus gularis/22.wav,Macronus gularis,0,3.0
../ibc53/Macronus gularis/22.wav,Macronus gularis,3.0,6.0
../ibc53/Macronus gularis/22.wav,Macronus gularis,6.0,9.0
../ibc53/Macronus gularis/22.wav,Macronus gularis,9.0,12.0
../ibc53/Macronus gularis/22.wav,Macronus gularis,12.0,15.0
../ibc53/Macronus gularis/22.wav,Macronus gularis,15.0,18.0
../ibc53/Macronus gularis/22.wav,Macronus gularis,18.0,21.0
../ibc53/Macronus gularis/10.wav,Macronus gularis,0,3.0
../ibc53/Macronus gularis/10.wav,Macronus gularis,3.0,6.0
../ibc53/Macronus gularis/10.wav,Macronus gularis,6.0,9.0
../ibc53/Macronus gularis/19.wav,Macronus gularis,0,3.0
../ibc53/Macronus gularis/19.wav,Macronus gularis,3.0,6.0
../ibc53/Macronus gularis/19.wav,Macronus gularis,6.0,9.0
../ibc53/Macronus gularis/19.wav,Macronus gularis,9.0,12.0
../ibc53/Macronus gularis/19.wav,Macronus gularis,12.0,15.0
../ibc53/Macronus gularis/19.wav,Macronus gularis,15.0,18.0
../ibc53/Macronus gularis/19.wav,Macronus gularis,18.0,21.0
../ibc53/Macronus gularis/9.wav,Macronus gularis,0,3.0
../ibc53/Macronus gularis/9.wav,Macronus gularis,3.0,6.0
../ibc53/Macronus gularis/9.wav,Macronus gularis,6.0,9.0
../ibc53/Macronus gularis/9.wav,Macronus gularis,9.0,12.0
../ibc53/Macronus gularis/9.wav,Macronus gularis,12.0,15.0
../ibc53/Macronus gularis/6.wav,Macronus gularis,0,3.0
../ibc53/Macronus gularis/6.wav,Macronus gularis,3.0,6.0
../ibc53/Macronus gularis/6.wav,Macronus gularis,6.0,9.0
../ibc53/Macronus gularis/6.wav,Macronus gularis,9.0,12.0
../ibc53/Macronus gularis/6.wav,Macronus gularis,12.0,15.0
../ibc53/Macronus gularis/6.wav,Macronus gularis,15.0,18.0
../ibc53/Macronus gularis/6.wav,Macronus gularis,18.0,21.0
../ibc53/Macronus gularis/6.wav,Macronus gularis,21.0,24.0
../ibc53/Macronus gularis/6.wav,Macronus gularis,24.0,27.0
../ibc53/Macronus gularis/6.wav,Macronus gularis,27.0,30.0
../ibc53/Macronus gularis/11.wav,Macronus gularis,0,3.0
../ibc53/Macronus gularis/11.wav,Macronus gularis,3.0,6.0
../ibc53/Macronus gularis/11.wav,Macronus gularis,6.0,9.0
../ibc53/Macronus gularis/11.wav,Macronus gularis,9.0,12.0
../ibc53/Macronus gularis/11.wav,Macronus gularis,12.0,15.0
../ibc53/Macronus gularis/11.wav,Macronus gularis,15.0,18.0
../ibc53/Macronus gularis/11.wav,Macronus gularis,18.0,21.0
../ibc53/Macronus gularis/23.wav,Macronus gularis,0,3.0
../ibc53/Macronus gularis/23.wav,Macronus gularis,3.0,6.0
../ibc53/Macronus gularis/23.wav,Macronus gularis,6.0,9.0
../ibc53/Macronus gularis/23.wav,Macronus gularis,9.0,12.0
../ibc53/Macronus gularis/23.wav,Macronus gularis,12.0,15.0
../ibc53/Macronus gularis/23.wav,Macronus gularis,15.0,18.0
../ibc53/Macronus gularis/23.wav,Macronus gularis,18.0,21.0
../ibc53/Macronus gularis/23.wav,Macronus gularis,21.0,24.0
../ibc53/Macronus gularis/23.wav,Macronus gularis,24.0,27.0
../ibc53/Macronus gularis/23.wav,Macronus gularis,27.0,30.0
../ibc53/Macronus gularis/23.wav,Macronus gularis,30.0,33.0
../ibc53/Macronus gularis/23.wav,Macronus gularis,33.0,36.0
../ibc53/Mrs_Goulds_Sunbird/3.wav,Mrs_Goulds_Sunbird,0,3.0
../ibc53/Mrs_Goulds_Sunbird/3.wav,Mrs_Goulds_Sunbird,3.0,6.0
../ibc53/Mrs_Goulds_Sunbird/3.wav,Mrs_Goulds_Sunbird,6.0,9.0
../ibc53/Mrs_Goulds_Sunbird/3.wav,Mrs_Goulds_Sunbird,9.0,12.0
../ibc53/Mrs_Goulds_Sunbird/3.wav,Mrs_Goulds_Sunbird,12.0,15.0
../ibc53/Mrs_Goulds_Sunbird/3.wav,Mrs_Goulds_Sunbird,15.0,18.0
../ibc53/Mrs_Goulds_Sunbird/3.wav,Mrs_Goulds_Sunbird,18.0,21.0
../ibc53/Mrs_Goulds_Sunbird/3.wav,Mrs_Goulds_Sunbird,21.0,24.0
../ibc53/Mrs_Goulds_Sunbird/5.wav,Mrs_Goulds_Sunbird,0,3.0
../ibc53/Mrs_Goulds_Sunbird/5.wav,Mrs_Goulds_Sunbird,3.0,6.0
../ibc53/Mrs_Goulds_Sunbird/5.wav,Mrs_Goulds_Sunbird,6.0,9.0
../ibc53/Mrs_Goulds_Sunbird/5.wav,Mrs_Goulds_Sunbird,9.0,12.0
../ibc53/Mrs_Goulds_Sunbird/5.wav,Mrs_Goulds_Sunbird,12.0,15.0
../ibc53/Mrs_Goulds_Sunbird/1.wav,Mrs_Goulds_Sunbird,0,3.0
../ibc53/Mrs_Goulds_Sunbird/1.wav,Mrs_Goulds_Sunbird,3.0,6.0
../ibc53/Mrs_Goulds_Sunbird/1.wav,Mrs_Goulds_Sunbird,6.0,9.0
../ibc53/Mrs_Goulds_Sunbird/1.wav,Mrs_Goulds_Sunbird,9.0,12.0
../ibc53/Mrs_Goulds_Sunbird/1.wav,Mrs_Goulds_Sunbird,12.0,15.0
../ibc53/Mrs_Goulds_Sunbird/1.wav,Mrs_Goulds_Sunbird,15.0,18.0
../ibc53/Mrs_Goulds_Sunbird/1.wav,Mrs_Goulds_Sunbird,18.0,21.0
../ibc53/Mrs_Goulds_Sunbird/1.wav,Mrs_Goulds_Sunbird,21.0,24.0
../ibc53/Mrs_Goulds_Sunbird/1.wav,Mrs_Goulds_Sunbird,24.0,27.0
../ibc53/Mrs_Goulds_Sunbird/1.wav,Mrs_Goulds_Sunbird,27.0,30.0
../ibc53/Mrs_Goulds_Sunbird/1.wav,Mrs_Goulds_Sunbird,30.0,33.0
../ibc53/Mrs_Goulds_Sunbird/1.wav,Mrs_Goulds_Sunbird,33.0,36.0
../ibc53/Mrs_Goulds_Sunbird/1.wav,Mrs_Goulds_Sunbird,36.0,39.0
../ibc53/Mrs_Goulds_Sunbird/1.wav,Mrs_Goulds_Sunbird,39.0,42.0
../ibc53/Mrs_Goulds_Sunbird/1.wav,Mrs_Goulds_Sunbird,42.0,45.0
../ibc53/Mrs_Goulds_Sunbird/1.wav,Mrs_Goulds_Sunbird,45.0,48.0
../ibc53/Mrs_Goulds_Sunbird/1.wav,Mrs_Goulds_Sunbird,48.0,51.0
../ibc53/Mrs_Goulds_Sunbird/2.wav,Mrs_Goulds_Sunbird,0,3.0
../ibc53/Mrs_Goulds_Sunbird/2.wav,Mrs_Goulds_Sunbird,3.0,6.0
../ibc53/Mrs_Goulds_Sunbird/2.wav,Mrs_Goulds_Sunbird,6.0,9.0
../ibc53/Mrs_Goulds_Sunbird/2.wav,Mrs_Goulds_Sunbird,9.0,12.0
../ibc53/Mrs_Goulds_Sunbird/2.wav,Mrs_Goulds_Sunbird,12.0,15.0
../ibc53/Mrs_Goulds_Sunbird/2.wav,Mrs_Goulds_Sunbird,15.0,18.0
../ibc53/Mrs_Goulds_Sunbird/2.wav,Mrs_Goulds_Sunbird,18.0,21.0
../ibc53/Mrs_Goulds_Sunbird/2.wav,Mrs_Goulds_Sunbird,21.0,24.0
../ibc53/Mrs_Goulds_Sunbird/4.wav,Mrs_Goulds_Sunbird,0,3.0
../ibc53/Mrs_Goulds_Sunbird/4.wav,Mrs_Goulds_Sunbird,3.0,6.0
../ibc53/Mrs_Goulds_Sunbird/4.wav,Mrs_Goulds_Sunbird,6.0,9.0
../ibc53/Mrs_Goulds_Sunbird/4.wav,Mrs_Goulds_Sunbird,9.0,12.0
../ibc53/Mrs_Goulds_Sunbird/6.wav,Mrs_Goulds_Sunbird,0,3.0
../ibc53/Mrs_Goulds_Sunbird/6.wav,Mrs_Goulds_Sunbird,3.0,6.0
../ibc53/Mrs_Goulds_Sunbird/6.wav,Mrs_Goulds_Sunbird,6.0,9.0
../ibc53/Oriental_Dollarbird/3.wav,Oriental_Dollarbird,0,3.0
../ibc53/Oriental_Dollarbird/3.wav,Oriental_Dollarbird,3.0,6.0
../ibc53/Oriental_Dollarbird/3.wav,Oriental_Dollarbird,6.0,9.0
../ibc53/Oriental_Dollarbird/3.wav,Oriental_Dollarbird,9.0,12.0
../ibc53/Oriental_Dollarbird/5.wav,Oriental_Dollarbird,0,3.0
../ibc53/Oriental_Dollarbird/5.wav,Oriental_Dollarbird,3.0,6.0
../ibc53/Oriental_Dollarbird/5.wav,Oriental_Dollarbird,6.0,9.0
../ibc53/Oriental_Dollarbird/5.wav,Oriental_Dollarbird,9.0,12.0
../ibc53/Oriental_Dollarbird/5.wav,Oriental_Dollarbird,12.0,15.0
../ibc53/Oriental_Dollarbird/5.wav,Oriental_Dollarbird,15.0,18.0
../ibc53/Oriental_Dollarbird/5.wav,Oriental_Dollarbird,18.0,21.0
../ibc53/Oriental_Dollarbird/5.wav,Oriental_Dollarbird,21.0,24.0
../ibc53/Oriental_Dollarbird/5.wav,Oriental_Dollarbird,24.0,27.0
../ibc53/Oriental_Dollarbird/5.wav,Oriental_Dollarbird,27.0,30.0
../ibc53/Oriental_Dollarbird/5.wav,Oriental_Dollarbird,30.0,33.0
../ibc53/Oriental_Dollarbird/5.wav,Oriental_Dollarbird,33.0,36.0
../ibc53/Oriental_Dollarbird/5.wav,Oriental_Dollarbird,36.0,39.0
../ibc53/Oriental_Dollarbird/1.wav,Oriental_Dollarbird,0,3.0
../ibc53/Oriental_Dollarbird/1.wav,Oriental_Dollarbird,3.0,6.0
../ibc53/Oriental_Dollarbird/1.wav,Oriental_Dollarbird,6.0,9.0
../ibc53/Oriental_Dollarbird/1.wav,Oriental_Dollarbird,9.0,12.0
../ibc53/Oriental_Dollarbird/1.wav,Oriental_Dollarbird,12.0,15.0
../ibc53/Oriental_Dollarbird/1.wav,Oriental_Dollarbird,15.0,18.0
../ibc53/Oriental_Dollarbird/1.wav,Oriental_Dollarbird,18.0,21.0
../ibc53/Oriental_Dollarbird/1.wav,Oriental_Dollarbird,21.0,24.0
../ibc53/Oriental_Dollarbird/1.wav,Oriental_Dollarbird,24.0,27.0
../ibc53/Oriental_Dollarbird/1.wav,Oriental_Dollarbird,27.0,30.0
../ibc53/Oriental_Dollarbird/1.wav,Oriental_Dollarbird,30.0,33.0
../ibc53/Oriental_Dollarbird/1.wav,Oriental_Dollarbird,33.0,36.0
../ibc53/Oriental_Dollarbird/1.wav,Oriental_Dollarbird,36.0,39.0
../ibc53/Oriental_Dollarbird/2.wav,Oriental_Dollarbird,0,3.0
../ibc53/Oriental_Dollarbird/2.wav,Oriental_Dollarbird,3.0,6.0
../ibc53/Oriental_Dollarbird/2.wav,Oriental_Dollarbird,6.0,9.0
../ibc53/Oriental_Dollarbird/2.wav,Oriental_Dollarbird,9.0,12.0
../ibc53/Oriental_Dollarbird/2.wav,Oriental_Dollarbird,12.0,15.0
../ibc53/Oriental_Dollarbird/2.wav,Oriental_Dollarbird,15.0,18.0
../ibc53/Oriental_Dollarbird/2.wav,Oriental_Dollarbird,18.0,21.0
../ibc53/Oriental_Dollarbird/2.wav,Oriental_Dollarbird,21.0,24.0
../ibc53/Oriental_Dollarbird/2.wav,Oriental_Dollarbird,24.0,27.0
../ibc53/Oriental_Dollarbird/2.wav,Oriental_Dollarbird,27.0,30.0
../ibc53/Oriental_Dollarbird/2.wav,Oriental_Dollarbird,30.0,33.0
../ibc53/Oriental_Dollarbird/4.wav,Oriental_Dollarbird,0,3.0
../ibc53/Oriental_Dollarbird/4.wav,Oriental_Dollarbird,3.0,6.0
../ibc53/Oriental_Dollarbird/4.wav,Oriental_Dollarbird,6.0,9.0
../ibc53/Oriental_Dollarbird/4.wav,Oriental_Dollarbird,9.0,12.0
../ibc53/Oriental_Dollarbird/4.wav,Oriental_Dollarbird,12.0,15.0
../ibc53/Pale-chinned_Blue_Flycatcher/15.wav,Pale-chinned_Blue_Flycatcher,0,3.0
../ibc53/Pale-chinned_Blue_Flycatcher/15.wav,Pale-chinned_Blue_Flycatcher,3.0,6.0
../ibc53/Pale-chinned_Blue_Flycatcher/15.wav,Pale-chinned_Blue_Flycatcher,6.0,9.0
../ibc53/Pale-chinned_Blue_Flycatcher/15.wav,Pale-chinned_Blue_Flycatcher,9.0,12.0
../ibc53/Pale-chinned_Blue_Flycatcher/15.wav,Pale-chinned_Blue_Flycatcher,12.0,15.0
../ibc53/Pale-chinned_Blue_Flycatcher/15.wav,Pale-chinned_Blue_Flycatcher,15.0,18.0
../ibc53/Pale-chinned_Blue_Flycatcher/15.wav,Pale-chinned_Blue_Flycatcher,18.0,21.0
../ibc53/Pale-chinned_Blue_Flycatcher/15.wav,Pale-chinned_Blue_Flycatcher,21.0,24.0
../ibc53/Pale-chinned_Blue_Flycatcher/15.wav,Pale-chinned_Blue_Flycatcher,24.0,27.0
../ibc53/Pale-chinned_Blue_Flycatcher/3.wav,Pale-chinned_Blue_Flycatcher,0,3.0
../ibc53/Pale-chinned_Blue_Flycatcher/3.wav,Pale-chinned_Blue_Flycatcher,3.0,6.0
../ibc53/Pale-chinned_Blue_Flycatcher/3.wav,Pale-chinned_Blue_Flycatcher,6.0,9.0
../ibc53/Pale-chinned_Blue_Flycatcher/3.wav,Pale-chinned_Blue_Flycatcher,9.0,12.0
../ibc53/Pale-chinned_Blue_Flycatcher/3.wav,Pale-chinned_Blue_Flycatcher,12.0,15.0
../ibc53/Pale-chinned_Blue_Flycatcher/3.wav,Pale-chinned_Blue_Flycatcher,15.0,18.0
../ibc53/Pale-chinned_Blue_Flycatcher/3.wav,Pale-chinned_Blue_Flycatcher,18.0,21.0
../ibc53/Pale-chinned_Blue_Flycatcher/3.wav,Pale-chinned_Blue_Flycatcher,21.0,24.0
../ibc53/Pale-chinned_Blue_Flycatcher/3.wav,Pale-chinned_Blue_Flycatcher,24.0,27.0
../ibc53/Pale-chinned_Blue_Flycatcher/3.wav,Pale-chinned_Blue_Flycatcher,27.0,30.0
../ibc53/Pale-chinned_Blue_Flycatcher/3.wav,Pale-chinned_Blue_Flycatcher,30.0,33.0
../ibc53/Pale-chinned_Blue_Flycatcher/3.wav,Pale-chinned_Blue_Flycatcher,33.0,36.0
../ibc53/Pale-chinned_Blue_Flycatcher/3.wav,Pale-chinned_Blue_Flycatcher,36.0,39.0
../ibc53/Pale-chinned_Blue_Flycatcher/3.wav,Pale-chinned_Blue_Flycatcher,39.0,42.0
../ibc53/Pale-chinned_Blue_Flycatcher/3.wav,Pale-chinned_Blue_Flycatcher,42.0,45.0
../ibc53/Pale-chinned_Blue_Flycatcher/5.wav,Pale-chinned_Blue_Flycatcher,0,3.0
../ibc53/Pale-chinned_Blue_Flycatcher/5.wav,Pale-chinned_Blue_Flycatcher,3.0,6.0
../ibc53/Pale-chinned_Blue_Flycatcher/5.wav,Pale-chinned_Blue_Flycatcher,6.0,9.0
../ibc53/Pale-chinned_Blue_Flycatcher/5.wav,Pale-chinned_Blue_Flycatcher,9.0,12.0
../ibc53/Pale-chinned_Blue_Flycatcher/5.wav,Pale-chinned_Blue_Flycatcher,12.0,15.0
../ibc53/Pale-chinned_Blue_Flycatcher/5.wav,Pale-chinned_Blue_Flycatcher,15.0,18.0
../ibc53/Pale-chinned_Blue_Flycatcher/5.wav,Pale-chinned_Blue_Flycatcher,18.0,21.0
../ibc53/Pale-chinned_Blue_Flycatcher/5.wav,Pale-chinned_Blue_Flycatcher,21.0,24.0
../ibc53/Pale-chinned_Blue_Flycatcher/5.wav,Pale-chinned_Blue_Flycatcher,24.0,27.0
../ibc53/Pale-chinned_Blue_Flycatcher/5.wav,Pale-chinned_Blue_Flycatcher,27.0,30.0
../ibc53/Pale-chinned_Blue_Flycatcher/5.wav,Pale-chinned_Blue_Flycatcher,30.0,33.0
../ibc53/Pale-chinned_Blue_Flycatcher/5.wav,Pale-chinned_Blue_Flycatcher,33.0,36.0
../ibc53/Pale-chinned_Blue_Flycatcher/5.wav,Pale-chinned_Blue_Flycatcher,36.0,39.0
../ibc53/Pale-chinned_Blue_Flycatcher/18.wav,Pale-chinned_Blue_Flycatcher,0,3.0
../ibc53/Pale-chinned_Blue_Flycatcher/18.wav,Pale-chinned_Blue_Flycatcher,3.0,6.0
../ibc53/Pale-chinned_Blue_Flycatcher/18.wav,Pale-chinned_Blue_Flycatcher,6.0,9.0
../ibc53/Pale-chinned_Blue_Flycatcher/18.wav,Pale-chinned_Blue_Flycatcher,9.0,12.0
../ibc53/Pale-chinned_Blue_Flycatcher/18.wav,Pale-chinned_Blue_Flycatcher,12.0,15.0
../ibc53/Pale-chinned_Blue_Flycatcher/18.wav,Pale-chinned_Blue_Flycatcher,15.0,18.0
../ibc53/Pale-chinned_Blue_Flycatcher/18.wav,Pale-chinned_Blue_Flycatcher,18.0,21.0
../ibc53/Pale-chinned_Blue_Flycatcher/18.wav,Pale-chinned_Blue_Flycatcher,21.0,24.0
../ibc53/Pale-chinned_Blue_Flycatcher/18.wav,Pale-chinned_Blue_Flycatcher,24.0,27.0
../ibc53/Pale-chinned_Blue_Flycatcher/18.wav,Pale-chinned_Blue_Flycatcher,27.0,30.0
../ibc53/Pale-chinned_Blue_Flycatcher/18.wav,Pale-chinned_Blue_Flycatcher,30.0,33.0
../ibc53/Pale-chinned_Blue_Flycatcher/18.wav,Pale-chinned_Blue_Flycatcher,33.0,36.0
../ibc53/Pale-chinned_Blue_Flycatcher/18.wav,Pale-chinned_Blue_Flycatcher,36.0,39.0
../ibc53/Pale-chinned_Blue_Flycatcher/18.wav,Pale-chinned_Blue_Flycatcher,39.0,42.0
../ibc53/Pale-chinned_Blue_Flycatcher/18.wav,Pale-chinned_Blue_Flycatcher,42.0,45.0
../ibc53/Pale-chinned_Blue_Flycatcher/18.wav,Pale-chinned_Blue_Flycatcher,45.0,48.0
../ibc53/Pale-chinned_Blue_Flycatcher/7.wav,Pale-chinned_Blue_Flycatcher,0,3.0
../ibc53/Pale-chinned_Blue_Flycatcher/7.wav,Pale-chinned_Blue_Flycatcher,3.0,6.0
../ibc53/Pale-chinned_Blue_Flycatcher/7.wav,Pale-chinned_Blue_Flycatcher,6.0,9.0
../ibc53/Pale-chinned_Blue_Flycatcher/7.wav,Pale-chinned_Blue_Flycatcher,9.0,12.0
../ibc53/Pale-chinned_Blue_Flycatcher/7.wav,Pale-chinned_Blue_Flycatcher,12.0,15.0
../ibc53/Pale-chinned_Blue_Flycatcher/7.wav,Pale-chinned_Blue_Flycatcher,15.0,18.0
../ibc53/Pale-chinned_Blue_Flycatcher/7.wav,Pale-chinned_Blue_Flycatcher,18.0,21.0
../ibc53/Pale-chinned_Blue_Flycatcher/7.wav,Pale-chinned_Blue_Flycatcher,21.0,24.0
../ibc53/Pale-chinned_Blue_Flycatcher/7.wav,Pale-chinned_Blue_Flycatcher,24.0,27.0
../ibc53/Pale-chinned_Blue_Flycatcher/7.wav,Pale-chinned_Blue_Flycatcher,27.0,30.0
../ibc53/Pale-chinned_Blue_Flycatcher/7.wav,Pale-chinned_Blue_Flycatcher,30.0,33.0
../ibc53/Pale-chinned_Blue_Flycatcher/8.wav,Pale-chinned_Blue_Flycatcher,0,3.0
../ibc53/Pale-chinned_Blue_Flycatcher/8.wav,Pale-chinned_Blue_Flycatcher,3.0,6.0
../ibc53/Pale-chinned_Blue_Flycatcher/8.wav,Pale-chinned_Blue_Flycatcher,6.0,9.0
../ibc53/Pale-chinned_Blue_Flycatcher/8.wav,Pale-chinned_Blue_Flycatcher,9.0,12.0
../ibc53/Pale-chinned_Blue_Flycatcher/8.wav,Pale-chinned_Blue_Flycatcher,12.0,15.0
../ibc53/Pale-chinned_Blue_Flycatcher/8.wav,Pale-chinned_Blue_Flycatcher,15.0,18.0
../ibc53/Pale-chinned_Blue_Flycatcher/8.wav,Pale-chinned_Blue_Flycatcher,18.0,21.0
../ibc53/Pale-chinned_Blue_Flycatcher/25.wav,Pale-chinned_Blue_Flycatcher,0,3.0
../ibc53/Pale-chinned_Blue_Flycatcher/25.wav,Pale-chinned_Blue_Flycatcher,3.0,6.0
../ibc53/Pale-chinned_Blue_Flycatcher/25.wav,Pale-chinned_Blue_Flycatcher,6.0,9.0
../ibc53/Pale-chinned_Blue_Flycatcher/25.wav,Pale-chinned_Blue_Flycatcher,9.0,12.0
../ibc53/Pale-chinned_Blue_Flycatcher/25.wav,Pale-chinned_Blue_Flycatcher,12.0,15.0
../ibc53/Pale-chinned_Blue_Flycatcher/25.wav,Pale-chinned_Blue_Flycatcher,15.0,18.0
../ibc53/Pale-chinned_Blue_Flycatcher/24.wav,Pale-chinned_Blue_Flycatcher,0,3.0
../ibc53/Pale-chinned_Blue_Flycatcher/24.wav,Pale-chinned_Blue_Flycatcher,3.0,6.0
../ibc53/Pale-chinned_Blue_Flycatcher/24.wav,Pale-chinned_Blue_Flycatcher,6.0,9.0
../ibc53/Pale-chinned_Blue_Flycatcher/24.wav,Pale-chinned_Blue_Flycatcher,9.0,12.0
../ibc53/Pale-chinned_Blue_Flycatcher/24.wav,Pale-chinned_Blue_Flycatcher,12.0,15.0
../ibc53/Pale-chinned_Blue_Flycatcher/24.wav,Pale-chinned_Blue_Flycatcher,15.0,18.0
../ibc53/Pale-chinned_Blue_Flycatcher/24.wav,Pale-chinned_Blue_Flycatcher,18.0,21.0
../ibc53/Pale-chinned_Blue_Flycatcher/24.wav,Pale-chinned_Blue_Flycatcher,21.0,24.0
../ibc53/Pale-chinned_Blue_Flycatcher/24.wav,Pale-chinned_Blue_Flycatcher,24.0,27.0
../ibc53/Pale-chinned_Blue_Flycatcher/24.wav,Pale-chinned_Blue_Flycatcher,27.0,30.0
../ibc53/Pale-chinned_Blue_Flycatcher/24.wav,Pale-chinned_Blue_Flycatcher,30.0,33.0
../ibc53/Pale-chinned_Blue_Flycatcher/24.wav,Pale-chinned_Blue_Flycatcher,33.0,36.0
../ibc53/Pale-chinned_Blue_Flycatcher/17.wav,Pale-chinned_Blue_Flycatcher,0,3.0
../ibc53/Pale-chinned_Blue_Flycatcher/17.wav,Pale-chinned_Blue_Flycatcher,3.0,6.0
../ibc53/Pale-chinned_Blue_Flycatcher/17.wav,Pale-chinned_Blue_Flycatcher,6.0,9.0
../ibc53/Pale-chinned_Blue_Flycatcher/17.wav,Pale-chinned_Blue_Flycatcher,9.0,12.0
../ibc53/Pale-chinned_Blue_Flycatcher/17.wav,Pale-chinned_Blue_Flycatcher,12.0,15.0
../ibc53/Pale-chinned_Blue_Flycatcher/17.wav,Pale-chinned_Blue_Flycatcher,15.0,18.0
../ibc53/Pale-chinned_Blue_Flycatcher/17.wav,Pale-chinned_Blue_Flycatcher,18.0,21.0
../ibc53/Pale-chinned_Blue_Flycatcher/17.wav,Pale-chinned_Blue_Flycatcher,21.0,24.0
../ibc53/Pale-chinned_Blue_Flycatcher/17.wav,Pale-chinned_Blue_Flycatcher,24.0,27.0
../ibc53/Pale-chinned_Blue_Flycatcher/17.wav,Pale-chinned_Blue_Flycatcher,27.0,30.0
../ibc53/Pale-chinned_Blue_Flycatcher/17.wav,Pale-chinned_Blue_Flycatcher,30.0,33.0
../ibc53/Pale-chinned_Blue_Flycatcher/17.wav,Pale-chinned_Blue_Flycatcher,33.0,36.0
../ibc53/Pale-chinned_Blue_Flycatcher/17.wav,Pale-chinned_Blue_Flycatcher,36.0,39.0
../ibc53/Pale-chinned_Blue_Flycatcher/17.wav,Pale-chinned_Blue_Flycatcher,39.0,42.0
../ibc53/Pale-chinned_Blue_Flycatcher/17.wav,Pale-chinned_Blue_Flycatcher,42.0,45.0
../ibc53/Pale-chinned_Blue_Flycatcher/17.wav,Pale-chinned_Blue_Flycatcher,45.0,48.0
../ibc53/Pale-chinned_Blue_Flycatcher/17.wav,Pale-chinned_Blue_Flycatcher,48.0,51.0
../ibc53/Pale-chinned_Blue_Flycatcher/17.wav,Pale-chinned_Blue_Flycatcher,51.0,54.0
../ibc53/Pale-chinned_Blue_Flycatcher/17.wav,Pale-chinned_Blue_Flycatcher,54.0,57.0
../ibc53/Pale-chinned_Blue_Flycatcher/17.wav,Pale-chinned_Blue_Flycatcher,57.0,60.0
../ibc53/Pale-chinned_Blue_Flycatcher/17.wav,Pale-chinned_Blue_Flycatcher,60.0,63.0
../ibc53/Pale-chinned_Blue_Flycatcher/17.wav,Pale-chinned_Blue_Flycatcher,63.0,66.0
../ibc53/Pale-chinned_Blue_Flycatcher/17.wav,Pale-chinned_Blue_Flycatcher,66.0,69.0
../ibc53/Pale-chinned_Blue_Flycatcher/1.wav,Pale-chinned_Blue_Flycatcher,0,3.0
../ibc53/Pale-chinned_Blue_Flycatcher/1.wav,Pale-chinned_Blue_Flycatcher,3.0,6.0
../ibc53/Pale-chinned_Blue_Flycatcher/1.wav,Pale-chinned_Blue_Flycatcher,6.0,9.0
../ibc53/Pale-chinned_Blue_Flycatcher/1.wav,Pale-chinned_Blue_Flycatcher,9.0,12.0
../ibc53/Pale-chinned_Blue_Flycatcher/1.wav,Pale-chinned_Blue_Flycatcher,12.0,15.0
../ibc53/Pale-chinned_Blue_Flycatcher/1.wav,Pale-chinned_Blue_Flycatcher,15.0,18.0
../ibc53/Pale-chinned_Blue_Flycatcher/1.wav,Pale-chinned_Blue_Flycatcher,18.0,21.0
../ibc53/Pale-chinned_Blue_Flycatcher/1.wav,Pale-chinned_Blue_Flycatcher,21.0,24.0
../ibc53/Pale-chinned_Blue_Flycatcher/1.wav,Pale-chinned_Blue_Flycatcher,24.0,27.0
../ibc53/Pale-chinned_Blue_Flycatcher/1.wav,Pale-chinned_Blue_Flycatcher,27.0,30.0
../ibc53/Pale-chinned_Blue_Flycatcher/1.wav,Pale-chinned_Blue_Flycatcher,30.0,33.0
../ibc53/Pale-chinned_Blue_Flycatcher/1.wav,Pale-chinned_Blue_Flycatcher,33.0,36.0
../ibc53/Pale-chinned_Blue_Flycatcher/1.wav,Pale-chinned_Blue_Flycatcher,36.0,39.0
../ibc53/Pale-chinned_Blue_Flycatcher/1.wav,Pale-chinned_Blue_Flycatcher,39.0,42.0
../ibc53/Pale-chinned_Blue_Flycatcher/1.wav,Pale-chinned_Blue_Flycatcher,42.0,45.0
../ibc53/Pale-chinned_Blue_Flycatcher/1.wav,Pale-chinned_Blue_Flycatcher,45.0,48.0
../ibc53/Pale-chinned_Blue_Flycatcher/1.wav,Pale-chinned_Blue_Flycatcher,48.0,51.0
../ibc53/Pale-chinned_Blue_Flycatcher/1.wav,Pale-chinned_Blue_Flycatcher,51.0,54.0
../ibc53/Pale-chinned_Blue_Flycatcher/1.wav,Pale-chinned_Blue_Flycatcher,54.0,57.0
../ibc53/Pale-chinned_Blue_Flycatcher/1.wav,Pale-chinned_Blue_Flycatcher,57.0,60.0
../ibc53/Pale-chinned_Blue_Flycatcher/13.wav,Pale-chinned_Blue_Flycatcher,0,3.0
../ibc53/Pale-chinned_Blue_Flycatcher/13.wav,Pale-chinned_Blue_Flycatcher,3.0,6.0
../ibc53/Pale-chinned_Blue_Flycatcher/13.wav,Pale-chinned_Blue_Flycatcher,6.0,9.0
../ibc53/Pale-chinned_Blue_Flycatcher/13.wav,Pale-chinned_Blue_Flycatcher,9.0,12.0
../ibc53/Pale-chinned_Blue_Flycatcher/13.wav,Pale-chinned_Blue_Flycatcher,12.0,15.0
../ibc53/Pale-chinned_Blue_Flycatcher/13.wav,Pale-chinned_Blue_Flycatcher,15.0,18.0
../ibc53/Pale-chinned_Blue_Flycatcher/13.wav,Pale-chinned_Blue_Flycatcher,18.0,21.0
../ibc53/Pale-chinned_Blue_Flycatcher/13.wav,Pale-chinned_Blue_Flycatcher,21.0,24.0
../ibc53/Pale-chinned_Blue_Flycatcher/13.wav,Pale-chinned_Blue_Flycatcher,24.0,27.0
../ibc53/Pale-chinned_Blue_Flycatcher/26.wav,Pale-chinned_Blue_Flycatcher,0,3.0
../ibc53/Pale-chinned_Blue_Flycatcher/26.wav,Pale-chinned_Blue_Flycatcher,3.0,6.0
../ibc53/Pale-chinned_Blue_Flycatcher/26.wav,Pale-chinned_Blue_Flycatcher,6.0,9.0
../ibc53/Pale-chinned_Blue_Flycatcher/26.wav,Pale-chinned_Blue_Flycatcher,9.0,12.0
../ibc53/Pale-chinned_Blue_Flycatcher/26.wav,Pale-chinned_Blue_Flycatcher,12.0,15.0
../ibc53/Pale-chinned_Blue_Flycatcher/26.wav,Pale-chinned_Blue_Flycatcher,15.0,18.0
../ibc53/Pale-chinned_Blue_Flycatcher/26.wav,Pale-chinned_Blue_Flycatcher,18.0,21.0
../ibc53/Pale-chinned_Blue_Flycatcher/26.wav,Pale-chinned_Blue_Flycatcher,21.0,24.0
../ibc53/Pale-chinned_Blue_Flycatcher/26.wav,Pale-chinned_Blue_Flycatcher,24.0,27.0
../ibc53/Pale-chinned_Blue_Flycatcher/26.wav,Pale-chinned_Blue_Flycatcher,27.0,30.0
../ibc53/Pale-chinned_Blue_Flycatcher/26.wav,Pale-chinned_Blue_Flycatcher,30.0,33.0
../ibc53/Pale-chinned_Blue_Flycatcher/26.wav,Pale-chinned_Blue_Flycatcher,33.0,36.0
../ibc53/Pale-chinned_Blue_Flycatcher/26.wav,Pale-chinned_Blue_Flycatcher,36.0,39.0
../ibc53/Pale-chinned_Blue_Flycatcher/26.wav,Pale-chinned_Blue_Flycatcher,39.0,42.0
../ibc53/Pale-chinned_Blue_Flycatcher/26.wav,Pale-chinned_Blue_Flycatcher,42.0,45.0
../ibc53/Pale-chinned_Blue_Flycatcher/16.wav,Pale-chinned_Blue_Flycatcher,0,3.0
../ibc53/Pale-chinned_Blue_Flycatcher/16.wav,Pale-chinned_Blue_Flycatcher,3.0,6.0
../ibc53/Pale-chinned_Blue_Flycatcher/16.wav,Pale-chinned_Blue_Flycatcher,6.0,9.0
../ibc53/Pale-chinned_Blue_Flycatcher/16.wav,Pale-chinned_Blue_Flycatcher,9.0,12.0
../ibc53/Pale-chinned_Blue_Flycatcher/16.wav,Pale-chinned_Blue_Flycatcher,12.0,15.0
../ibc53/Pale-chinned_Blue_Flycatcher/16.wav,Pale-chinned_Blue_Flycatcher,15.0,18.0
../ibc53/Pale-chinned_Blue_Flycatcher/16.wav,Pale-chinned_Blue_Flycatcher,18.0,21.0
../ibc53/Pale-chinned_Blue_Flycatcher/16.wav,Pale-chinned_Blue_Flycatcher,21.0,24.0
../ibc53/Pale-chinned_Blue_Flycatcher/16.wav,Pale-chinned_Blue_Flycatcher,24.0,27.0
../ibc53/Pale-chinned_Blue_Flycatcher/16.wav,Pale-chinned_Blue_Flycatcher,27.0,30.0
../ibc53/Pale-chinned_Blue_Flycatcher/16.wav,Pale-chinned_Blue_Flycatcher,30.0,33.0
../ibc53/Pale-chinned_Blue_Flycatcher/16.wav,Pale-chinned_Blue_Flycatcher,33.0,36.0
../ibc53/Pale-chinned_Blue_Flycatcher/20.wav,Pale-chinned_Blue_Flycatcher,0,3.0
../ibc53/Pale-chinned_Blue_Flycatcher/28.wav,Pale-chinned_Blue_Flycatcher,0,3.0
../ibc53/Pale-chinned_Blue_Flycatcher/28.wav,Pale-chinned_Blue_Flycatcher,3.0,6.0
../ibc53/Pale-chinned_Blue_Flycatcher/28.wav,Pale-chinned_Blue_Flycatcher,6.0,9.0
../ibc53/Pale-chinned_Blue_Flycatcher/28.wav,Pale-chinned_Blue_Flycatcher,9.0,12.0
../ibc53/Pale-chinned_Blue_Flycatcher/28.wav,Pale-chinned_Blue_Flycatcher,12.0,15.0
../ibc53/Pale-chinned_Blue_Flycatcher/28.wav,Pale-chinned_Blue_Flycatcher,15.0,18.0
../ibc53/Pale-chinned_Blue_Flycatcher/21.wav,Pale-chinned_Blue_Flycatcher,0,3.0
../ibc53/Pale-chinned_Blue_Flycatcher/21.wav,Pale-chinned_Blue_Flycatcher,3.0,6.0
../ibc53/Pale-chinned_Blue_Flycatcher/21.wav,Pale-chinned_Blue_Flycatcher,6.0,9.0
../ibc53/Pale-chinned_Blue_Flycatcher/21.wav,Pale-chinned_Blue_Flycatcher,9.0,12.0
../ibc53/Pale-chinned_Blue_Flycatcher/21.wav,Pale-chinned_Blue_Flycatcher,12.0,15.0
../ibc53/Pale-chinned_Blue_Flycatcher/12.wav,Pale-chinned_Blue_Flycatcher,0,3.0
../ibc53/Pale-chinned_Blue_Flycatcher/12.wav,Pale-chinned_Blue_Flycatcher,3.0,6.0
../ibc53/Pale-chinned_Blue_Flycatcher/12.wav,Pale-chinned_Blue_Flycatcher,6.0,9.0
../ibc53/Pale-chinned_Blue_Flycatcher/12.wav,Pale-chinned_Blue_Flycatcher,9.0,12.0
../ibc53/Pale-chinned_Blue_Flycatcher/12.wav,Pale-chinned_Blue_Flycatcher,12.0,15.0
../ibc53/Pale-chinned_Blue_Flycatcher/12.wav,Pale-chinned_Blue_Flycatcher,15.0,18.0
../ibc53/Pale-chinned_Blue_Flycatcher/12.wav,Pale-chinned_Blue_Flycatcher,18.0,21.0
../ibc53/Pale-chinned_Blue_Flycatcher/12.wav,Pale-chinned_Blue_Flycatcher,21.0,24.0
../ibc53/Pale-chinned_Blue_Flycatcher/12.wav,Pale-chinned_Blue_Flycatcher,24.0,27.0
../ibc53/Pale-chinned_Blue_Flycatcher/12.wav,Pale-chinned_Blue_Flycatcher,27.0,30.0
../ibc53/Pale-chinned_Blue_Flycatcher/12.wav,Pale-chinned_Blue_Flycatcher,30.0,33.0
../ibc53/Pale-chinned_Blue_Flycatcher/2.wav,Pale-chinned_Blue_Flycatcher,0,3.0
../ibc53/Pale-chinned_Blue_Flycatcher/2.wav,Pale-chinned_Blue_Flycatcher,3.0,6.0
../ibc53/Pale-chinned_Blue_Flycatcher/2.wav,Pale-chinned_Blue_Flycatcher,6.0,9.0
../ibc53/Pale-chinned_Blue_Flycatcher/2.wav,Pale-chinned_Blue_Flycatcher,9.0,12.0
../ibc53/Pale-chinned_Blue_Flycatcher/2.wav,Pale-chinned_Blue_Flycatcher,12.0,15.0
../ibc53/Pale-chinned_Blue_Flycatcher/2.wav,Pale-chinned_Blue_Flycatcher,15.0,18.0
../ibc53/Pale-chinned_Blue_Flycatcher/2.wav,Pale-chinned_Blue_Flycatcher,18.0,21.0
../ibc53/Pale-chinned_Blue_Flycatcher/2.wav,Pale-chinned_Blue_Flycatcher,21.0,24.0
../ibc53/Pale-chinned_Blue_Flycatcher/4.wav,Pale-chinned_Blue_Flycatcher,0,3.0
../ibc53/Pale-chinned_Blue_Flycatcher/4.wav,Pale-chinned_Blue_Flycatcher,3.0,6.0
../ibc53/Pale-chinned_Blue_Flycatcher/4.wav,Pale-chinned_Blue_Flycatcher,6.0,9.0
../ibc53/Pale-chinned_Blue_Flycatcher/4.wav,Pale-chinned_Blue_Flycatcher,9.0,12.0
../ibc53/Pale-chinned_Blue_Flycatcher/4.wav,Pale-chinned_Blue_Flycatcher,12.0,15.0
../ibc53/Pale-chinned_Blue_Flycatcher/4.wav,Pale-chinned_Blue_Flycatcher,15.0,18.0
../ibc53/Pale-chinned_Blue_Flycatcher/4.wav,Pale-chinned_Blue_Flycatcher,18.0,21.0
../ibc53/Pale-chinned_Blue_Flycatcher/4.wav,Pale-chinned_Blue_Flycatcher,21.0,24.0
../ibc53/Pale-chinned_Blue_Flycatcher/4.wav,Pale-chinned_Blue_Flycatcher,24.0,27.0
../ibc53/Pale-chinned_Blue_Flycatcher/4.wav,Pale-chinned_Blue_Flycatcher,27.0,30.0
../ibc53/Pale-chinned_Blue_Flycatcher/4.wav,Pale-chinned_Blue_Flycatcher,30.0,33.0
../ibc53/Pale-chinned_Blue_Flycatcher/4.wav,Pale-chinned_Blue_Flycatcher,33.0,36.0
../ibc53/Pale-chinned_Blue_Flycatcher/4.wav,Pale-chinned_Blue_Flycatcher,36.0,39.0
../ibc53/Pale-chinned_Blue_Flycatcher/4.wav,Pale-chinned_Blue_Flycatcher,39.0,42.0
../ibc53/Pale-chinned_Blue_Flycatcher/4.wav,Pale-chinned_Blue_Flycatcher,42.0,45.0
../ibc53/Pale-chinned_Blue_Flycatcher/27.wav,Pale-chinned_Blue_Flycatcher,0,3.0
../ibc53/Pale-chinned_Blue_Flycatcher/27.wav,Pale-chinned_Blue_Flycatcher,3.0,6.0
../ibc53/Pale-chinned_Blue_Flycatcher/27.wav,Pale-chinned_Blue_Flycatcher,6.0,9.0
../ibc53/Pale-chinned_Blue_Flycatcher/27.wav,Pale-chinned_Blue_Flycatcher,9.0,12.0
../ibc53/Pale-chinned_Blue_Flycatcher/27.wav,Pale-chinned_Blue_Flycatcher,12.0,15.0
../ibc53/Pale-chinned_Blue_Flycatcher/27.wav,Pale-chinned_Blue_Flycatcher,15.0,18.0
../ibc53/Pale-chinned_Blue_Flycatcher/14.wav,Pale-chinned_Blue_Flycatcher,0,3.0
../ibc53/Pale-chinned_Blue_Flycatcher/14.wav,Pale-chinned_Blue_Flycatcher,3.0,6.0
../ibc53/Pale-chinned_Blue_Flycatcher/14.wav,Pale-chinned_Blue_Flycatcher,6.0,9.0
../ibc53/Pale-chinned_Blue_Flycatcher/14.wav,Pale-chinned_Blue_Flycatcher,9.0,12.0
../ibc53/Pale-chinned_Blue_Flycatcher/14.wav,Pale-chinned_Blue_Flycatcher,12.0,15.0
../ibc53/Pale-chinned_Blue_Flycatcher/22.wav,Pale-chinned_Blue_Flycatcher,0,3.0
../ibc53/Pale-chinned_Blue_Flycatcher/22.wav,Pale-chinned_Blue_Flycatcher,3.0,6.0
../ibc53/Pale-chinned_Blue_Flycatcher/22.wav,Pale-chinned_Blue_Flycatcher,6.0,9.0
../ibc53/Pale-chinned_Blue_Flycatcher/22.wav,Pale-chinned_Blue_Flycatcher,9.0,12.0
../ibc53/Pale-chinned_Blue_Flycatcher/22.wav,Pale-chinned_Blue_Flycatcher,12.0,15.0
../ibc53/Pale-chinned_Blue_Flycatcher/22.wav,Pale-chinned_Blue_Flycatcher,15.0,18.0
../ibc53/Pale-chinned_Blue_Flycatcher/22.wav,Pale-chinned_Blue_Flycatcher,18.0,21.0
../ibc53/Pale-chinned_Blue_Flycatcher/22.wav,Pale-chinned_Blue_Flycatcher,21.0,24.0
../ibc53/Pale-chinned_Blue_Flycatcher/22.wav,Pale-chinned_Blue_Flycatcher,24.0,27.0
../ibc53/Pale-chinned_Blue_Flycatcher/22.wav,Pale-chinned_Blue_Flycatcher,27.0,30.0
../ibc53/Pale-chinned_Blue_Flycatcher/22.wav,Pale-chinned_Blue_Flycatcher,30.0,33.0
../ibc53/Pale-chinned_Blue_Flycatcher/10.wav,Pale-chinned_Blue_Flycatcher,0,3.0
../ibc53/Pale-chinned_Blue_Flycatcher/10.wav,Pale-chinned_Blue_Flycatcher,3.0,6.0
../ibc53/Pale-chinned_Blue_Flycatcher/10.wav,Pale-chinned_Blue_Flycatcher,6.0,9.0
../ibc53/Pale-chinned_Blue_Flycatcher/10.wav,Pale-chinned_Blue_Flycatcher,9.0,12.0
../ibc53/Pale-chinned_Blue_Flycatcher/10.wav,Pale-chinned_Blue_Flycatcher,12.0,15.0
../ibc53/Pale-chinned_Blue_Flycatcher/10.wav,Pale-chinned_Blue_Flycatcher,15.0,18.0
../ibc53/Pale-chinned_Blue_Flycatcher/10.wav,Pale-chinned_Blue_Flycatcher,18.0,21.0
../ibc53/Pale-chinned_Blue_Flycatcher/10.wav,Pale-chinned_Blue_Flycatcher,21.0,24.0
../ibc53/Pale-chinned_Blue_Flycatcher/10.wav,Pale-chinned_Blue_Flycatcher,24.0,27.0
../ibc53/Pale-chinned_Blue_Flycatcher/10.wav,Pale-chinned_Blue_Flycatcher,27.0,30.0
../ibc53/Pale-chinned_Blue_Flycatcher/10.wav,Pale-chinned_Blue_Flycatcher,30.0,33.0
../ibc53/Pale-chinned_Blue_Flycatcher/10.wav,Pale-chinned_Blue_Flycatcher,33.0,36.0
../ibc53/Pale-chinned_Blue_Flycatcher/10.wav,Pale-chinned_Blue_Flycatcher,36.0,39.0
../ibc53/Pale-chinned_Blue_Flycatcher/10.wav,Pale-chinned_Blue_Flycatcher,39.0,42.0
../ibc53/Pale-chinned_Blue_Flycatcher/10.wav,Pale-chinned_Blue_Flycatcher,42.0,45.0
../ibc53/Pale-chinned_Blue_Flycatcher/10.wav,Pale-chinned_Blue_Flycatcher,45.0,48.0
../ibc53/Pale-chinned_Blue_Flycatcher/10.wav,Pale-chinned_Blue_Flycatcher,48.0,51.0
../ibc53/Pale-chinned_Blue_Flycatcher/10.wav,Pale-chinned_Blue_Flycatcher,51.0,54.0
../ibc53/Pale-chinned_Blue_Flycatcher/10.wav,Pale-chinned_Blue_Flycatcher,54.0,57.0
../ibc53/Pale-chinned_Blue_Flycatcher/10.wav,Pale-chinned_Blue_Flycatcher,57.0,60.0
../ibc53/Pale-chinned_Blue_Flycatcher/10.wav,Pale-chinned_Blue_Flycatcher,60.0,63.0
../ibc53/Pale-chinned_Blue_Flycatcher/10.wav,Pale-chinned_Blue_Flycatcher,63.0,66.0
../ibc53/Pale-chinned_Blue_Flycatcher/10.wav,Pale-chinned_Blue_Flycatcher,66.0,69.0
../ibc53/Pale-chinned_Blue_Flycatcher/10.wav,Pale-chinned_Blue_Flycatcher,69.0,72.0
../ibc53/Pale-chinned_Blue_Flycatcher/10.wav,Pale-chinned_Blue_Flycatcher,72.0,75.0
../ibc53/Pale-chinned_Blue_Flycatcher/10.wav,Pale-chinned_Blue_Flycatcher,75.0,78.0
../ibc53/Pale-chinned_Blue_Flycatcher/10.wav,Pale-chinned_Blue_Flycatcher,78.0,81.0
../ibc53/Pale-chinned_Blue_Flycatcher/10.wav,Pale-chinned_Blue_Flycatcher,81.0,84.0
../ibc53/Pale-chinned_Blue_Flycatcher/10.wav,Pale-chinned_Blue_Flycatcher,84.0,87.0
../ibc53/Pale-chinned_Blue_Flycatcher/10.wav,Pale-chinned_Blue_Flycatcher,87.0,90.0
../ibc53/Pale-chinned_Blue_Flycatcher/10.wav,Pale-chinned_Blue_Flycatcher,90.0,93.0
../ibc53/Pale-chinned_Blue_Flycatcher/10.wav,Pale-chinned_Blue_Flycatcher,93.0,96.0
../ibc53/Pale-chinned_Blue_Flycatcher/29.wav,Pale-chinned_Blue_Flycatcher,0,3.0
../ibc53/Pale-chinned_Blue_Flycatcher/29.wav,Pale-chinned_Blue_Flycatcher,3.0,6.0
../ibc53/Pale-chinned_Blue_Flycatcher/29.wav,Pale-chinned_Blue_Flycatcher,6.0,9.0
../ibc53/Pale-chinned_Blue_Flycatcher/29.wav,Pale-chinned_Blue_Flycatcher,9.0,12.0
../ibc53/Pale-chinned_Blue_Flycatcher/29.wav,Pale-chinned_Blue_Flycatcher,12.0,15.0
../ibc53/Pale-chinned_Blue_Flycatcher/29.wav,Pale-chinned_Blue_Flycatcher,15.0,18.0
../ibc53/Pale-chinned_Blue_Flycatcher/29.wav,Pale-chinned_Blue_Flycatcher,18.0,21.0
../ibc53/Pale-chinned_Blue_Flycatcher/29.wav,Pale-chinned_Blue_Flycatcher,21.0,24.0
../ibc53/Pale-chinned_Blue_Flycatcher/29.wav,Pale-chinned_Blue_Flycatcher,24.0,27.0
../ibc53/Pale-chinned_Blue_Flycatcher/29.wav,Pale-chinned_Blue_Flycatcher,27.0,30.0
../ibc53/Pale-chinned_Blue_Flycatcher/29.wav,Pale-chinned_Blue_Flycatcher,30.0,33.0
../ibc53/Pale-chinned_Blue_Flycatcher/29.wav,Pale-chinned_Blue_Flycatcher,33.0,36.0
../ibc53/Pale-chinned_Blue_Flycatcher/19.wav,Pale-chinned_Blue_Flycatcher,0,3.0
../ibc53/Pale-chinned_Blue_Flycatcher/19.wav,Pale-chinned_Blue_Flycatcher,3.0,6.0
../ibc53/Pale-chinned_Blue_Flycatcher/19.wav,Pale-chinned_Blue_Flycatcher,6.0,9.0
../ibc53/Pale-chinned_Blue_Flycatcher/19.wav,Pale-chinned_Blue_Flycatcher,9.0,12.0
../ibc53/Pale-chinned_Blue_Flycatcher/19.wav,Pale-chinned_Blue_Flycatcher,12.0,15.0
../ibc53/Pale-chinned_Blue_Flycatcher/19.wav,Pale-chinned_Blue_Flycatcher,15.0,18.0
../ibc53/Pale-chinned_Blue_Flycatcher/19.wav,Pale-chinned_Blue_Flycatcher,18.0,21.0
../ibc53/Pale-chinned_Blue_Flycatcher/19.wav,Pale-chinned_Blue_Flycatcher,21.0,24.0
../ibc53/Pale-chinned_Blue_Flycatcher/19.wav,Pale-chinned_Blue_Flycatcher,24.0,27.0
../ibc53/Pale-chinned_Blue_Flycatcher/19.wav,Pale-chinned_Blue_Flycatcher,27.0,30.0
../ibc53/Pale-chinned_Blue_Flycatcher/19.wav,Pale-chinned_Blue_Flycatcher,30.0,33.0
../ibc53/Pale-chinned_Blue_Flycatcher/19.wav,Pale-chinned_Blue_Flycatcher,33.0,36.0
../ibc53/Pale-chinned_Blue_Flycatcher/19.wav,Pale-chinned_Blue_Flycatcher,36.0,39.0
../ibc53/Pale-chinned_Blue_Flycatcher/19.wav,Pale-chinned_Blue_Flycatcher,39.0,42.0
../ibc53/Pale-chinned_Blue_Flycatcher/19.wav,Pale-chinned_Blue_Flycatcher,42.0,45.0
../ibc53/Pale-chinned_Blue_Flycatcher/19.wav,Pale-chinned_Blue_Flycatcher,45.0,48.0
../ibc53/Pale-chinned_Blue_Flycatcher/19.wav,Pale-chinned_Blue_Flycatcher,48.0,51.0
../ibc53/Pale-chinned_Blue_Flycatcher/9.wav,Pale-chinned_Blue_Flycatcher,0,3.0
../ibc53/Pale-chinned_Blue_Flycatcher/6.wav,Pale-chinned_Blue_Flycatcher,0,3.0
../ibc53/Pale-chinned_Blue_Flycatcher/6.wav,Pale-chinned_Blue_Flycatcher,3.0,6.0
../ibc53/Pale-chinned_Blue_Flycatcher/6.wav,Pale-chinned_Blue_Flycatcher,6.0,9.0
../ibc53/Pale-chinned_Blue_Flycatcher/6.wav,Pale-chinned_Blue_Flycatcher,9.0,12.0
../ibc53/Pale-chinned_Blue_Flycatcher/6.wav,Pale-chinned_Blue_Flycatcher,12.0,15.0
../ibc53/Pale-chinned_Blue_Flycatcher/6.wav,Pale-chinned_Blue_Flycatcher,15.0,18.0
../ibc53/Pale-chinned_Blue_Flycatcher/6.wav,Pale-chinned_Blue_Flycatcher,18.0,21.0
../ibc53/Pale-chinned_Blue_Flycatcher/6.wav,Pale-chinned_Blue_Flycatcher,21.0,24.0
../ibc53/Pale-chinned_Blue_Flycatcher/6.wav,Pale-chinned_Blue_Flycatcher,24.0,27.0
../ibc53/Pale-chinned_Blue_Flycatcher/6.wav,Pale-chinned_Blue_Flycatcher,27.0,30.0
../ibc53/Pale-chinned_Blue_Flycatcher/6.wav,Pale-chinned_Blue_Flycatcher,30.0,33.0
../ibc53/Pale-chinned_Blue_Flycatcher/6.wav,Pale-chinned_Blue_Flycatcher,33.0,36.0
../ibc53/Pale-chinned_Blue_Flycatcher/6.wav,Pale-chinned_Blue_Flycatcher,36.0,39.0
../ibc53/Pale-chinned_Blue_Flycatcher/11.wav,Pale-chinned_Blue_Flycatcher,0,3.0
../ibc53/Pale-chinned_Blue_Flycatcher/11.wav,Pale-chinned_Blue_Flycatcher,3.0,6.0
../ibc53/Pale-chinned_Blue_Flycatcher/11.wav,Pale-chinned_Blue_Flycatcher,6.0,9.0
../ibc53/Pale-chinned_Blue_Flycatcher/11.wav,Pale-chinned_Blue_Flycatcher,9.0,12.0
../ibc53/Pale-chinned_Blue_Flycatcher/11.wav,Pale-chinned_Blue_Flycatcher,12.0,15.0
../ibc53/Pale-chinned_Blue_Flycatcher/11.wav,Pale-chinned_Blue_Flycatcher,15.0,18.0
../ibc53/Pale-chinned_Blue_Flycatcher/11.wav,Pale-chinned_Blue_Flycatcher,18.0,21.0
../ibc53/Pale-chinned_Blue_Flycatcher/11.wav,Pale-chinned_Blue_Flycatcher,21.0,24.0
../ibc53/Pale-chinned_Blue_Flycatcher/11.wav,Pale-chinned_Blue_Flycatcher,24.0,27.0
../ibc53/Pale-chinned_Blue_Flycatcher/11.wav,Pale-chinned_Blue_Flycatcher,27.0,30.0
../ibc53/Pale-chinned_Blue_Flycatcher/11.wav,Pale-chinned_Blue_Flycatcher,30.0,33.0
../ibc53/Pale-chinned_Blue_Flycatcher/11.wav,Pale-chinned_Blue_Flycatcher,33.0,36.0
../ibc53/Pale-chinned_Blue_Flycatcher/11.wav,Pale-chinned_Blue_Flycatcher,36.0,39.0
../ibc53/Pale-chinned_Blue_Flycatcher/11.wav,Pale-chinned_Blue_Flycatcher,39.0,42.0
../ibc53/Pale-chinned_Blue_Flycatcher/11.wav,Pale-chinned_Blue_Flycatcher,42.0,45.0
../ibc53/Pale-chinned_Blue_Flycatcher/11.wav,Pale-chinned_Blue_Flycatcher,45.0,48.0
../ibc53/Pale-chinned_Blue_Flycatcher/23.wav,Pale-chinned_Blue_Flycatcher,0,3.0
../ibc53/Pale-chinned_Blue_Flycatcher/23.wav,Pale-chinned_Blue_Flycatcher,3.0,6.0
../ibc53/Pale-chinned_Blue_Flycatcher/23.wav,Pale-chinned_Blue_Flycatcher,6.0,9.0
../ibc53/Pale-chinned_Blue_Flycatcher/23.wav,Pale-chinned_Blue_Flycatcher,9.0,12.0
../ibc53/Pale-chinned_Blue_Flycatcher/23.wav,Pale-chinned_Blue_Flycatcher,12.0,15.0
../ibc53/Pale-chinned_Blue_Flycatcher/23.wav,Pale-chinned_Blue_Flycatcher,15.0,18.0
../ibc53/Pale-chinned_Blue_Flycatcher/23.wav,Pale-chinned_Blue_Flycatcher,18.0,21.0
../ibc53/Pale-chinned_Blue_Flycatcher/23.wav,Pale-chinned_Blue_Flycatcher,21.0,24.0
../ibc53/Pale-chinned_Blue_Flycatcher/23.wav,Pale-chinned_Blue_Flycatcher,24.0,27.0
../ibc53/Pale-chinned_Blue_Flycatcher/23.wav,Pale-chinned_Blue_Flycatcher,27.0,30.0
../ibc53/Pale-chinned_Blue_Flycatcher/23.wav,Pale-chinned_Blue_Flycatcher,30.0,33.0
../ibc53/Pale-chinned_Blue_Flycatcher/23.wav,Pale-chinned_Blue_Flycatcher,33.0,36.0
../ibc53/Pale-chinned_Blue_Flycatcher/23.wav,Pale-chinned_Blue_Flycatcher,36.0,39.0
../ibc53/Pale-chinned_Blue_Flycatcher/23.wav,Pale-chinned_Blue_Flycatcher,39.0,42.0
../ibc53/Pale_Blue_Flycatcher/15.wav,Pale_Blue_Flycatcher,0,3.0
../ibc53/Pale_Blue_Flycatcher/15.wav,Pale_Blue_Flycatcher,3.0,6.0
../ibc53/Pale_Blue_Flycatcher/15.wav,Pale_Blue_Flycatcher,6.0,9.0
../ibc53/Pale_Blue_Flycatcher/15.wav,Pale_Blue_Flycatcher,9.0,12.0
../ibc53/Pale_Blue_Flycatcher/15.wav,Pale_Blue_Flycatcher,12.0,15.0
../ibc53/Pale_Blue_Flycatcher/15.wav,Pale_Blue_Flycatcher,15.0,18.0
../ibc53/Pale_Blue_Flycatcher/15.wav,Pale_Blue_Flycatcher,18.0,21.0
../ibc53/Pale_Blue_Flycatcher/15.wav,Pale_Blue_Flycatcher,21.0,24.0
../ibc53/Pale_Blue_Flycatcher/15.wav,Pale_Blue_Flycatcher,24.0,27.0
../ibc53/Pale_Blue_Flycatcher/15.wav,Pale_Blue_Flycatcher,27.0,30.0
../ibc53/Pale_Blue_Flycatcher/15.wav,Pale_Blue_Flycatcher,30.0,33.0
../ibc53/Pale_Blue_Flycatcher/15.wav,Pale_Blue_Flycatcher,33.0,36.0
../ibc53/Pale_Blue_Flycatcher/15.wav,Pale_Blue_Flycatcher,36.0,39.0
../ibc53/Pale_Blue_Flycatcher/15.wav,Pale_Blue_Flycatcher,39.0,42.0
../ibc53/Pale_Blue_Flycatcher/15.wav,Pale_Blue_Flycatcher,42.0,45.0
../ibc53/Pale_Blue_Flycatcher/15.wav,Pale_Blue_Flycatcher,45.0,48.0
../ibc53/Pale_Blue_Flycatcher/15.wav,Pale_Blue_Flycatcher,48.0,51.0
../ibc53/Pale_Blue_Flycatcher/15.wav,Pale_Blue_Flycatcher,51.0,54.0
../ibc53/Pale_Blue_Flycatcher/15.wav,Pale_Blue_Flycatcher,54.0,57.0
../ibc53/Pale_Blue_Flycatcher/15.wav,Pale_Blue_Flycatcher,57.0,60.0
../ibc53/Pale_Blue_Flycatcher/15.wav,Pale_Blue_Flycatcher,60.0,63.0
../ibc53/Pale_Blue_Flycatcher/15.wav,Pale_Blue_Flycatcher,63.0,66.0
../ibc53/Pale_Blue_Flycatcher/15.wav,Pale_Blue_Flycatcher,66.0,69.0
../ibc53/Pale_Blue_Flycatcher/15.wav,Pale_Blue_Flycatcher,69.0,72.0
../ibc53/Pale_Blue_Flycatcher/15.wav,Pale_Blue_Flycatcher,72.0,75.0
../ibc53/Pale_Blue_Flycatcher/15.wav,Pale_Blue_Flycatcher,75.0,78.0
../ibc53/Pale_Blue_Flycatcher/15.wav,Pale_Blue_Flycatcher,78.0,81.0
../ibc53/Pale_Blue_Flycatcher/3.wav,Pale_Blue_Flycatcher,0,3.0
../ibc53/Pale_Blue_Flycatcher/3.wav,Pale_Blue_Flycatcher,3.0,6.0
../ibc53/Pale_Blue_Flycatcher/3.wav,Pale_Blue_Flycatcher,6.0,9.0
../ibc53/Pale_Blue_Flycatcher/3.wav,Pale_Blue_Flycatcher,9.0,12.0
../ibc53/Pale_Blue_Flycatcher/3.wav,Pale_Blue_Flycatcher,12.0,15.0
../ibc53/Pale_Blue_Flycatcher/3.wav,Pale_Blue_Flycatcher,15.0,18.0
../ibc53/Pale_Blue_Flycatcher/3.wav,Pale_Blue_Flycatcher,18.0,21.0
../ibc53/Pale_Blue_Flycatcher/3.wav,Pale_Blue_Flycatcher,21.0,24.0
../ibc53/Pale_Blue_Flycatcher/3.wav,Pale_Blue_Flycatcher,24.0,27.0
../ibc53/Pale_Blue_Flycatcher/3.wav,Pale_Blue_Flycatcher,27.0,30.0
../ibc53/Pale_Blue_Flycatcher/5.wav,Pale_Blue_Flycatcher,0,3.0
../ibc53/Pale_Blue_Flycatcher/5.wav,Pale_Blue_Flycatcher,3.0,6.0
../ibc53/Pale_Blue_Flycatcher/5.wav,Pale_Blue_Flycatcher,6.0,9.0
../ibc53/Pale_Blue_Flycatcher/5.wav,Pale_Blue_Flycatcher,9.0,12.0
../ibc53/Pale_Blue_Flycatcher/5.wav,Pale_Blue_Flycatcher,12.0,15.0
../ibc53/Pale_Blue_Flycatcher/5.wav,Pale_Blue_Flycatcher,15.0,18.0
../ibc53/Pale_Blue_Flycatcher/5.wav,Pale_Blue_Flycatcher,18.0,21.0
../ibc53/Pale_Blue_Flycatcher/5.wav,Pale_Blue_Flycatcher,21.0,24.0
../ibc53/Pale_Blue_Flycatcher/5.wav,Pale_Blue_Flycatcher,24.0,27.0
../ibc53/Pale_Blue_Flycatcher/5.wav,Pale_Blue_Flycatcher,27.0,30.0
../ibc53/Pale_Blue_Flycatcher/5.wav,Pale_Blue_Flycatcher,30.0,33.0
../ibc53/Pale_Blue_Flycatcher/5.wav,Pale_Blue_Flycatcher,33.0,36.0
../ibc53/Pale_Blue_Flycatcher/5.wav,Pale_Blue_Flycatcher,36.0,39.0
../ibc53/Pale_Blue_Flycatcher/5.wav,Pale_Blue_Flycatcher,39.0,42.0
../ibc53/Pale_Blue_Flycatcher/5.wav,Pale_Blue_Flycatcher,42.0,45.0
../ibc53/Pale_Blue_Flycatcher/5.wav,Pale_Blue_Flycatcher,45.0,48.0
../ibc53/Pale_Blue_Flycatcher/5.wav,Pale_Blue_Flycatcher,48.0,51.0
../ibc53/Pale_Blue_Flycatcher/5.wav,Pale_Blue_Flycatcher,51.0,54.0
../ibc53/Pale_Blue_Flycatcher/5.wav,Pale_Blue_Flycatcher,54.0,57.0
../ibc53/Pale_Blue_Flycatcher/18.wav,Pale_Blue_Flycatcher,0,3.0
../ibc53/Pale_Blue_Flycatcher/18.wav,Pale_Blue_Flycatcher,3.0,6.0
../ibc53/Pale_Blue_Flycatcher/18.wav,Pale_Blue_Flycatcher,6.0,9.0
../ibc53/Pale_Blue_Flycatcher/18.wav,Pale_Blue_Flycatcher,9.0,12.0
../ibc53/Pale_Blue_Flycatcher/7.wav,Pale_Blue_Flycatcher,0,3.0
../ibc53/Pale_Blue_Flycatcher/7.wav,Pale_Blue_Flycatcher,3.0,6.0
../ibc53/Pale_Blue_Flycatcher/7.wav,Pale_Blue_Flycatcher,6.0,9.0
../ibc53/Pale_Blue_Flycatcher/7.wav,Pale_Blue_Flycatcher,9.0,12.0
../ibc53/Pale_Blue_Flycatcher/7.wav,Pale_Blue_Flycatcher,12.0,15.0
../ibc53/Pale_Blue_Flycatcher/7.wav,Pale_Blue_Flycatcher,15.0,18.0
../ibc53/Pale_Blue_Flycatcher/7.wav,Pale_Blue_Flycatcher,18.0,21.0
../ibc53/Pale_Blue_Flycatcher/7.wav,Pale_Blue_Flycatcher,21.0,24.0
../ibc53/Pale_Blue_Flycatcher/7.wav,Pale_Blue_Flycatcher,24.0,27.0
../ibc53/Pale_Blue_Flycatcher/7.wav,Pale_Blue_Flycatcher,27.0,30.0
../ibc53/Pale_Blue_Flycatcher/8.wav,Pale_Blue_Flycatcher,0,3.0
../ibc53/Pale_Blue_Flycatcher/8.wav,Pale_Blue_Flycatcher,3.0,6.0
../ibc53/Pale_Blue_Flycatcher/8.wav,Pale_Blue_Flycatcher,6.0,9.0
../ibc53/Pale_Blue_Flycatcher/8.wav,Pale_Blue_Flycatcher,9.0,12.0
../ibc53/Pale_Blue_Flycatcher/8.wav,Pale_Blue_Flycatcher,12.0,15.0
../ibc53/Pale_Blue_Flycatcher/8.wav,Pale_Blue_Flycatcher,15.0,18.0
../ibc53/Pale_Blue_Flycatcher/8.wav,Pale_Blue_Flycatcher,18.0,21.0
../ibc53/Pale_Blue_Flycatcher/8.wav,Pale_Blue_Flycatcher,21.0,24.0
../ibc53/Pale_Blue_Flycatcher/8.wav,Pale_Blue_Flycatcher,24.0,27.0
../ibc53/Pale_Blue_Flycatcher/8.wav,Pale_Blue_Flycatcher,27.0,30.0
../ibc53/Pale_Blue_Flycatcher/8.wav,Pale_Blue_Flycatcher,30.0,33.0
../ibc53/Pale_Blue_Flycatcher/8.wav,Pale_Blue_Flycatcher,33.0,36.0
../ibc53/Pale_Blue_Flycatcher/8.wav,Pale_Blue_Flycatcher,36.0,39.0
../ibc53/Pale_Blue_Flycatcher/25.wav,Pale_Blue_Flycatcher,0,3.0
../ibc53/Pale_Blue_Flycatcher/25.wav,Pale_Blue_Flycatcher,3.0,6.0
../ibc53/Pale_Blue_Flycatcher/25.wav,Pale_Blue_Flycatcher,6.0,9.0
../ibc53/Pale_Blue_Flycatcher/25.wav,Pale_Blue_Flycatcher,9.0,12.0
../ibc53/Pale_Blue_Flycatcher/25.wav,Pale_Blue_Flycatcher,12.0,15.0
../ibc53/Pale_Blue_Flycatcher/25.wav,Pale_Blue_Flycatcher,15.0,18.0
../ibc53/Pale_Blue_Flycatcher/25.wav,Pale_Blue_Flycatcher,18.0,21.0
../ibc53/Pale_Blue_Flycatcher/25.wav,Pale_Blue_Flycatcher,21.0,24.0
../ibc53/Pale_Blue_Flycatcher/25.wav,Pale_Blue_Flycatcher,24.0,27.0
../ibc53/Pale_Blue_Flycatcher/25.wav,Pale_Blue_Flycatcher,27.0,30.0
../ibc53/Pale_Blue_Flycatcher/25.wav,Pale_Blue_Flycatcher,30.0,33.0
../ibc53/Pale_Blue_Flycatcher/25.wav,Pale_Blue_Flycatcher,33.0,36.0
../ibc53/Pale_Blue_Flycatcher/25.wav,Pale_Blue_Flycatcher,36.0,39.0
../ibc53/Pale_Blue_Flycatcher/25.wav,Pale_Blue_Flycatcher,39.0,42.0
../ibc53/Pale_Blue_Flycatcher/25.wav,Pale_Blue_Flycatcher,42.0,45.0
../ibc53/Pale_Blue_Flycatcher/25.wav,Pale_Blue_Flycatcher,45.0,48.0
../ibc53/Pale_Blue_Flycatcher/25.wav,Pale_Blue_Flycatcher,48.0,51.0
../ibc53/Pale_Blue_Flycatcher/25.wav,Pale_Blue_Flycatcher,51.0,54.0
../ibc53/Pale_Blue_Flycatcher/25.wav,Pale_Blue_Flycatcher,54.0,57.0
../ibc53/Pale_Blue_Flycatcher/25.wav,Pale_Blue_Flycatcher,57.0,60.0
../ibc53/Pale_Blue_Flycatcher/25.wav,Pale_Blue_Flycatcher,60.0,63.0
../ibc53/Pale_Blue_Flycatcher/25.wav,Pale_Blue_Flycatcher,63.0,66.0
../ibc53/Pale_Blue_Flycatcher/25.wav,Pale_Blue_Flycatcher,66.0,69.0
../ibc53/Pale_Blue_Flycatcher/25.wav,Pale_Blue_Flycatcher,69.0,72.0
../ibc53/Pale_Blue_Flycatcher/24.wav,Pale_Blue_Flycatcher,0,3.0
../ibc53/Pale_Blue_Flycatcher/24.wav,Pale_Blue_Flycatcher,3.0,6.0
../ibc53/Pale_Blue_Flycatcher/24.wav,Pale_Blue_Flycatcher,6.0,9.0
../ibc53/Pale_Blue_Flycatcher/24.wav,Pale_Blue_Flycatcher,9.0,12.0
../ibc53/Pale_Blue_Flycatcher/24.wav,Pale_Blue_Flycatcher,12.0,15.0
../ibc53/Pale_Blue_Flycatcher/24.wav,Pale_Blue_Flycatcher,15.0,18.0
../ibc53/Pale_Blue_Flycatcher/24.wav,Pale_Blue_Flycatcher,18.0,21.0
../ibc53/Pale_Blue_Flycatcher/24.wav,Pale_Blue_Flycatcher,21.0,24.0
../ibc53/Pale_Blue_Flycatcher/24.wav,Pale_Blue_Flycatcher,24.0,27.0
../ibc53/Pale_Blue_Flycatcher/24.wav,Pale_Blue_Flycatcher,27.0,30.0
../ibc53/Pale_Blue_Flycatcher/24.wav,Pale_Blue_Flycatcher,30.0,33.0
../ibc53/Pale_Blue_Flycatcher/24.wav,Pale_Blue_Flycatcher,33.0,36.0
../ibc53/Pale_Blue_Flycatcher/17.wav,Pale_Blue_Flycatcher,0,3.0
../ibc53/Pale_Blue_Flycatcher/17.wav,Pale_Blue_Flycatcher,3.0,6.0
../ibc53/Pale_Blue_Flycatcher/17.wav,Pale_Blue_Flycatcher,6.0,9.0
../ibc53/Pale_Blue_Flycatcher/17.wav,Pale_Blue_Flycatcher,9.0,12.0
../ibc53/Pale_Blue_Flycatcher/17.wav,Pale_Blue_Flycatcher,12.0,15.0
../ibc53/Pale_Blue_Flycatcher/17.wav,Pale_Blue_Flycatcher,15.0,18.0
../ibc53/Pale_Blue_Flycatcher/17.wav,Pale_Blue_Flycatcher,18.0,21.0
../ibc53/Pale_Blue_Flycatcher/17.wav,Pale_Blue_Flycatcher,21.0,24.0
../ibc53/Pale_Blue_Flycatcher/17.wav,Pale_Blue_Flycatcher,24.0,27.0
../ibc53/Pale_Blue_Flycatcher/1.wav,Pale_Blue_Flycatcher,0,3.0
../ibc53/Pale_Blue_Flycatcher/1.wav,Pale_Blue_Flycatcher,3.0,6.0
../ibc53/Pale_Blue_Flycatcher/1.wav,Pale_Blue_Flycatcher,6.0,9.0
../ibc53/Pale_Blue_Flycatcher/1.wav,Pale_Blue_Flycatcher,9.0,12.0
../ibc53/Pale_Blue_Flycatcher/1.wav,Pale_Blue_Flycatcher,12.0,15.0
../ibc53/Pale_Blue_Flycatcher/1.wav,Pale_Blue_Flycatcher,15.0,18.0
../ibc53/Pale_Blue_Flycatcher/1.wav,Pale_Blue_Flycatcher,18.0,21.0
../ibc53/Pale_Blue_Flycatcher/1.wav,Pale_Blue_Flycatcher,21.0,24.0
../ibc53/Pale_Blue_Flycatcher/1.wav,Pale_Blue_Flycatcher,24.0,27.0
../ibc53/Pale_Blue_Flycatcher/1.wav,Pale_Blue_Flycatcher,27.0,30.0
../ibc53/Pale_Blue_Flycatcher/1.wav,Pale_Blue_Flycatcher,30.0,33.0
../ibc53/Pale_Blue_Flycatcher/1.wav,Pale_Blue_Flycatcher,33.0,36.0
../ibc53/Pale_Blue_Flycatcher/1.wav,Pale_Blue_Flycatcher,36.0,39.0
../ibc53/Pale_Blue_Flycatcher/1.wav,Pale_Blue_Flycatcher,39.0,42.0
../ibc53/Pale_Blue_Flycatcher/1.wav,Pale_Blue_Flycatcher,42.0,45.0
../ibc53/Pale_Blue_Flycatcher/1.wav,Pale_Blue_Flycatcher,45.0,48.0
../ibc53/Pale_Blue_Flycatcher/1.wav,Pale_Blue_Flycatcher,48.0,51.0
../ibc53/Pale_Blue_Flycatcher/1.wav,Pale_Blue_Flycatcher,51.0,54.0
../ibc53/Pale_Blue_Flycatcher/1.wav,Pale_Blue_Flycatcher,54.0,57.0
../ibc53/Pale_Blue_Flycatcher/13.wav,Pale_Blue_Flycatcher,0,3.0
../ibc53/Pale_Blue_Flycatcher/13.wav,Pale_Blue_Flycatcher,3.0,6.0
../ibc53/Pale_Blue_Flycatcher/26.wav,Pale_Blue_Flycatcher,0,3.0
../ibc53/Pale_Blue_Flycatcher/26.wav,Pale_Blue_Flycatcher,3.0,6.0
../ibc53/Pale_Blue_Flycatcher/26.wav,Pale_Blue_Flycatcher,6.0,9.0
../ibc53/Pale_Blue_Flycatcher/26.wav,Pale_Blue_Flycatcher,9.0,12.0
../ibc53/Pale_Blue_Flycatcher/26.wav,Pale_Blue_Flycatcher,12.0,15.0
../ibc53/Pale_Blue_Flycatcher/26.wav,Pale_Blue_Flycatcher,15.0,18.0
../ibc53/Pale_Blue_Flycatcher/26.wav,Pale_Blue_Flycatcher,18.0,21.0
../ibc53/Pale_Blue_Flycatcher/26.wav,Pale_Blue_Flycatcher,21.0,24.0
../ibc53/Pale_Blue_Flycatcher/26.wav,Pale_Blue_Flycatcher,24.0,27.0
../ibc53/Pale_Blue_Flycatcher/26.wav,Pale_Blue_Flycatcher,27.0,30.0
../ibc53/Pale_Blue_Flycatcher/26.wav,Pale_Blue_Flycatcher,30.0,33.0
../ibc53/Pale_Blue_Flycatcher/16.wav,Pale_Blue_Flycatcher,0,3.0
../ibc53/Pale_Blue_Flycatcher/16.wav,Pale_Blue_Flycatcher,3.0,6.0
../ibc53/Pale_Blue_Flycatcher/16.wav,Pale_Blue_Flycatcher,6.0,9.0
../ibc53/Pale_Blue_Flycatcher/16.wav,Pale_Blue_Flycatcher,9.0,12.0
../ibc53/Pale_Blue_Flycatcher/16.wav,Pale_Blue_Flycatcher,12.0,15.0
../ibc53/Pale_Blue_Flycatcher/16.wav,Pale_Blue_Flycatcher,15.0,18.0
../ibc53/Pale_Blue_Flycatcher/16.wav,Pale_Blue_Flycatcher,18.0,21.0
../ibc53/Pale_Blue_Flycatcher/16.wav,Pale_Blue_Flycatcher,21.0,24.0
../ibc53/Pale_Blue_Flycatcher/16.wav,Pale_Blue_Flycatcher,24.0,27.0
../ibc53/Pale_Blue_Flycatcher/16.wav,Pale_Blue_Flycatcher,27.0,30.0
../ibc53/Pale_Blue_Flycatcher/16.wav,Pale_Blue_Flycatcher,30.0,33.0
../ibc53/Pale_Blue_Flycatcher/16.wav,Pale_Blue_Flycatcher,33.0,36.0
../ibc53/Pale_Blue_Flycatcher/16.wav,Pale_Blue_Flycatcher,36.0,39.0
../ibc53/Pale_Blue_Flycatcher/16.wav,Pale_Blue_Flycatcher,39.0,42.0
../ibc53/Pale_Blue_Flycatcher/16.wav,Pale_Blue_Flycatcher,42.0,45.0
../ibc53/Pale_Blue_Flycatcher/16.wav,Pale_Blue_Flycatcher,45.0,48.0
../ibc53/Pale_Blue_Flycatcher/16.wav,Pale_Blue_Flycatcher,48.0,51.0
../ibc53/Pale_Blue_Flycatcher/16.wav,Pale_Blue_Flycatcher,51.0,54.0
../ibc53/Pale_Blue_Flycatcher/16.wav,Pale_Blue_Flycatcher,54.0,57.0
../ibc53/Pale_Blue_Flycatcher/16.wav,Pale_Blue_Flycatcher,57.0,60.0
../ibc53/Pale_Blue_Flycatcher/16.wav,Pale_Blue_Flycatcher,60.0,63.0
../ibc53/Pale_Blue_Flycatcher/16.wav,Pale_Blue_Flycatcher,63.0,66.0
../ibc53/Pale_Blue_Flycatcher/16.wav,Pale_Blue_Flycatcher,66.0,69.0
../ibc53/Pale_Blue_Flycatcher/16.wav,Pale_Blue_Flycatcher,69.0,72.0
../ibc53/Pale_Blue_Flycatcher/16.wav,Pale_Blue_Flycatcher,72.0,75.0
../ibc53/Pale_Blue_Flycatcher/16.wav,Pale_Blue_Flycatcher,75.0,78.0
../ibc53/Pale_Blue_Flycatcher/16.wav,Pale_Blue_Flycatcher,78.0,81.0
../ibc53/Pale_Blue_Flycatcher/16.wav,Pale_Blue_Flycatcher,81.0,84.0
../ibc53/Pale_Blue_Flycatcher/20.wav,Pale_Blue_Flycatcher,0,3.0
../ibc53/Pale_Blue_Flycatcher/20.wav,Pale_Blue_Flycatcher,3.0,6.0
../ibc53/Pale_Blue_Flycatcher/20.wav,Pale_Blue_Flycatcher,6.0,9.0
../ibc53/Pale_Blue_Flycatcher/20.wav,Pale_Blue_Flycatcher,9.0,12.0
../ibc53/Pale_Blue_Flycatcher/20.wav,Pale_Blue_Flycatcher,12.0,15.0
../ibc53/Pale_Blue_Flycatcher/20.wav,Pale_Blue_Flycatcher,15.0,18.0
../ibc53/Pale_Blue_Flycatcher/20.wav,Pale_Blue_Flycatcher,18.0,21.0
../ibc53/Pale_Blue_Flycatcher/20.wav,Pale_Blue_Flycatcher,21.0,24.0
../ibc53/Pale_Blue_Flycatcher/20.wav,Pale_Blue_Flycatcher,24.0,27.0
../ibc53/Pale_Blue_Flycatcher/20.wav,Pale_Blue_Flycatcher,27.0,30.0
../ibc53/Pale_Blue_Flycatcher/20.wav,Pale_Blue_Flycatcher,30.0,33.0
../ibc53/Pale_Blue_Flycatcher/20.wav,Pale_Blue_Flycatcher,33.0,36.0
../ibc53/Pale_Blue_Flycatcher/20.wav,Pale_Blue_Flycatcher,36.0,39.0
../ibc53/Pale_Blue_Flycatcher/20.wav,Pale_Blue_Flycatcher,39.0,42.0
../ibc53/Pale_Blue_Flycatcher/28.wav,Pale_Blue_Flycatcher,0,3.0
../ibc53/Pale_Blue_Flycatcher/28.wav,Pale_Blue_Flycatcher,3.0,6.0
../ibc53/Pale_Blue_Flycatcher/28.wav,Pale_Blue_Flycatcher,6.0,9.0
../ibc53/Pale_Blue_Flycatcher/28.wav,Pale_Blue_Flycatcher,9.0,12.0
../ibc53/Pale_Blue_Flycatcher/28.wav,Pale_Blue_Flycatcher,12.0,15.0
../ibc53/Pale_Blue_Flycatcher/21.wav,Pale_Blue_Flycatcher,0,3.0
../ibc53/Pale_Blue_Flycatcher/21.wav,Pale_Blue_Flycatcher,3.0,6.0
../ibc53/Pale_Blue_Flycatcher/21.wav,Pale_Blue_Flycatcher,6.0,9.0
../ibc53/Pale_Blue_Flycatcher/21.wav,Pale_Blue_Flycatcher,9.0,12.0
../ibc53/Pale_Blue_Flycatcher/21.wav,Pale_Blue_Flycatcher,12.0,15.0
../ibc53/Pale_Blue_Flycatcher/21.wav,Pale_Blue_Flycatcher,15.0,18.0
../ibc53/Pale_Blue_Flycatcher/21.wav,Pale_Blue_Flycatcher,18.0,21.0
../ibc53/Pale_Blue_Flycatcher/21.wav,Pale_Blue_Flycatcher,21.0,24.0
../ibc53/Pale_Blue_Flycatcher/21.wav,Pale_Blue_Flycatcher,24.0,27.0
../ibc53/Pale_Blue_Flycatcher/21.wav,Pale_Blue_Flycatcher,27.0,30.0
../ibc53/Pale_Blue_Flycatcher/21.wav,Pale_Blue_Flycatcher,30.0,33.0
../ibc53/Pale_Blue_Flycatcher/21.wav,Pale_Blue_Flycatcher,33.0,36.0
../ibc53/Pale_Blue_Flycatcher/21.wav,Pale_Blue_Flycatcher,36.0,39.0
../ibc53/Pale_Blue_Flycatcher/12.wav,Pale_Blue_Flycatcher,0,3.0
../ibc53/Pale_Blue_Flycatcher/12.wav,Pale_Blue_Flycatcher,3.0,6.0
../ibc53/Pale_Blue_Flycatcher/12.wav,Pale_Blue_Flycatcher,6.0,9.0
../ibc53/Pale_Blue_Flycatcher/12.wav,Pale_Blue_Flycatcher,9.0,12.0
../ibc53/Pale_Blue_Flycatcher/12.wav,Pale_Blue_Flycatcher,12.0,15.0
../ibc53/Pale_Blue_Flycatcher/12.wav,Pale_Blue_Flycatcher,15.0,18.0
../ibc53/Pale_Blue_Flycatcher/12.wav,Pale_Blue_Flycatcher,18.0,21.0
../ibc53/Pale_Blue_Flycatcher/12.wav,Pale_Blue_Flycatcher,21.0,24.0
../ibc53/Pale_Blue_Flycatcher/2.wav,Pale_Blue_Flycatcher,0,3.0
../ibc53/Pale_Blue_Flycatcher/2.wav,Pale_Blue_Flycatcher,3.0,6.0
../ibc53/Pale_Blue_Flycatcher/2.wav,Pale_Blue_Flycatcher,6.0,9.0
../ibc53/Pale_Blue_Flycatcher/2.wav,Pale_Blue_Flycatcher,9.0,12.0
../ibc53/Pale_Blue_Flycatcher/2.wav,Pale_Blue_Flycatcher,12.0,15.0
../ibc53/Pale_Blue_Flycatcher/2.wav,Pale_Blue_Flycatcher,15.0,18.0
../ibc53/Pale_Blue_Flycatcher/2.wav,Pale_Blue_Flycatcher,18.0,21.0
../ibc53/Pale_Blue_Flycatcher/2.wav,Pale_Blue_Flycatcher,21.0,24.0
../ibc53/Pale_Blue_Flycatcher/2.wav,Pale_Blue_Flycatcher,24.0,27.0
../ibc53/Pale_Blue_Flycatcher/2.wav,Pale_Blue_Flycatcher,27.0,30.0
../ibc53/Pale_Blue_Flycatcher/2.wav,Pale_Blue_Flycatcher,30.0,33.0
../ibc53/Pale_Blue_Flycatcher/4.wav,Pale_Blue_Flycatcher,0,3.0
../ibc53/Pale_Blue_Flycatcher/4.wav,Pale_Blue_Flycatcher,3.0,6.0
../ibc53/Pale_Blue_Flycatcher/4.wav,Pale_Blue_Flycatcher,6.0,9.0
../ibc53/Pale_Blue_Flycatcher/4.wav,Pale_Blue_Flycatcher,9.0,12.0
../ibc53/Pale_Blue_Flycatcher/4.wav,Pale_Blue_Flycatcher,12.0,15.0
../ibc53/Pale_Blue_Flycatcher/4.wav,Pale_Blue_Flycatcher,15.0,18.0
../ibc53/Pale_Blue_Flycatcher/4.wav,Pale_Blue_Flycatcher,18.0,21.0
../ibc53/Pale_Blue_Flycatcher/4.wav,Pale_Blue_Flycatcher,21.0,24.0
../ibc53/Pale_Blue_Flycatcher/4.wav,Pale_Blue_Flycatcher,24.0,27.0
../ibc53/Pale_Blue_Flycatcher/4.wav,Pale_Blue_Flycatcher,27.0,30.0
../ibc53/Pale_Blue_Flycatcher/4.wav,Pale_Blue_Flycatcher,30.0,33.0
../ibc53/Pale_Blue_Flycatcher/4.wav,Pale_Blue_Flycatcher,33.0,36.0
../ibc53/Pale_Blue_Flycatcher/4.wav,Pale_Blue_Flycatcher,36.0,39.0
../ibc53/Pale_Blue_Flycatcher/4.wav,Pale_Blue_Flycatcher,39.0,42.0
../ibc53/Pale_Blue_Flycatcher/4.wav,Pale_Blue_Flycatcher,42.0,45.0
../ibc53/Pale_Blue_Flycatcher/4.wav,Pale_Blue_Flycatcher,45.0,48.0
../ibc53/Pale_Blue_Flycatcher/4.wav,Pale_Blue_Flycatcher,48.0,51.0
../ibc53/Pale_Blue_Flycatcher/4.wav,Pale_Blue_Flycatcher,51.0,54.0
../ibc53/Pale_Blue_Flycatcher/4.wav,Pale_Blue_Flycatcher,54.0,57.0
../ibc53/Pale_Blue_Flycatcher/4.wav,Pale_Blue_Flycatcher,57.0,60.0
../ibc53/Pale_Blue_Flycatcher/4.wav,Pale_Blue_Flycatcher,60.0,63.0
../ibc53/Pale_Blue_Flycatcher/4.wav,Pale_Blue_Flycatcher,63.0,66.0
../ibc53/Pale_Blue_Flycatcher/4.wav,Pale_Blue_Flycatcher,66.0,69.0
../ibc53/Pale_Blue_Flycatcher/4.wav,Pale_Blue_Flycatcher,69.0,72.0
../ibc53/Pale_Blue_Flycatcher/4.wav,Pale_Blue_Flycatcher,72.0,75.0
../ibc53/Pale_Blue_Flycatcher/4.wav,Pale_Blue_Flycatcher,75.0,78.0
../ibc53/Pale_Blue_Flycatcher/4.wav,Pale_Blue_Flycatcher,78.0,81.0
../ibc53/Pale_Blue_Flycatcher/4.wav,Pale_Blue_Flycatcher,81.0,84.0
../ibc53/Pale_Blue_Flycatcher/27.wav,Pale_Blue_Flycatcher,0,3.0
../ibc53/Pale_Blue_Flycatcher/27.wav,Pale_Blue_Flycatcher,3.0,6.0
../ibc53/Pale_Blue_Flycatcher/27.wav,Pale_Blue_Flycatcher,6.0,9.0
../ibc53/Pale_Blue_Flycatcher/27.wav,Pale_Blue_Flycatcher,9.0,12.0
../ibc53/Pale_Blue_Flycatcher/27.wav,Pale_Blue_Flycatcher,12.0,15.0
../ibc53/Pale_Blue_Flycatcher/27.wav,Pale_Blue_Flycatcher,15.0,18.0
../ibc53/Pale_Blue_Flycatcher/27.wav,Pale_Blue_Flycatcher,18.0,21.0
../ibc53/Pale_Blue_Flycatcher/27.wav,Pale_Blue_Flycatcher,21.0,24.0
../ibc53/Pale_Blue_Flycatcher/27.wav,Pale_Blue_Flycatcher,24.0,27.0
../ibc53/Pale_Blue_Flycatcher/27.wav,Pale_Blue_Flycatcher,27.0,30.0
../ibc53/Pale_Blue_Flycatcher/27.wav,Pale_Blue_Flycatcher,30.0,33.0
../ibc53/Pale_Blue_Flycatcher/27.wav,Pale_Blue_Flycatcher,33.0,36.0
../ibc53/Pale_Blue_Flycatcher/27.wav,Pale_Blue_Flycatcher,36.0,39.0
../ibc53/Pale_Blue_Flycatcher/27.wav,Pale_Blue_Flycatcher,39.0,42.0
../ibc53/Pale_Blue_Flycatcher/27.wav,Pale_Blue_Flycatcher,42.0,45.0
../ibc53/Pale_Blue_Flycatcher/27.wav,Pale_Blue_Flycatcher,45.0,48.0
../ibc53/Pale_Blue_Flycatcher/27.wav,Pale_Blue_Flycatcher,48.0,51.0
../ibc53/Pale_Blue_Flycatcher/27.wav,Pale_Blue_Flycatcher,51.0,54.0
../ibc53/Pale_Blue_Flycatcher/27.wav,Pale_Blue_Flycatcher,54.0,57.0
../ibc53/Pale_Blue_Flycatcher/14.wav,Pale_Blue_Flycatcher,0,3.0
../ibc53/Pale_Blue_Flycatcher/14.wav,Pale_Blue_Flycatcher,3.0,6.0
../ibc53/Pale_Blue_Flycatcher/14.wav,Pale_Blue_Flycatcher,6.0,9.0
../ibc53/Pale_Blue_Flycatcher/14.wav,Pale_Blue_Flycatcher,9.0,12.0
../ibc53/Pale_Blue_Flycatcher/14.wav,Pale_Blue_Flycatcher,12.0,15.0
../ibc53/Pale_Blue_Flycatcher/14.wav,Pale_Blue_Flycatcher,15.0,18.0
../ibc53/Pale_Blue_Flycatcher/14.wav,Pale_Blue_Flycatcher,18.0,21.0
../ibc53/Pale_Blue_Flycatcher/14.wav,Pale_Blue_Flycatcher,21.0,24.0
../ibc53/Pale_Blue_Flycatcher/14.wav,Pale_Blue_Flycatcher,24.0,27.0
../ibc53/Pale_Blue_Flycatcher/14.wav,Pale_Blue_Flycatcher,27.0,30.0
../ibc53/Pale_Blue_Flycatcher/14.wav,Pale_Blue_Flycatcher,30.0,33.0
../ibc53/Pale_Blue_Flycatcher/22.wav,Pale_Blue_Flycatcher,0,3.0
../ibc53/Pale_Blue_Flycatcher/22.wav,Pale_Blue_Flycatcher,3.0,6.0
../ibc53/Pale_Blue_Flycatcher/22.wav,Pale_Blue_Flycatcher,6.0,9.0
../ibc53/Pale_Blue_Flycatcher/22.wav,Pale_Blue_Flycatcher,9.0,12.0
../ibc53/Pale_Blue_Flycatcher/22.wav,Pale_Blue_Flycatcher,12.0,15.0
../ibc53/Pale_Blue_Flycatcher/22.wav,Pale_Blue_Flycatcher,15.0,18.0
../ibc53/Pale_Blue_Flycatcher/22.wav,Pale_Blue_Flycatcher,18.0,21.0
../ibc53/Pale_Blue_Flycatcher/22.wav,Pale_Blue_Flycatcher,21.0,24.0
../ibc53/Pale_Blue_Flycatcher/22.wav,Pale_Blue_Flycatcher,24.0,27.0
../ibc53/Pale_Blue_Flycatcher/22.wav,Pale_Blue_Flycatcher,27.0,30.0
../ibc53/Pale_Blue_Flycatcher/22.wav,Pale_Blue_Flycatcher,30.0,33.0
../ibc53/Pale_Blue_Flycatcher/22.wav,Pale_Blue_Flycatcher,33.0,36.0
../ibc53/Pale_Blue_Flycatcher/22.wav,Pale_Blue_Flycatcher,36.0,39.0
../ibc53/Pale_Blue_Flycatcher/22.wav,Pale_Blue_Flycatcher,39.0,42.0
../ibc53/Pale_Blue_Flycatcher/22.wav,Pale_Blue_Flycatcher,42.0,45.0
../ibc53/Pale_Blue_Flycatcher/22.wav,Pale_Blue_Flycatcher,45.0,48.0
../ibc53/Pale_Blue_Flycatcher/10.wav,Pale_Blue_Flycatcher,0,3.0
../ibc53/Pale_Blue_Flycatcher/10.wav,Pale_Blue_Flycatcher,3.0,6.0
../ibc53/Pale_Blue_Flycatcher/10.wav,Pale_Blue_Flycatcher,6.0,9.0
../ibc53/Pale_Blue_Flycatcher/10.wav,Pale_Blue_Flycatcher,9.0,12.0
../ibc53/Pale_Blue_Flycatcher/10.wav,Pale_Blue_Flycatcher,12.0,15.0
../ibc53/Pale_Blue_Flycatcher/10.wav,Pale_Blue_Flycatcher,15.0,18.0
../ibc53/Pale_Blue_Flycatcher/10.wav,Pale_Blue_Flycatcher,18.0,21.0
../ibc53/Pale_Blue_Flycatcher/10.wav,Pale_Blue_Flycatcher,21.0,24.0
../ibc53/Pale_Blue_Flycatcher/10.wav,Pale_Blue_Flycatcher,24.0,27.0
../ibc53/Pale_Blue_Flycatcher/10.wav,Pale_Blue_Flycatcher,27.0,30.0
../ibc53/Pale_Blue_Flycatcher/10.wav,Pale_Blue_Flycatcher,30.0,33.0
../ibc53/Pale_Blue_Flycatcher/10.wav,Pale_Blue_Flycatcher,33.0,36.0
../ibc53/Pale_Blue_Flycatcher/10.wav,Pale_Blue_Flycatcher,36.0,39.0
../ibc53/Pale_Blue_Flycatcher/10.wav,Pale_Blue_Flycatcher,39.0,42.0
../ibc53/Pale_Blue_Flycatcher/10.wav,Pale_Blue_Flycatcher,42.0,45.0
../ibc53/Pale_Blue_Flycatcher/10.wav,Pale_Blue_Flycatcher,45.0,48.0
../ibc53/Pale_Blue_Flycatcher/10.wav,Pale_Blue_Flycatcher,48.0,51.0
../ibc53/Pale_Blue_Flycatcher/10.wav,Pale_Blue_Flycatcher,51.0,54.0
../ibc53/Pale_Blue_Flycatcher/10.wav,Pale_Blue_Flycatcher,54.0,57.0
../ibc53/Pale_Blue_Flycatcher/10.wav,Pale_Blue_Flycatcher,57.0,60.0
../ibc53/Pale_Blue_Flycatcher/10.wav,Pale_Blue_Flycatcher,60.0,63.0
../ibc53/Pale_Blue_Flycatcher/10.wav,Pale_Blue_Flycatcher,63.0,66.0
../ibc53/Pale_Blue_Flycatcher/10.wav,Pale_Blue_Flycatcher,66.0,69.0
../ibc53/Pale_Blue_Flycatcher/10.wav,Pale_Blue_Flycatcher,69.0,72.0
../ibc53/Pale_Blue_Flycatcher/10.wav,Pale_Blue_Flycatcher,72.0,75.0
../ibc53/Pale_Blue_Flycatcher/10.wav,Pale_Blue_Flycatcher,75.0,78.0
../ibc53/Pale_Blue_Flycatcher/10.wav,Pale_Blue_Flycatcher,78.0,81.0
../ibc53/Pale_Blue_Flycatcher/10.wav,Pale_Blue_Flycatcher,81.0,84.0
../ibc53/Pale_Blue_Flycatcher/10.wav,Pale_Blue_Flycatcher,84.0,87.0
../ibc53/Pale_Blue_Flycatcher/10.wav,Pale_Blue_Flycatcher,87.0,90.0
../ibc53/Pale_Blue_Flycatcher/10.wav,Pale_Blue_Flycatcher,90.0,93.0
../ibc53/Pale_Blue_Flycatcher/10.wav,Pale_Blue_Flycatcher,93.0,96.0
../ibc53/Pale_Blue_Flycatcher/10.wav,Pale_Blue_Flycatcher,96.0,99.0
../ibc53/Pale_Blue_Flycatcher/10.wav,Pale_Blue_Flycatcher,99.0,102.0
../ibc53/Pale_Blue_Flycatcher/10.wav,Pale_Blue_Flycatcher,102.0,105.0
../ibc53/Pale_Blue_Flycatcher/10.wav,Pale_Blue_Flycatcher,105.0,108.0
../ibc53/Pale_Blue_Flycatcher/10.wav,Pale_Blue_Flycatcher,108.0,111.0
../ibc53/Pale_Blue_Flycatcher/10.wav,Pale_Blue_Flycatcher,111.0,114.0
../ibc53/Pale_Blue_Flycatcher/10.wav,Pale_Blue_Flycatcher,114.0,117.0
../ibc53/Pale_Blue_Flycatcher/10.wav,Pale_Blue_Flycatcher,117.0,120.0
../ibc53/Pale_Blue_Flycatcher/10.wav,Pale_Blue_Flycatcher,120.0,123.0
../ibc53/Pale_Blue_Flycatcher/10.wav,Pale_Blue_Flycatcher,123.0,126.0
../ibc53/Pale_Blue_Flycatcher/10.wav,Pale_Blue_Flycatcher,126.0,129.0
../ibc53/Pale_Blue_Flycatcher/10.wav,Pale_Blue_Flycatcher,129.0,132.0
../ibc53/Pale_Blue_Flycatcher/10.wav,Pale_Blue_Flycatcher,132.0,135.0
../ibc53/Pale_Blue_Flycatcher/10.wav,Pale_Blue_Flycatcher,135.0,138.0
../ibc53/Pale_Blue_Flycatcher/19.wav,Pale_Blue_Flycatcher,0,3.0
../ibc53/Pale_Blue_Flycatcher/19.wav,Pale_Blue_Flycatcher,3.0,6.0
../ibc53/Pale_Blue_Flycatcher/19.wav,Pale_Blue_Flycatcher,6.0,9.0
../ibc53/Pale_Blue_Flycatcher/19.wav,Pale_Blue_Flycatcher,9.0,12.0
../ibc53/Pale_Blue_Flycatcher/19.wav,Pale_Blue_Flycatcher,12.0,15.0
../ibc53/Pale_Blue_Flycatcher/19.wav,Pale_Blue_Flycatcher,15.0,18.0
../ibc53/Pale_Blue_Flycatcher/19.wav,Pale_Blue_Flycatcher,18.0,21.0
../ibc53/Pale_Blue_Flycatcher/19.wav,Pale_Blue_Flycatcher,21.0,24.0
../ibc53/Pale_Blue_Flycatcher/19.wav,Pale_Blue_Flycatcher,24.0,27.0
../ibc53/Pale_Blue_Flycatcher/19.wav,Pale_Blue_Flycatcher,27.0,30.0
../ibc53/Pale_Blue_Flycatcher/19.wav,Pale_Blue_Flycatcher,30.0,33.0
../ibc53/Pale_Blue_Flycatcher/19.wav,Pale_Blue_Flycatcher,33.0,36.0
../ibc53/Pale_Blue_Flycatcher/19.wav,Pale_Blue_Flycatcher,36.0,39.0
../ibc53/Pale_Blue_Flycatcher/19.wav,Pale_Blue_Flycatcher,39.0,42.0
../ibc53/Pale_Blue_Flycatcher/19.wav,Pale_Blue_Flycatcher,42.0,45.0
../ibc53/Pale_Blue_Flycatcher/19.wav,Pale_Blue_Flycatcher,45.0,48.0
../ibc53/Pale_Blue_Flycatcher/19.wav,Pale_Blue_Flycatcher,48.0,51.0
../ibc53/Pale_Blue_Flycatcher/19.wav,Pale_Blue_Flycatcher,51.0,54.0
../ibc53/Pale_Blue_Flycatcher/19.wav,Pale_Blue_Flycatcher,54.0,57.0
../ibc53/Pale_Blue_Flycatcher/19.wav,Pale_Blue_Flycatcher,57.0,60.0
../ibc53/Pale_Blue_Flycatcher/19.wav,Pale_Blue_Flycatcher,60.0,63.0
../ibc53/Pale_Blue_Flycatcher/19.wav,Pale_Blue_Flycatcher,63.0,66.0
../ibc53/Pale_Blue_Flycatcher/19.wav,Pale_Blue_Flycatcher,66.0,69.0
../ibc53/Pale_Blue_Flycatcher/19.wav,Pale_Blue_Flycatcher,69.0,72.0
../ibc53/Pale_Blue_Flycatcher/19.wav,Pale_Blue_Flycatcher,72.0,75.0
../ibc53/Pale_Blue_Flycatcher/19.wav,Pale_Blue_Flycatcher,75.0,78.0
../ibc53/Pale_Blue_Flycatcher/19.wav,Pale_Blue_Flycatcher,78.0,81.0
../ibc53/Pale_Blue_Flycatcher/19.wav,Pale_Blue_Flycatcher,81.0,84.0
../ibc53/Pale_Blue_Flycatcher/19.wav,Pale_Blue_Flycatcher,84.0,87.0
../ibc53/Pale_Blue_Flycatcher/9.wav,Pale_Blue_Flycatcher,0,3.0
../ibc53/Pale_Blue_Flycatcher/9.wav,Pale_Blue_Flycatcher,3.0,6.0
../ibc53/Pale_Blue_Flycatcher/9.wav,Pale_Blue_Flycatcher,6.0,9.0
../ibc53/Pale_Blue_Flycatcher/9.wav,Pale_Blue_Flycatcher,9.0,12.0
../ibc53/Pale_Blue_Flycatcher/9.wav,Pale_Blue_Flycatcher,12.0,15.0
../ibc53/Pale_Blue_Flycatcher/9.wav,Pale_Blue_Flycatcher,15.0,18.0
../ibc53/Pale_Blue_Flycatcher/9.wav,Pale_Blue_Flycatcher,18.0,21.0
../ibc53/Pale_Blue_Flycatcher/9.wav,Pale_Blue_Flycatcher,21.0,24.0
../ibc53/Pale_Blue_Flycatcher/9.wav,Pale_Blue_Flycatcher,24.0,27.0
../ibc53/Pale_Blue_Flycatcher/9.wav,Pale_Blue_Flycatcher,27.0,30.0
../ibc53/Pale_Blue_Flycatcher/9.wav,Pale_Blue_Flycatcher,30.0,33.0
../ibc53/Pale_Blue_Flycatcher/9.wav,Pale_Blue_Flycatcher,33.0,36.0
../ibc53/Pale_Blue_Flycatcher/6.wav,Pale_Blue_Flycatcher,0,3.0
../ibc53/Pale_Blue_Flycatcher/6.wav,Pale_Blue_Flycatcher,3.0,6.0
../ibc53/Pale_Blue_Flycatcher/6.wav,Pale_Blue_Flycatcher,6.0,9.0
../ibc53/Pale_Blue_Flycatcher/6.wav,Pale_Blue_Flycatcher,9.0,12.0
../ibc53/Pale_Blue_Flycatcher/6.wav,Pale_Blue_Flycatcher,12.0,15.0
../ibc53/Pale_Blue_Flycatcher/6.wav,Pale_Blue_Flycatcher,15.0,18.0
../ibc53/Pale_Blue_Flycatcher/6.wav,Pale_Blue_Flycatcher,18.0,21.0
../ibc53/Pale_Blue_Flycatcher/6.wav,Pale_Blue_Flycatcher,21.0,24.0
../ibc53/Pale_Blue_Flycatcher/6.wav,Pale_Blue_Flycatcher,24.0,27.0
../ibc53/Pale_Blue_Flycatcher/11.wav,Pale_Blue_Flycatcher,0,3.0
../ibc53/Pale_Blue_Flycatcher/11.wav,Pale_Blue_Flycatcher,3.0,6.0
../ibc53/Pale_Blue_Flycatcher/11.wav,Pale_Blue_Flycatcher,6.0,9.0
../ibc53/Pale_Blue_Flycatcher/11.wav,Pale_Blue_Flycatcher,9.0,12.0
../ibc53/Pale_Blue_Flycatcher/11.wav,Pale_Blue_Flycatcher,12.0,15.0
../ibc53/Pale_Blue_Flycatcher/11.wav,Pale_Blue_Flycatcher,15.0,18.0
../ibc53/Pale_Blue_Flycatcher/11.wav,Pale_Blue_Flycatcher,18.0,21.0
../ibc53/Pale_Blue_Flycatcher/11.wav,Pale_Blue_Flycatcher,21.0,24.0
../ibc53/Pale_Blue_Flycatcher/11.wav,Pale_Blue_Flycatcher,24.0,27.0
../ibc53/Pale_Blue_Flycatcher/11.wav,Pale_Blue_Flycatcher,27.0,30.0
../ibc53/Pale_Blue_Flycatcher/11.wav,Pale_Blue_Flycatcher,30.0,33.0
../ibc53/Pale_Blue_Flycatcher/11.wav,Pale_Blue_Flycatcher,33.0,36.0
../ibc53/Pale_Blue_Flycatcher/11.wav,Pale_Blue_Flycatcher,36.0,39.0
../ibc53/Pale_Blue_Flycatcher/11.wav,Pale_Blue_Flycatcher,39.0,42.0
../ibc53/Pale_Blue_Flycatcher/11.wav,Pale_Blue_Flycatcher,42.0,45.0
../ibc53/Pale_Blue_Flycatcher/11.wav,Pale_Blue_Flycatcher,45.0,48.0
../ibc53/Pale_Blue_Flycatcher/11.wav,Pale_Blue_Flycatcher,48.0,51.0
../ibc53/Pale_Blue_Flycatcher/11.wav,Pale_Blue_Flycatcher,51.0,54.0
../ibc53/Pale_Blue_Flycatcher/11.wav,Pale_Blue_Flycatcher,54.0,57.0
../ibc53/Pale_Blue_Flycatcher/11.wav,Pale_Blue_Flycatcher,57.0,60.0
../ibc53/Pale_Blue_Flycatcher/11.wav,Pale_Blue_Flycatcher,60.0,63.0
../ibc53/Pale_Blue_Flycatcher/11.wav,Pale_Blue_Flycatcher,63.0,66.0
../ibc53/Pale_Blue_Flycatcher/11.wav,Pale_Blue_Flycatcher,66.0,69.0
../ibc53/Pale_Blue_Flycatcher/11.wav,Pale_Blue_Flycatcher,69.0,72.0
../ibc53/Pale_Blue_Flycatcher/11.wav,Pale_Blue_Flycatcher,72.0,75.0
../ibc53/Pale_Blue_Flycatcher/11.wav,Pale_Blue_Flycatcher,75.0,78.0
../ibc53/Pale_Blue_Flycatcher/11.wav,Pale_Blue_Flycatcher,78.0,81.0
../ibc53/Pale_Blue_Flycatcher/11.wav,Pale_Blue_Flycatcher,81.0,84.0
../ibc53/Pale_Blue_Flycatcher/11.wav,Pale_Blue_Flycatcher,84.0,87.0
../ibc53/Pale_Blue_Flycatcher/23.wav,Pale_Blue_Flycatcher,0,3.0
../ibc53/Pale_Blue_Flycatcher/23.wav,Pale_Blue_Flycatcher,3.0,6.0
../ibc53/Pale_Blue_Flycatcher/23.wav,Pale_Blue_Flycatcher,6.0,9.0
../ibc53/Pale_Blue_Flycatcher/23.wav,Pale_Blue_Flycatcher,9.0,12.0
../ibc53/Pale_Blue_Flycatcher/23.wav,Pale_Blue_Flycatcher,12.0,15.0
../ibc53/Pale_Blue_Flycatcher/23.wav,Pale_Blue_Flycatcher,15.0,18.0
../ibc53/Pale_Blue_Flycatcher/23.wav,Pale_Blue_Flycatcher,18.0,21.0
../ibc53/Pale_Blue_Flycatcher/23.wav,Pale_Blue_Flycatcher,21.0,24.0
../ibc53/Pale_Blue_Flycatcher/23.wav,Pale_Blue_Flycatcher,24.0,27.0
../ibc53/Pale_Blue_Flycatcher/23.wav,Pale_Blue_Flycatcher,27.0,30.0
../ibc53/Pale_Blue_Flycatcher/23.wav,Pale_Blue_Flycatcher,30.0,33.0
../ibc53/Pale_Blue_Flycatcher/23.wav,Pale_Blue_Flycatcher,33.0,36.0
../ibc53/Pale_Blue_Flycatcher/23.wav,Pale_Blue_Flycatcher,36.0,39.0
../ibc53/Pale_Blue_Flycatcher/23.wav,Pale_Blue_Flycatcher,39.0,42.0
../ibc53/Pale_Blue_Flycatcher/23.wav,Pale_Blue_Flycatcher,42.0,45.0
../ibc53/Plain_Flowerpecker/3.wav,Plain_Flowerpecker,0,3.0
../ibc53/Plain_Flowerpecker/3.wav,Plain_Flowerpecker,3.0,6.0
../ibc53/Plain_Flowerpecker/3.wav,Plain_Flowerpecker,6.0,9.0
../ibc53/Plain_Flowerpecker/3.wav,Plain_Flowerpecker,9.0,12.0
../ibc53/Plain_Flowerpecker/3.wav,Plain_Flowerpecker,12.0,15.0
../ibc53/Plain_Flowerpecker/3.wav,Plain_Flowerpecker,15.0,18.0
../ibc53/Plain_Flowerpecker/3.wav,Plain_Flowerpecker,18.0,21.0
../ibc53/Plain_Flowerpecker/3.wav,Plain_Flowerpecker,21.0,24.0
../ibc53/Plain_Flowerpecker/3.wav,Plain_Flowerpecker,24.0,27.0
../ibc53/Plain_Flowerpecker/3.wav,Plain_Flowerpecker,27.0,30.0
../ibc53/Plain_Flowerpecker/5.wav,Plain_Flowerpecker,0,3.0
../ibc53/Plain_Flowerpecker/5.wav,Plain_Flowerpecker,3.0,6.0
../ibc53/Plain_Flowerpecker/5.wav,Plain_Flowerpecker,6.0,9.0
../ibc53/Plain_Flowerpecker/7.wav,Plain_Flowerpecker,0,3.0
../ibc53/Plain_Flowerpecker/7.wav,Plain_Flowerpecker,3.0,6.0
../ibc53/Plain_Flowerpecker/7.wav,Plain_Flowerpecker,6.0,9.0
../ibc53/Plain_Flowerpecker/1.wav,Plain_Flowerpecker,0,3.0
../ibc53/Plain_Flowerpecker/1.wav,Plain_Flowerpecker,3.0,6.0
../ibc53/Plain_Flowerpecker/1.wav,Plain_Flowerpecker,6.0,9.0
../ibc53/Plain_Flowerpecker/1.wav,Plain_Flowerpecker,9.0,12.0
../ibc53/Plain_Flowerpecker/1.wav,Plain_Flowerpecker,12.0,15.0
../ibc53/Plain_Flowerpecker/1.wav,Plain_Flowerpecker,15.0,18.0
../ibc53/Plain_Flowerpecker/1.wav,Plain_Flowerpecker,18.0,21.0
../ibc53/Plain_Flowerpecker/1.wav,Plain_Flowerpecker,21.0,24.0
../ibc53/Plain_Flowerpecker/1.wav,Plain_Flowerpecker,24.0,27.0
../ibc53/Plain_Flowerpecker/1.wav,Plain_Flowerpecker,27.0,30.0
../ibc53/Plain_Flowerpecker/1.wav,Plain_Flowerpecker,30.0,33.0
../ibc53/Plain_Flowerpecker/2.wav,Plain_Flowerpecker,0,3.0
../ibc53/Plain_Flowerpecker/2.wav,Plain_Flowerpecker,3.0,6.0
../ibc53/Plain_Flowerpecker/2.wav,Plain_Flowerpecker,6.0,9.0
../ibc53/Plain_Flowerpecker/2.wav,Plain_Flowerpecker,9.0,12.0
../ibc53/Plain_Flowerpecker/2.wav,Plain_Flowerpecker,12.0,15.0
../ibc53/Plain_Flowerpecker/2.wav,Plain_Flowerpecker,15.0,18.0
../ibc53/Plain_Flowerpecker/4.wav,Plain_Flowerpecker,0,3.0
../ibc53/Plain_Flowerpecker/4.wav,Plain_Flowerpecker,3.0,6.0
../ibc53/Plain_Flowerpecker/4.wav,Plain_Flowerpecker,6.0,9.0
../ibc53/Plain_Flowerpecker/4.wav,Plain_Flowerpecker,9.0,12.0
../ibc53/Plain_Flowerpecker/4.wav,Plain_Flowerpecker,12.0,15.0
../ibc53/Plain_Flowerpecker/6.wav,Plain_Flowerpecker,0,3.0
../ibc53/Plain_Flowerpecker/6.wav,Plain_Flowerpecker,3.0,6.0
../ibc53/Plain_Flowerpecker/6.wav,Plain_Flowerpecker,6.0,9.0
../ibc53/Plain_Flowerpecker/6.wav,Plain_Flowerpecker,9.0,12.0
../ibc53/Puff-throated_Babbler/77.wav,Puff-throated_Babbler,0,3.0
../ibc53/Puff-throated_Babbler/77.wav,Puff-throated_Babbler,3.0,6.0
../ibc53/Puff-throated_Babbler/77.wav,Puff-throated_Babbler,6.0,9.0
../ibc53/Puff-throated_Babbler/77.wav,Puff-throated_Babbler,9.0,12.0
../ibc53/Puff-throated_Babbler/77.wav,Puff-throated_Babbler,12.0,15.0
../ibc53/Puff-throated_Babbler/77.wav,Puff-throated_Babbler,15.0,18.0
../ibc53/Puff-throated_Babbler/77.wav,Puff-throated_Babbler,18.0,21.0
../ibc53/Puff-throated_Babbler/77.wav,Puff-throated_Babbler,21.0,24.0
../ibc53/Puff-throated_Babbler/77.wav,Puff-throated_Babbler,24.0,27.0
../ibc53/Puff-throated_Babbler/77.wav,Puff-throated_Babbler,27.0,30.0
../ibc53/Puff-throated_Babbler/77.wav,Puff-throated_Babbler,30.0,33.0
../ibc53/Puff-throated_Babbler/77.wav,Puff-throated_Babbler,33.0,36.0
../ibc53/Puff-throated_Babbler/77.wav,Puff-throated_Babbler,36.0,39.0
../ibc53/Puff-throated_Babbler/56.wav,Puff-throated_Babbler,0,3.0
../ibc53/Puff-throated_Babbler/56.wav,Puff-throated_Babbler,3.0,6.0
../ibc53/Puff-throated_Babbler/56.wav,Puff-throated_Babbler,6.0,9.0
../ibc53/Puff-throated_Babbler/56.wav,Puff-throated_Babbler,9.0,12.0
../ibc53/Puff-throated_Babbler/56.wav,Puff-throated_Babbler,12.0,15.0
../ibc53/Puff-throated_Babbler/56.wav,Puff-throated_Babbler,15.0,18.0
../ibc53/Puff-throated_Babbler/79.wav,Puff-throated_Babbler,0,3.0
../ibc53/Puff-throated_Babbler/79.wav,Puff-throated_Babbler,3.0,6.0
../ibc53/Puff-throated_Babbler/79.wav,Puff-throated_Babbler,6.0,9.0
../ibc53/Puff-throated_Babbler/79.wav,Puff-throated_Babbler,9.0,12.0
../ibc53/Puff-throated_Babbler/79.wav,Puff-throated_Babbler,12.0,15.0
../ibc53/Puff-throated_Babbler/34.wav,Puff-throated_Babbler,0,3.0
../ibc53/Puff-throated_Babbler/34.wav,Puff-throated_Babbler,3.0,6.0
../ibc53/Puff-throated_Babbler/34.wav,Puff-throated_Babbler,6.0,9.0
../ibc53/Puff-throated_Babbler/34.wav,Puff-throated_Babbler,9.0,12.0
../ibc53/Puff-throated_Babbler/92.wav,Puff-throated_Babbler,0,3.0
../ibc53/Puff-throated_Babbler/92.wav,Puff-throated_Babbler,3.0,6.0
../ibc53/Puff-throated_Babbler/92.wav,Puff-throated_Babbler,6.0,9.0
../ibc53/Puff-throated_Babbler/92.wav,Puff-throated_Babbler,9.0,12.0
../ibc53/Puff-throated_Babbler/15.wav,Puff-throated_Babbler,0,3.0
../ibc53/Puff-throated_Babbler/15.wav,Puff-throated_Babbler,3.0,6.0
../ibc53/Puff-throated_Babbler/15.wav,Puff-throated_Babbler,6.0,9.0
../ibc53/Puff-throated_Babbler/15.wav,Puff-throated_Babbler,9.0,12.0
../ibc53/Puff-throated_Babbler/15.wav,Puff-throated_Babbler,12.0,15.0
../ibc53/Puff-throated_Babbler/15.wav,Puff-throated_Babbler,15.0,18.0
../ibc53/Puff-throated_Babbler/15.wav,Puff-throated_Babbler,18.0,21.0
../ibc53/Puff-throated_Babbler/15.wav,Puff-throated_Babbler,21.0,24.0
../ibc53/Puff-throated_Babbler/15.wav,Puff-throated_Babbler,24.0,27.0
../ibc53/Puff-throated_Babbler/15.wav,Puff-throated_Babbler,27.0,30.0
../ibc53/Puff-throated_Babbler/15.wav,Puff-throated_Babbler,30.0,33.0
../ibc53/Puff-throated_Babbler/15.wav,Puff-throated_Babbler,33.0,36.0
../ibc53/Puff-throated_Babbler/3.wav,Puff-throated_Babbler,0,3.0
../ibc53/Puff-throated_Babbler/3.wav,Puff-throated_Babbler,3.0,6.0
../ibc53/Puff-throated_Babbler/3.wav,Puff-throated_Babbler,6.0,9.0
../ibc53/Puff-throated_Babbler/3.wav,Puff-throated_Babbler,9.0,12.0
../ibc53/Puff-throated_Babbler/3.wav,Puff-throated_Babbler,12.0,15.0
../ibc53/Puff-throated_Babbler/3.wav,Puff-throated_Babbler,15.0,18.0
../ibc53/Puff-throated_Babbler/3.wav,Puff-throated_Babbler,18.0,21.0
../ibc53/Puff-throated_Babbler/3.wav,Puff-throated_Babbler,21.0,24.0
../ibc53/Puff-throated_Babbler/5.wav,Puff-throated_Babbler,0,3.0
../ibc53/Puff-throated_Babbler/5.wav,Puff-throated_Babbler,3.0,6.0
../ibc53/Puff-throated_Babbler/5.wav,Puff-throated_Babbler,6.0,9.0
../ibc53/Puff-throated_Babbler/5.wav,Puff-throated_Babbler,9.0,12.0
../ibc53/Puff-throated_Babbler/5.wav,Puff-throated_Babbler,12.0,15.0
../ibc53/Puff-throated_Babbler/5.wav,Puff-throated_Babbler,15.0,18.0
../ibc53/Puff-throated_Babbler/5.wav,Puff-throated_Babbler,18.0,21.0
../ibc53/Puff-throated_Babbler/5.wav,Puff-throated_Babbler,21.0,24.0
../ibc53/Puff-throated_Babbler/5.wav,Puff-throated_Babbler,24.0,27.0
../ibc53/Puff-throated_Babbler/5.wav,Puff-throated_Babbler,27.0,30.0
../ibc53/Puff-throated_Babbler/5.wav,Puff-throated_Babbler,30.0,33.0
../ibc53/Puff-throated_Babbler/5.wav,Puff-throated_Babbler,33.0,36.0
../ibc53/Puff-throated_Babbler/5.wav,Puff-throated_Babbler,36.0,39.0
../ibc53/Puff-throated_Babbler/5.wav,Puff-throated_Babbler,39.0,42.0
../ibc53/Puff-throated_Babbler/5.wav,Puff-throated_Babbler,42.0,45.0
../ibc53/Puff-throated_Babbler/5.wav,Puff-throated_Babbler,45.0,48.0
../ibc53/Puff-throated_Babbler/5.wav,Puff-throated_Babbler,48.0,51.0
../ibc53/Puff-throated_Babbler/18.wav,Puff-throated_Babbler,0,3.0
../ibc53/Puff-throated_Babbler/18.wav,Puff-throated_Babbler,3.0,6.0
../ibc53/Puff-throated_Babbler/18.wav,Puff-throated_Babbler,6.0,9.0
../ibc53/Puff-throated_Babbler/18.wav,Puff-throated_Babbler,9.0,12.0
../ibc53/Puff-throated_Babbler/18.wav,Puff-throated_Babbler,12.0,15.0
../ibc53/Puff-throated_Babbler/18.wav,Puff-throated_Babbler,15.0,18.0
../ibc53/Puff-throated_Babbler/18.wav,Puff-throated_Babbler,18.0,21.0
../ibc53/Puff-throated_Babbler/65.wav,Puff-throated_Babbler,0,3.0
../ibc53/Puff-throated_Babbler/65.wav,Puff-throated_Babbler,3.0,6.0
../ibc53/Puff-throated_Babbler/65.wav,Puff-throated_Babbler,6.0,9.0
../ibc53/Puff-throated_Babbler/65.wav,Puff-throated_Babbler,9.0,12.0
../ibc53/Puff-throated_Babbler/65.wav,Puff-throated_Babbler,12.0,15.0
../ibc53/Puff-throated_Babbler/65.wav,Puff-throated_Babbler,15.0,18.0
../ibc53/Puff-throated_Babbler/65.wav,Puff-throated_Babbler,18.0,21.0
../ibc53/Puff-throated_Babbler/65.wav,Puff-throated_Babbler,21.0,24.0
../ibc53/Puff-throated_Babbler/65.wav,Puff-throated_Babbler,24.0,27.0
../ibc53/Puff-throated_Babbler/65.wav,Puff-throated_Babbler,27.0,30.0
../ibc53/Puff-throated_Babbler/65.wav,Puff-throated_Babbler,30.0,33.0
../ibc53/Puff-throated_Babbler/65.wav,Puff-throated_Babbler,33.0,36.0
../ibc53/Puff-throated_Babbler/65.wav,Puff-throated_Babbler,36.0,39.0
../ibc53/Puff-throated_Babbler/65.wav,Puff-throated_Babbler,39.0,42.0
../ibc53/Puff-throated_Babbler/65.wav,Puff-throated_Babbler,42.0,45.0
../ibc53/Puff-throated_Babbler/65.wav,Puff-throated_Babbler,45.0,48.0
../ibc53/Puff-throated_Babbler/65.wav,Puff-throated_Babbler,48.0,51.0
../ibc53/Puff-throated_Babbler/65.wav,Puff-throated_Babbler,51.0,54.0
../ibc53/Puff-throated_Babbler/65.wav,Puff-throated_Babbler,54.0,57.0
../ibc53/Puff-throated_Babbler/65.wav,Puff-throated_Babbler,57.0,60.0
../ibc53/Puff-throated_Babbler/65.wav,Puff-throated_Babbler,60.0,63.0
../ibc53/Puff-throated_Babbler/65.wav,Puff-throated_Babbler,63.0,66.0
../ibc53/Puff-throated_Babbler/65.wav,Puff-throated_Babbler,66.0,69.0
../ibc53/Puff-throated_Babbler/65.wav,Puff-throated_Babbler,69.0,72.0
../ibc53/Puff-throated_Babbler/7.wav,Puff-throated_Babbler,0,3.0
../ibc53/Puff-throated_Babbler/7.wav,Puff-throated_Babbler,3.0,6.0
../ibc53/Puff-throated_Babbler/7.wav,Puff-throated_Babbler,6.0,9.0
../ibc53/Puff-throated_Babbler/7.wav,Puff-throated_Babbler,9.0,12.0
../ibc53/Puff-throated_Babbler/7.wav,Puff-throated_Babbler,12.0,15.0
../ibc53/Puff-throated_Babbler/7.wav,Puff-throated_Babbler,15.0,18.0
../ibc53/Puff-throated_Babbler/7.wav,Puff-throated_Babbler,18.0,21.0
../ibc53/Puff-throated_Babbler/7.wav,Puff-throated_Babbler,21.0,24.0
../ibc53/Puff-throated_Babbler/7.wav,Puff-throated_Babbler,24.0,27.0
../ibc53/Puff-throated_Babbler/7.wav,Puff-throated_Babbler,27.0,30.0
../ibc53/Puff-throated_Babbler/95.wav,Puff-throated_Babbler,0,3.0
../ibc53/Puff-throated_Babbler/95.wav,Puff-throated_Babbler,3.0,6.0
../ibc53/Puff-throated_Babbler/95.wav,Puff-throated_Babbler,6.0,9.0
../ibc53/Puff-throated_Babbler/95.wav,Puff-throated_Babbler,9.0,12.0
../ibc53/Puff-throated_Babbler/95.wav,Puff-throated_Babbler,12.0,15.0
../ibc53/Puff-throated_Babbler/95.wav,Puff-throated_Babbler,15.0,18.0
../ibc53/Puff-throated_Babbler/95.wav,Puff-throated_Babbler,18.0,21.0
../ibc53/Puff-throated_Babbler/95.wav,Puff-throated_Babbler,21.0,24.0
../ibc53/Puff-throated_Babbler/95.wav,Puff-throated_Babbler,24.0,27.0
../ibc53/Puff-throated_Babbler/95.wav,Puff-throated_Babbler,27.0,30.0
../ibc53/Puff-throated_Babbler/95.wav,Puff-throated_Babbler,30.0,33.0
../ibc53/Puff-throated_Babbler/95.wav,Puff-throated_Babbler,33.0,36.0
../ibc53/Puff-throated_Babbler/95.wav,Puff-throated_Babbler,36.0,39.0
../ibc53/Puff-throated_Babbler/95.wav,Puff-throated_Babbler,39.0,42.0
../ibc53/Puff-throated_Babbler/59.wav,Puff-throated_Babbler,0,3.0
../ibc53/Puff-throated_Babbler/59.wav,Puff-throated_Babbler,3.0,6.0
../ibc53/Puff-throated_Babbler/59.wav,Puff-throated_Babbler,6.0,9.0
../ibc53/Puff-throated_Babbler/59.wav,Puff-throated_Babbler,9.0,12.0
../ibc53/Puff-throated_Babbler/59.wav,Puff-throated_Babbler,12.0,15.0
../ibc53/Puff-throated_Babbler/59.wav,Puff-throated_Babbler,15.0,18.0
../ibc53/Puff-throated_Babbler/59.wav,Puff-throated_Babbler,18.0,21.0
../ibc53/Puff-throated_Babbler/59.wav,Puff-throated_Babbler,21.0,24.0
../ibc53/Puff-throated_Babbler/66.wav,Puff-throated_Babbler,0,3.0
../ibc53/Puff-throated_Babbler/66.wav,Puff-throated_Babbler,3.0,6.0
../ibc53/Puff-throated_Babbler/66.wav,Puff-throated_Babbler,6.0,9.0
../ibc53/Puff-throated_Babbler/66.wav,Puff-throated_Babbler,9.0,12.0
../ibc53/Puff-throated_Babbler/66.wav,Puff-throated_Babbler,12.0,15.0
../ibc53/Puff-throated_Babbler/66.wav,Puff-throated_Babbler,15.0,18.0
../ibc53/Puff-throated_Babbler/8.wav,Puff-throated_Babbler,0,3.0
../ibc53/Puff-throated_Babbler/8.wav,Puff-throated_Babbler,3.0,6.0
../ibc53/Puff-throated_Babbler/8.wav,Puff-throated_Babbler,6.0,9.0
../ibc53/Puff-throated_Babbler/8.wav,Puff-throated_Babbler,9.0,12.0
../ibc53/Puff-throated_Babbler/8.wav,Puff-throated_Babbler,12.0,15.0
../ibc53/Puff-throated_Babbler/8.wav,Puff-throated_Babbler,15.0,18.0
../ibc53/Puff-throated_Babbler/8.wav,Puff-throated_Babbler,18.0,21.0
../ibc53/Puff-throated_Babbler/8.wav,Puff-throated_Babbler,21.0,24.0
../ibc53/Puff-throated_Babbler/8.wav,Puff-throated_Babbler,24.0,27.0
../ibc53/Puff-throated_Babbler/8.wav,Puff-throated_Babbler,27.0,30.0
../ibc53/Puff-throated_Babbler/8.wav,Puff-throated_Babbler,30.0,33.0
../ibc53/Puff-throated_Babbler/8.wav,Puff-throated_Babbler,33.0,36.0
../ibc53/Puff-throated_Babbler/8.wav,Puff-throated_Babbler,36.0,39.0
../ibc53/Puff-throated_Babbler/8.wav,Puff-throated_Babbler,39.0,42.0
../ibc53/Puff-throated_Babbler/8.wav,Puff-throated_Babbler,42.0,45.0
../ibc53/Puff-throated_Babbler/8.wav,Puff-throated_Babbler,45.0,48.0
../ibc53/Puff-throated_Babbler/8.wav,Puff-throated_Babbler,48.0,51.0
../ibc53/Puff-throated_Babbler/8.wav,Puff-throated_Babbler,51.0,54.0
../ibc53/Puff-throated_Babbler/8.wav,Puff-throated_Babbler,54.0,57.0
../ibc53/Puff-throated_Babbler/8.wav,Puff-throated_Babbler,57.0,60.0
../ibc53/Puff-throated_Babbler/8.wav,Puff-throated_Babbler,60.0,63.0
../ibc53/Puff-throated_Babbler/8.wav,Puff-throated_Babbler,63.0,66.0
../ibc53/Puff-throated_Babbler/8.wav,Puff-throated_Babbler,66.0,69.0
../ibc53/Puff-throated_Babbler/8.wav,Puff-throated_Babbler,69.0,72.0
../ibc53/Puff-throated_Babbler/8.wav,Puff-throated_Babbler,72.0,75.0
../ibc53/Puff-throated_Babbler/8.wav,Puff-throated_Babbler,75.0,78.0
../ibc53/Puff-throated_Babbler/8.wav,Puff-throated_Babbler,78.0,81.0
../ibc53/Puff-throated_Babbler/8.wav,Puff-throated_Babbler,81.0,84.0
../ibc53/Puff-throated_Babbler/8.wav,Puff-throated_Babbler,84.0,87.0
../ibc53/Puff-throated_Babbler/8.wav,Puff-throated_Babbler,87.0,90.0
../ibc53/Puff-throated_Babbler/8.wav,Puff-throated_Babbler,90.0,93.0
../ibc53/Puff-throated_Babbler/8.wav,Puff-throated_Babbler,93.0,96.0
../ibc53/Puff-throated_Babbler/8.wav,Puff-throated_Babbler,96.0,99.0
../ibc53/Puff-throated_Babbler/8.wav,Puff-throated_Babbler,99.0,102.0
../ibc53/Puff-throated_Babbler/8.wav,Puff-throated_Babbler,102.0,105.0
../ibc53/Puff-throated_Babbler/8.wav,Puff-throated_Babbler,105.0,108.0
../ibc53/Puff-throated_Babbler/8.wav,Puff-throated_Babbler,108.0,111.0
../ibc53/Puff-throated_Babbler/8.wav,Puff-throated_Babbler,111.0,114.0
../ibc53/Puff-throated_Babbler/50.wav,Puff-throated_Babbler,0,3.0
../ibc53/Puff-throated_Babbler/50.wav,Puff-throated_Babbler,3.0,6.0
../ibc53/Puff-throated_Babbler/50.wav,Puff-throated_Babbler,6.0,9.0
../ibc53/Puff-throated_Babbler/50.wav,Puff-throated_Babbler,9.0,12.0
../ibc53/Puff-throated_Babbler/50.wav,Puff-throated_Babbler,12.0,15.0
../ibc53/Puff-throated_Babbler/50.wav,Puff-throated_Babbler,15.0,18.0
../ibc53/Puff-throated_Babbler/50.wav,Puff-throated_Babbler,18.0,21.0
../ibc53/Puff-throated_Babbler/50.wav,Puff-throated_Babbler,21.0,24.0
../ibc53/Puff-throated_Babbler/50.wav,Puff-throated_Babbler,24.0,27.0
../ibc53/Puff-throated_Babbler/50.wav,Puff-throated_Babbler,27.0,30.0
../ibc53/Puff-throated_Babbler/50.wav,Puff-throated_Babbler,30.0,33.0
../ibc53/Puff-throated_Babbler/50.wav,Puff-throated_Babbler,33.0,36.0
../ibc53/Puff-throated_Babbler/50.wav,Puff-throated_Babbler,36.0,39.0
../ibc53/Puff-throated_Babbler/50.wav,Puff-throated_Babbler,39.0,42.0
../ibc53/Puff-throated_Babbler/50.wav,Puff-throated_Babbler,42.0,45.0
../ibc53/Puff-throated_Babbler/50.wav,Puff-throated_Babbler,45.0,48.0
../ibc53/Puff-throated_Babbler/50.wav,Puff-throated_Babbler,48.0,51.0
../ibc53/Puff-throated_Babbler/50.wav,Puff-throated_Babbler,51.0,54.0
../ibc53/Puff-throated_Babbler/50.wav,Puff-throated_Babbler,54.0,57.0
../ibc53/Puff-throated_Babbler/50.wav,Puff-throated_Babbler,57.0,60.0
../ibc53/Puff-throated_Babbler/50.wav,Puff-throated_Babbler,60.0,63.0
../ibc53/Puff-throated_Babbler/50.wav,Puff-throated_Babbler,63.0,66.0
../ibc53/Puff-throated_Babbler/88.wav,Puff-throated_Babbler,0,3.0
../ibc53/Puff-throated_Babbler/88.wav,Puff-throated_Babbler,3.0,6.0
../ibc53/Puff-throated_Babbler/88.wav,Puff-throated_Babbler,6.0,9.0
../ibc53/Puff-throated_Babbler/88.wav,Puff-throated_Babbler,9.0,12.0
../ibc53/Puff-throated_Babbler/63.wav,Puff-throated_Babbler,0,3.0
../ibc53/Puff-throated_Babbler/63.wav,Puff-throated_Babbler,3.0,6.0
../ibc53/Puff-throated_Babbler/63.wav,Puff-throated_Babbler,6.0,9.0
../ibc53/Puff-throated_Babbler/63.wav,Puff-throated_Babbler,9.0,12.0
../ibc53/Puff-throated_Babbler/63.wav,Puff-throated_Babbler,12.0,15.0
../ibc53/Puff-throated_Babbler/84.wav,Puff-throated_Babbler,0,3.0
../ibc53/Puff-throated_Babbler/84.wav,Puff-throated_Babbler,3.0,6.0
../ibc53/Puff-throated_Babbler/84.wav,Puff-throated_Babbler,6.0,9.0
../ibc53/Puff-throated_Babbler/84.wav,Puff-throated_Babbler,9.0,12.0
../ibc53/Puff-throated_Babbler/84.wav,Puff-throated_Babbler,12.0,15.0
../ibc53/Puff-throated_Babbler/84.wav,Puff-throated_Babbler,15.0,18.0
../ibc53/Puff-throated_Babbler/25.wav,Puff-throated_Babbler,0,3.0
../ibc53/Puff-throated_Babbler/25.wav,Puff-throated_Babbler,3.0,6.0
../ibc53/Puff-throated_Babbler/25.wav,Puff-throated_Babbler,6.0,9.0
../ibc53/Puff-throated_Babbler/25.wav,Puff-throated_Babbler,9.0,12.0
../ibc53/Puff-throated_Babbler/25.wav,Puff-throated_Babbler,12.0,15.0
../ibc53/Puff-throated_Babbler/25.wav,Puff-throated_Babbler,15.0,18.0
../ibc53/Puff-throated_Babbler/25.wav,Puff-throated_Babbler,18.0,21.0
../ibc53/Puff-throated_Babbler/25.wav,Puff-throated_Babbler,21.0,24.0
../ibc53/Puff-throated_Babbler/25.wav,Puff-throated_Babbler,24.0,27.0
../ibc53/Puff-throated_Babbler/25.wav,Puff-throated_Babbler,27.0,30.0
../ibc53/Puff-throated_Babbler/25.wav,Puff-throated_Babbler,30.0,33.0
../ibc53/Puff-throated_Babbler/76.wav,Puff-throated_Babbler,0,3.0
../ibc53/Puff-throated_Babbler/76.wav,Puff-throated_Babbler,3.0,6.0
../ibc53/Puff-throated_Babbler/76.wav,Puff-throated_Babbler,6.0,9.0
../ibc53/Puff-throated_Babbler/76.wav,Puff-throated_Babbler,9.0,12.0
../ibc53/Puff-throated_Babbler/76.wav,Puff-throated_Babbler,12.0,15.0
../ibc53/Puff-throated_Babbler/76.wav,Puff-throated_Babbler,15.0,18.0
../ibc53/Puff-throated_Babbler/76.wav,Puff-throated_Babbler,18.0,21.0
../ibc53/Puff-throated_Babbler/76.wav,Puff-throated_Babbler,21.0,24.0
../ibc53/Puff-throated_Babbler/76.wav,Puff-throated_Babbler,24.0,27.0
../ibc53/Puff-throated_Babbler/76.wav,Puff-throated_Babbler,27.0,30.0
../ibc53/Puff-throated_Babbler/76.wav,Puff-throated_Babbler,30.0,33.0
../ibc53/Puff-throated_Babbler/76.wav,Puff-throated_Babbler,33.0,36.0
../ibc53/Puff-throated_Babbler/76.wav,Puff-throated_Babbler,36.0,39.0
../ibc53/Puff-throated_Babbler/76.wav,Puff-throated_Babbler,39.0,42.0
../ibc53/Puff-throated_Babbler/76.wav,Puff-throated_Babbler,42.0,45.0
../ibc53/Puff-throated_Babbler/76.wav,Puff-throated_Babbler,45.0,48.0
../ibc53/Puff-throated_Babbler/76.wav,Puff-throated_Babbler,48.0,51.0
../ibc53/Puff-throated_Babbler/76.wav,Puff-throated_Babbler,51.0,54.0
../ibc53/Puff-throated_Babbler/24.wav,Puff-throated_Babbler,0,3.0
../ibc53/Puff-throated_Babbler/24.wav,Puff-throated_Babbler,3.0,6.0
../ibc53/Puff-throated_Babbler/24.wav,Puff-throated_Babbler,6.0,9.0
../ibc53/Puff-throated_Babbler/91.wav,Puff-throated_Babbler,0,3.0
../ibc53/Puff-throated_Babbler/91.wav,Puff-throated_Babbler,3.0,6.0
../ibc53/Puff-throated_Babbler/91.wav,Puff-throated_Babbler,6.0,9.0
../ibc53/Puff-throated_Babbler/91.wav,Puff-throated_Babbler,9.0,12.0
../ibc53/Puff-throated_Babbler/91.wav,Puff-throated_Babbler,12.0,15.0
../ibc53/Puff-throated_Babbler/91.wav,Puff-throated_Babbler,15.0,18.0
../ibc53/Puff-throated_Babbler/91.wav,Puff-throated_Babbler,18.0,21.0
../ibc53/Puff-throated_Babbler/91.wav,Puff-throated_Babbler,21.0,24.0
../ibc53/Puff-throated_Babbler/91.wav,Puff-throated_Babbler,24.0,27.0
../ibc53/Puff-throated_Babbler/91.wav,Puff-throated_Babbler,27.0,30.0
../ibc53/Puff-throated_Babbler/91.wav,Puff-throated_Babbler,30.0,33.0
../ibc53/Puff-throated_Babbler/31.wav,Puff-throated_Babbler,0,3.0
../ibc53/Puff-throated_Babbler/17.wav,Puff-throated_Babbler,0,3.0
../ibc53/Puff-throated_Babbler/17.wav,Puff-throated_Babbler,3.0,6.0
../ibc53/Puff-throated_Babbler/17.wav,Puff-throated_Babbler,6.0,9.0
../ibc53/Puff-throated_Babbler/17.wav,Puff-throated_Babbler,9.0,12.0
../ibc53/Puff-throated_Babbler/17.wav,Puff-throated_Babbler,12.0,15.0
../ibc53/Puff-throated_Babbler/17.wav,Puff-throated_Babbler,15.0,18.0
../ibc53/Puff-throated_Babbler/17.wav,Puff-throated_Babbler,18.0,21.0
../ibc53/Puff-throated_Babbler/17.wav,Puff-throated_Babbler,21.0,24.0
../ibc53/Puff-throated_Babbler/17.wav,Puff-throated_Babbler,24.0,27.0
../ibc53/Puff-throated_Babbler/17.wav,Puff-throated_Babbler,27.0,30.0
../ibc53/Puff-throated_Babbler/17.wav,Puff-throated_Babbler,30.0,33.0
../ibc53/Puff-throated_Babbler/17.wav,Puff-throated_Babbler,33.0,36.0
../ibc53/Puff-throated_Babbler/17.wav,Puff-throated_Babbler,36.0,39.0
../ibc53/Puff-throated_Babbler/17.wav,Puff-throated_Babbler,39.0,42.0
../ibc53/Puff-throated_Babbler/17.wav,Puff-throated_Babbler,42.0,45.0
../ibc53/Puff-throated_Babbler/17.wav,Puff-throated_Babbler,45.0,48.0
../ibc53/Puff-throated_Babbler/17.wav,Puff-throated_Babbler,48.0,51.0
../ibc53/Puff-throated_Babbler/17.wav,Puff-throated_Babbler,51.0,54.0
../ibc53/Puff-throated_Babbler/17.wav,Puff-throated_Babbler,54.0,57.0
../ibc53/Puff-throated_Babbler/17.wav,Puff-throated_Babbler,57.0,60.0
../ibc53/Puff-throated_Babbler/17.wav,Puff-throated_Babbler,60.0,63.0
../ibc53/Puff-throated_Babbler/17.wav,Puff-throated_Babbler,63.0,66.0
../ibc53/Puff-throated_Babbler/17.wav,Puff-throated_Babbler,66.0,69.0
../ibc53/Puff-throated_Babbler/17.wav,Puff-throated_Babbler,69.0,72.0
../ibc53/Puff-throated_Babbler/17.wav,Puff-throated_Babbler,72.0,75.0
../ibc53/Puff-throated_Babbler/17.wav,Puff-throated_Babbler,75.0,78.0
../ibc53/Puff-throated_Babbler/17.wav,Puff-throated_Babbler,78.0,81.0
../ibc53/Puff-throated_Babbler/17.wav,Puff-throated_Babbler,81.0,84.0
../ibc53/Puff-throated_Babbler/17.wav,Puff-throated_Babbler,84.0,87.0
../ibc53/Puff-throated_Babbler/17.wav,Puff-throated_Babbler,87.0,90.0
../ibc53/Puff-throated_Babbler/60.wav,Puff-throated_Babbler,0,3.0
../ibc53/Puff-throated_Babbler/60.wav,Puff-throated_Babbler,3.0,6.0
../ibc53/Puff-throated_Babbler/60.wav,Puff-throated_Babbler,6.0,9.0
../ibc53/Puff-throated_Babbler/60.wav,Puff-throated_Babbler,9.0,12.0
../ibc53/Puff-throated_Babbler/60.wav,Puff-throated_Babbler,12.0,15.0
../ibc53/Puff-throated_Babbler/60.wav,Puff-throated_Babbler,15.0,18.0
../ibc53/Puff-throated_Babbler/60.wav,Puff-throated_Babbler,18.0,21.0
../ibc53/Puff-throated_Babbler/70.wav,Puff-throated_Babbler,0,3.0
../ibc53/Puff-throated_Babbler/70.wav,Puff-throated_Babbler,3.0,6.0
../ibc53/Puff-throated_Babbler/70.wav,Puff-throated_Babbler,6.0,9.0
../ibc53/Puff-throated_Babbler/70.wav,Puff-throated_Babbler,9.0,12.0
../ibc53/Puff-throated_Babbler/70.wav,Puff-throated_Babbler,12.0,15.0
../ibc53/Puff-throated_Babbler/70.wav,Puff-throated_Babbler,15.0,18.0
../ibc53/Puff-throated_Babbler/70.wav,Puff-throated_Babbler,18.0,21.0
../ibc53/Puff-throated_Babbler/70.wav,Puff-throated_Babbler,21.0,24.0
../ibc53/Puff-throated_Babbler/70.wav,Puff-throated_Babbler,24.0,27.0
../ibc53/Puff-throated_Babbler/70.wav,Puff-throated_Babbler,27.0,30.0
../ibc53/Puff-throated_Babbler/70.wav,Puff-throated_Babbler,30.0,33.0
../ibc53/Puff-throated_Babbler/70.wav,Puff-throated_Babbler,33.0,36.0
../ibc53/Puff-throated_Babbler/70.wav,Puff-throated_Babbler,36.0,39.0
../ibc53/Puff-throated_Babbler/1.wav,Puff-throated_Babbler,0,3.0
../ibc53/Puff-throated_Babbler/1.wav,Puff-throated_Babbler,3.0,6.0
../ibc53/Puff-throated_Babbler/1.wav,Puff-throated_Babbler,6.0,9.0
../ibc53/Puff-throated_Babbler/1.wav,Puff-throated_Babbler,9.0,12.0
../ibc53/Puff-throated_Babbler/1.wav,Puff-throated_Babbler,12.0,15.0
../ibc53/Puff-throated_Babbler/1.wav,Puff-throated_Babbler,15.0,18.0
../ibc53/Puff-throated_Babbler/33.wav,Puff-throated_Babbler,0,3.0
../ibc53/Puff-throated_Babbler/33.wav,Puff-throated_Babbler,3.0,6.0
../ibc53/Puff-throated_Babbler/33.wav,Puff-throated_Babbler,6.0,9.0
../ibc53/Puff-throated_Babbler/33.wav,Puff-throated_Babbler,9.0,12.0
../ibc53/Puff-throated_Babbler/33.wav,Puff-throated_Babbler,12.0,15.0
../ibc53/Puff-throated_Babbler/33.wav,Puff-throated_Babbler,15.0,18.0
../ibc53/Puff-throated_Babbler/13.wav,Puff-throated_Babbler,0,3.0
../ibc53/Puff-throated_Babbler/13.wav,Puff-throated_Babbler,3.0,6.0
../ibc53/Puff-throated_Babbler/13.wav,Puff-throated_Babbler,6.0,9.0
../ibc53/Puff-throated_Babbler/13.wav,Puff-throated_Babbler,9.0,12.0
../ibc53/Puff-throated_Babbler/13.wav,Puff-throated_Babbler,12.0,15.0
../ibc53/Puff-throated_Babbler/13.wav,Puff-throated_Babbler,15.0,18.0
../ibc53/Puff-throated_Babbler/69.wav,Puff-throated_Babbler,0,3.0
../ibc53/Puff-throated_Babbler/69.wav,Puff-throated_Babbler,3.0,6.0
../ibc53/Puff-throated_Babbler/69.wav,Puff-throated_Babbler,6.0,9.0
../ibc53/Puff-throated_Babbler/69.wav,Puff-throated_Babbler,9.0,12.0
../ibc53/Puff-throated_Babbler/69.wav,Puff-throated_Babbler,12.0,15.0
../ibc53/Puff-throated_Babbler/69.wav,Puff-throated_Babbler,15.0,18.0
../ibc53/Puff-throated_Babbler/69.wav,Puff-throated_Babbler,18.0,21.0
../ibc53/Puff-throated_Babbler/69.wav,Puff-throated_Babbler,21.0,24.0
../ibc53/Puff-throated_Babbler/69.wav,Puff-throated_Babbler,24.0,27.0
../ibc53/Puff-throated_Babbler/69.wav,Puff-throated_Babbler,27.0,30.0
../ibc53/Puff-throated_Babbler/69.wav,Puff-throated_Babbler,30.0,33.0
../ibc53/Puff-throated_Babbler/69.wav,Puff-throated_Babbler,33.0,36.0
../ibc53/Puff-throated_Babbler/69.wav,Puff-throated_Babbler,36.0,39.0
../ibc53/Puff-throated_Babbler/69.wav,Puff-throated_Babbler,39.0,42.0
../ibc53/Puff-throated_Babbler/69.wav,Puff-throated_Babbler,42.0,45.0
../ibc53/Puff-throated_Babbler/69.wav,Puff-throated_Babbler,45.0,48.0
../ibc53/Puff-throated_Babbler/69.wav,Puff-throated_Babbler,48.0,51.0
../ibc53/Puff-throated_Babbler/69.wav,Puff-throated_Babbler,51.0,54.0
../ibc53/Puff-throated_Babbler/69.wav,Puff-throated_Babbler,54.0,57.0
../ibc53/Puff-throated_Babbler/69.wav,Puff-throated_Babbler,57.0,60.0
../ibc53/Puff-throated_Babbler/69.wav,Puff-throated_Babbler,60.0,63.0
../ibc53/Puff-throated_Babbler/69.wav,Puff-throated_Babbler,63.0,66.0
../ibc53/Puff-throated_Babbler/69.wav,Puff-throated_Babbler,66.0,69.0
../ibc53/Puff-throated_Babbler/69.wav,Puff-throated_Babbler,69.0,72.0
../ibc53/Puff-throated_Babbler/69.wav,Puff-throated_Babbler,72.0,75.0
../ibc53/Puff-throated_Babbler/69.wav,Puff-throated_Babbler,75.0,78.0
../ibc53/Puff-throated_Babbler/69.wav,Puff-throated_Babbler,78.0,81.0
../ibc53/Puff-throated_Babbler/69.wav,Puff-throated_Babbler,81.0,84.0
../ibc53/Puff-throated_Babbler/69.wav,Puff-throated_Babbler,84.0,87.0
../ibc53/Puff-throated_Babbler/69.wav,Puff-throated_Babbler,87.0,90.0
../ibc53/Puff-throated_Babbler/69.wav,Puff-throated_Babbler,90.0,93.0
../ibc53/Puff-throated_Babbler/69.wav,Puff-throated_Babbler,93.0,96.0
../ibc53/Puff-throated_Babbler/69.wav,Puff-throated_Babbler,96.0,99.0
../ibc53/Puff-throated_Babbler/69.wav,Puff-throated_Babbler,99.0,102.0
../ibc53/Puff-throated_Babbler/46.wav,Puff-throated_Babbler,0,3.0
../ibc53/Puff-throated_Babbler/46.wav,Puff-throated_Babbler,3.0,6.0
../ibc53/Puff-throated_Babbler/46.wav,Puff-throated_Babbler,6.0,9.0
../ibc53/Puff-throated_Babbler/46.wav,Puff-throated_Babbler,9.0,12.0
../ibc53/Puff-throated_Babbler/26.wav,Puff-throated_Babbler,0,3.0
../ibc53/Puff-throated_Babbler/26.wav,Puff-throated_Babbler,3.0,6.0
../ibc53/Puff-throated_Babbler/26.wav,Puff-throated_Babbler,6.0,9.0
../ibc53/Puff-throated_Babbler/26.wav,Puff-throated_Babbler,9.0,12.0
../ibc53/Puff-throated_Babbler/26.wav,Puff-throated_Babbler,12.0,15.0
../ibc53/Puff-throated_Babbler/26.wav,Puff-throated_Babbler,15.0,18.0
../ibc53/Puff-throated_Babbler/26.wav,Puff-throated_Babbler,18.0,21.0
../ibc53/Puff-throated_Babbler/26.wav,Puff-throated_Babbler,21.0,24.0
../ibc53/Puff-throated_Babbler/26.wav,Puff-throated_Babbler,24.0,27.0
../ibc53/Puff-throated_Babbler/26.wav,Puff-throated_Babbler,27.0,30.0
../ibc53/Puff-throated_Babbler/26.wav,Puff-throated_Babbler,30.0,33.0
../ibc53/Puff-throated_Babbler/26.wav,Puff-throated_Babbler,33.0,36.0
../ibc53/Puff-throated_Babbler/26.wav,Puff-throated_Babbler,36.0,39.0
../ibc53/Puff-throated_Babbler/26.wav,Puff-throated_Babbler,39.0,42.0
../ibc53/Puff-throated_Babbler/26.wav,Puff-throated_Babbler,42.0,45.0
../ibc53/Puff-throated_Babbler/26.wav,Puff-throated_Babbler,45.0,48.0
../ibc53/Puff-throated_Babbler/26.wav,Puff-throated_Babbler,48.0,51.0
../ibc53/Puff-throated_Babbler/26.wav,Puff-throated_Babbler,51.0,54.0
../ibc53/Puff-throated_Babbler/26.wav,Puff-throated_Babbler,54.0,57.0
../ibc53/Puff-throated_Babbler/26.wav,Puff-throated_Babbler,57.0,60.0
../ibc53/Puff-throated_Babbler/26.wav,Puff-throated_Babbler,60.0,63.0
../ibc53/Puff-throated_Babbler/26.wav,Puff-throated_Babbler,63.0,66.0
../ibc53/Puff-throated_Babbler/26.wav,Puff-throated_Babbler,66.0,69.0
../ibc53/Puff-throated_Babbler/26.wav,Puff-throated_Babbler,69.0,72.0
../ibc53/Puff-throated_Babbler/26.wav,Puff-throated_Babbler,72.0,75.0
../ibc53/Puff-throated_Babbler/26.wav,Puff-throated_Babbler,75.0,78.0
../ibc53/Puff-throated_Babbler/26.wav,Puff-throated_Babbler,78.0,81.0
../ibc53/Puff-throated_Babbler/26.wav,Puff-throated_Babbler,81.0,84.0
../ibc53/Puff-throated_Babbler/26.wav,Puff-throated_Babbler,84.0,87.0
../ibc53/Puff-throated_Babbler/26.wav,Puff-throated_Babbler,87.0,90.0
../ibc53/Puff-throated_Babbler/26.wav,Puff-throated_Babbler,90.0,93.0
../ibc53/Puff-throated_Babbler/16.wav,Puff-throated_Babbler,0,3.0
../ibc53/Puff-throated_Babbler/16.wav,Puff-throated_Babbler,3.0,6.0
../ibc53/Puff-throated_Babbler/16.wav,Puff-throated_Babbler,6.0,9.0
../ibc53/Puff-throated_Babbler/16.wav,Puff-throated_Babbler,9.0,12.0
../ibc53/Puff-throated_Babbler/16.wav,Puff-throated_Babbler,12.0,15.0
../ibc53/Puff-throated_Babbler/16.wav,Puff-throated_Babbler,15.0,18.0
../ibc53/Puff-throated_Babbler/16.wav,Puff-throated_Babbler,18.0,21.0
../ibc53/Puff-throated_Babbler/16.wav,Puff-throated_Babbler,21.0,24.0
../ibc53/Puff-throated_Babbler/16.wav,Puff-throated_Babbler,24.0,27.0
../ibc53/Puff-throated_Babbler/16.wav,Puff-throated_Babbler,27.0,30.0
../ibc53/Puff-throated_Babbler/16.wav,Puff-throated_Babbler,30.0,33.0
../ibc53/Puff-throated_Babbler/16.wav,Puff-throated_Babbler,33.0,36.0
../ibc53/Puff-throated_Babbler/16.wav,Puff-throated_Babbler,36.0,39.0
../ibc53/Puff-throated_Babbler/16.wav,Puff-throated_Babbler,39.0,42.0
../ibc53/Puff-throated_Babbler/16.wav,Puff-throated_Babbler,42.0,45.0
../ibc53/Puff-throated_Babbler/16.wav,Puff-throated_Babbler,45.0,48.0
../ibc53/Puff-throated_Babbler/16.wav,Puff-throated_Babbler,48.0,51.0
../ibc53/Puff-throated_Babbler/16.wav,Puff-throated_Babbler,51.0,54.0
../ibc53/Puff-throated_Babbler/16.wav,Puff-throated_Babbler,54.0,57.0
../ibc53/Puff-throated_Babbler/16.wav,Puff-throated_Babbler,57.0,60.0
../ibc53/Puff-throated_Babbler/16.wav,Puff-throated_Babbler,60.0,63.0
../ibc53/Puff-throated_Babbler/16.wav,Puff-throated_Babbler,63.0,66.0
../ibc53/Puff-throated_Babbler/16.wav,Puff-throated_Babbler,66.0,69.0
../ibc53/Puff-throated_Babbler/16.wav,Puff-throated_Babbler,69.0,72.0
../ibc53/Puff-throated_Babbler/16.wav,Puff-throated_Babbler,72.0,75.0
../ibc53/Puff-throated_Babbler/16.wav,Puff-throated_Babbler,75.0,78.0
../ibc53/Puff-throated_Babbler/16.wav,Puff-throated_Babbler,78.0,81.0
../ibc53/Puff-throated_Babbler/16.wav,Puff-throated_Babbler,81.0,84.0
../ibc53/Puff-throated_Babbler/16.wav,Puff-throated_Babbler,84.0,87.0
../ibc53/Puff-throated_Babbler/16.wav,Puff-throated_Babbler,87.0,90.0
../ibc53/Puff-throated_Babbler/16.wav,Puff-throated_Babbler,90.0,93.0
../ibc53/Puff-throated_Babbler/16.wav,Puff-throated_Babbler,93.0,96.0
../ibc53/Puff-throated_Babbler/16.wav,Puff-throated_Babbler,96.0,99.0
../ibc53/Puff-throated_Babbler/16.wav,Puff-throated_Babbler,99.0,102.0
../ibc53/Puff-throated_Babbler/16.wav,Puff-throated_Babbler,102.0,105.0
../ibc53/Puff-throated_Babbler/16.wav,Puff-throated_Babbler,105.0,108.0
../ibc53/Puff-throated_Babbler/16.wav,Puff-throated_Babbler,108.0,111.0
../ibc53/Puff-throated_Babbler/16.wav,Puff-throated_Babbler,111.0,114.0
../ibc53/Puff-throated_Babbler/16.wav,Puff-throated_Babbler,114.0,117.0
../ibc53/Puff-throated_Babbler/16.wav,Puff-throated_Babbler,117.0,120.0
../ibc53/Puff-throated_Babbler/16.wav,Puff-throated_Babbler,120.0,123.0
../ibc53/Puff-throated_Babbler/16.wav,Puff-throated_Babbler,123.0,126.0
../ibc53/Puff-throated_Babbler/16.wav,Puff-throated_Babbler,126.0,129.0
../ibc53/Puff-throated_Babbler/58.wav,Puff-throated_Babbler,0,3.0
../ibc53/Puff-throated_Babbler/58.wav,Puff-throated_Babbler,3.0,6.0
../ibc53/Puff-throated_Babbler/58.wav,Puff-throated_Babbler,6.0,9.0
../ibc53/Puff-throated_Babbler/58.wav,Puff-throated_Babbler,9.0,12.0
../ibc53/Puff-throated_Babbler/58.wav,Puff-throated_Babbler,12.0,15.0
../ibc53/Puff-throated_Babbler/58.wav,Puff-throated_Babbler,15.0,18.0
../ibc53/Puff-throated_Babbler/58.wav,Puff-throated_Babbler,18.0,21.0
../ibc53/Puff-throated_Babbler/58.wav,Puff-throated_Babbler,21.0,24.0
../ibc53/Puff-throated_Babbler/83.wav,Puff-throated_Babbler,0,3.0
../ibc53/Puff-throated_Babbler/83.wav,Puff-throated_Babbler,3.0,6.0
../ibc53/Puff-throated_Babbler/83.wav,Puff-throated_Babbler,6.0,9.0
../ibc53/Puff-throated_Babbler/83.wav,Puff-throated_Babbler,9.0,12.0
../ibc53/Puff-throated_Babbler/83.wav,Puff-throated_Babbler,12.0,15.0
../ibc53/Puff-throated_Babbler/83.wav,Puff-throated_Babbler,15.0,18.0
../ibc53/Puff-throated_Babbler/83.wav,Puff-throated_Babbler,18.0,21.0
../ibc53/Puff-throated_Babbler/83.wav,Puff-throated_Babbler,21.0,24.0
../ibc53/Puff-throated_Babbler/83.wav,Puff-throated_Babbler,24.0,27.0
../ibc53/Puff-throated_Babbler/83.wav,Puff-throated_Babbler,27.0,30.0
../ibc53/Puff-throated_Babbler/83.wav,Puff-throated_Babbler,30.0,33.0
../ibc53/Puff-throated_Babbler/83.wav,Puff-throated_Babbler,33.0,36.0
../ibc53/Puff-throated_Babbler/83.wav,Puff-throated_Babbler,36.0,39.0
../ibc53/Puff-throated_Babbler/83.wav,Puff-throated_Babbler,39.0,42.0
../ibc53/Puff-throated_Babbler/83.wav,Puff-throated_Babbler,42.0,45.0
../ibc53/Puff-throated_Babbler/83.wav,Puff-throated_Babbler,45.0,48.0
../ibc53/Puff-throated_Babbler/83.wav,Puff-throated_Babbler,48.0,51.0
../ibc53/Puff-throated_Babbler/83.wav,Puff-throated_Babbler,51.0,54.0
../ibc53/Puff-throated_Babbler/83.wav,Puff-throated_Babbler,54.0,57.0
../ibc53/Puff-throated_Babbler/36.wav,Puff-throated_Babbler,0,3.0
../ibc53/Puff-throated_Babbler/36.wav,Puff-throated_Babbler,3.0,6.0
../ibc53/Puff-throated_Babbler/36.wav,Puff-throated_Babbler,6.0,9.0
../ibc53/Puff-throated_Babbler/36.wav,Puff-throated_Babbler,9.0,12.0
../ibc53/Puff-throated_Babbler/36.wav,Puff-throated_Babbler,12.0,15.0
../ibc53/Puff-throated_Babbler/73.wav,Puff-throated_Babbler,0,3.0
../ibc53/Puff-throated_Babbler/73.wav,Puff-throated_Babbler,3.0,6.0
../ibc53/Puff-throated_Babbler/73.wav,Puff-throated_Babbler,6.0,9.0
../ibc53/Puff-throated_Babbler/73.wav,Puff-throated_Babbler,9.0,12.0
../ibc53/Puff-throated_Babbler/73.wav,Puff-throated_Babbler,12.0,15.0
../ibc53/Puff-throated_Babbler/73.wav,Puff-throated_Babbler,15.0,18.0
../ibc53/Puff-throated_Babbler/73.wav,Puff-throated_Babbler,18.0,21.0
../ibc53/Puff-throated_Babbler/73.wav,Puff-throated_Babbler,21.0,24.0
../ibc53/Puff-throated_Babbler/73.wav,Puff-throated_Babbler,24.0,27.0
../ibc53/Puff-throated_Babbler/73.wav,Puff-throated_Babbler,27.0,30.0
../ibc53/Puff-throated_Babbler/73.wav,Puff-throated_Babbler,30.0,33.0
../ibc53/Puff-throated_Babbler/73.wav,Puff-throated_Babbler,33.0,36.0
../ibc53/Puff-throated_Babbler/73.wav,Puff-throated_Babbler,36.0,39.0
../ibc53/Puff-throated_Babbler/73.wav,Puff-throated_Babbler,39.0,42.0
../ibc53/Puff-throated_Babbler/73.wav,Puff-throated_Babbler,42.0,45.0
../ibc53/Puff-throated_Babbler/73.wav,Puff-throated_Babbler,45.0,48.0
../ibc53/Puff-throated_Babbler/73.wav,Puff-throated_Babbler,48.0,51.0
../ibc53/Puff-throated_Babbler/73.wav,Puff-throated_Babbler,51.0,54.0
../ibc53/Puff-throated_Babbler/73.wav,Puff-throated_Babbler,54.0,57.0
../ibc53/Puff-throated_Babbler/20.wav,Puff-throated_Babbler,0,3.0
../ibc53/Puff-throated_Babbler/20.wav,Puff-throated_Babbler,3.0,6.0
../ibc53/Puff-throated_Babbler/20.wav,Puff-throated_Babbler,6.0,9.0
../ibc53/Puff-throated_Babbler/20.wav,Puff-throated_Babbler,9.0,12.0
../ibc53/Puff-throated_Babbler/20.wav,Puff-throated_Babbler,12.0,15.0
../ibc53/Puff-throated_Babbler/20.wav,Puff-throated_Babbler,15.0,18.0
../ibc53/Puff-throated_Babbler/64.wav,Puff-throated_Babbler,0,3.0
../ibc53/Puff-throated_Babbler/64.wav,Puff-throated_Babbler,3.0,6.0
../ibc53/Puff-throated_Babbler/64.wav,Puff-throated_Babbler,6.0,9.0
../ibc53/Puff-throated_Babbler/64.wav,Puff-throated_Babbler,9.0,12.0
../ibc53/Puff-throated_Babbler/64.wav,Puff-throated_Babbler,12.0,15.0
../ibc53/Puff-throated_Babbler/64.wav,Puff-throated_Babbler,15.0,18.0
../ibc53/Puff-throated_Babbler/64.wav,Puff-throated_Babbler,18.0,21.0
../ibc53/Puff-throated_Babbler/64.wav,Puff-throated_Babbler,21.0,24.0
../ibc53/Puff-throated_Babbler/64.wav,Puff-throated_Babbler,24.0,27.0
../ibc53/Puff-throated_Babbler/64.wav,Puff-throated_Babbler,27.0,30.0
../ibc53/Puff-throated_Babbler/64.wav,Puff-throated_Babbler,30.0,33.0
../ibc53/Puff-throated_Babbler/64.wav,Puff-throated_Babbler,33.0,36.0
../ibc53/Puff-throated_Babbler/64.wav,Puff-throated_Babbler,36.0,39.0
../ibc53/Puff-throated_Babbler/64.wav,Puff-throated_Babbler,39.0,42.0
../ibc53/Puff-throated_Babbler/64.wav,Puff-throated_Babbler,42.0,45.0
../ibc53/Puff-throated_Babbler/64.wav,Puff-throated_Babbler,45.0,48.0
../ibc53/Puff-throated_Babbler/64.wav,Puff-throated_Babbler,48.0,51.0
../ibc53/Puff-throated_Babbler/28.wav,Puff-throated_Babbler,0,3.0
../ibc53/Puff-throated_Babbler/28.wav,Puff-throated_Babbler,3.0,6.0
../ibc53/Puff-throated_Babbler/28.wav,Puff-throated_Babbler,6.0,9.0
../ibc53/Puff-throated_Babbler/28.wav,Puff-throated_Babbler,9.0,12.0
../ibc53/Puff-throated_Babbler/28.wav,Puff-throated_Babbler,12.0,15.0
../ibc53/Puff-throated_Babbler/28.wav,Puff-throated_Babbler,15.0,18.0
../ibc53/Puff-throated_Babbler/28.wav,Puff-throated_Babbler,18.0,21.0
../ibc53/Puff-throated_Babbler/85.wav,Puff-throated_Babbler,0,3.0
../ibc53/Puff-throated_Babbler/85.wav,Puff-throated_Babbler,3.0,6.0
../ibc53/Puff-throated_Babbler/85.wav,Puff-throated_Babbler,6.0,9.0
../ibc53/Puff-throated_Babbler/85.wav,Puff-throated_Babbler,9.0,12.0
../ibc53/Puff-throated_Babbler/85.wav,Puff-throated_Babbler,12.0,15.0
../ibc53/Puff-throated_Babbler/85.wav,Puff-throated_Babbler,15.0,18.0
../ibc53/Puff-throated_Babbler/85.wav,Puff-throated_Babbler,18.0,21.0
../ibc53/Puff-throated_Babbler/55.wav,Puff-throated_Babbler,0,3.0
../ibc53/Puff-throated_Babbler/55.wav,Puff-throated_Babbler,3.0,6.0
../ibc53/Puff-throated_Babbler/81.wav,Puff-throated_Babbler,0,3.0
../ibc53/Puff-throated_Babbler/81.wav,Puff-throated_Babbler,3.0,6.0
../ibc53/Puff-throated_Babbler/81.wav,Puff-throated_Babbler,6.0,9.0
../ibc53/Puff-throated_Babbler/81.wav,Puff-throated_Babbler,9.0,12.0
../ibc53/Puff-throated_Babbler/47.wav,Puff-throated_Babbler,0,3.0
../ibc53/Puff-throated_Babbler/47.wav,Puff-throated_Babbler,3.0,6.0
../ibc53/Puff-throated_Babbler/47.wav,Puff-throated_Babbler,6.0,9.0
../ibc53/Puff-throated_Babbler/47.wav,Puff-throated_Babbler,9.0,12.0
../ibc53/Puff-throated_Babbler/51.wav,Puff-throated_Babbler,0,3.0
../ibc53/Puff-throated_Babbler/51.wav,Puff-throated_Babbler,3.0,6.0
../ibc53/Puff-throated_Babbler/51.wav,Puff-throated_Babbler,6.0,9.0
../ibc53/Puff-throated_Babbler/51.wav,Puff-throated_Babbler,9.0,12.0
../ibc53/Puff-throated_Babbler/51.wav,Puff-throated_Babbler,12.0,15.0
../ibc53/Puff-throated_Babbler/51.wav,Puff-throated_Babbler,15.0,18.0
../ibc53/Puff-throated_Babbler/51.wav,Puff-throated_Babbler,18.0,21.0
../ibc53/Puff-throated_Babbler/72.wav,Puff-throated_Babbler,0,3.0
../ibc53/Puff-throated_Babbler/72.wav,Puff-throated_Babbler,3.0,6.0
../ibc53/Puff-throated_Babbler/72.wav,Puff-throated_Babbler,6.0,9.0
../ibc53/Puff-throated_Babbler/72.wav,Puff-throated_Babbler,9.0,12.0
../ibc53/Puff-throated_Babbler/72.wav,Puff-throated_Babbler,12.0,15.0
../ibc53/Puff-throated_Babbler/72.wav,Puff-throated_Babbler,15.0,18.0
../ibc53/Puff-throated_Babbler/21.wav,Puff-throated_Babbler,0,3.0
../ibc53/Puff-throated_Babbler/21.wav,Puff-throated_Babbler,3.0,6.0
../ibc53/Puff-throated_Babbler/21.wav,Puff-throated_Babbler,6.0,9.0
../ibc53/Puff-throated_Babbler/21.wav,Puff-throated_Babbler,9.0,12.0
../ibc53/Puff-throated_Babbler/21.wav,Puff-throated_Babbler,12.0,15.0
../ibc53/Puff-throated_Babbler/21.wav,Puff-throated_Babbler,15.0,18.0
../ibc53/Puff-throated_Babbler/39.wav,Puff-throated_Babbler,0,3.0
../ibc53/Puff-throated_Babbler/39.wav,Puff-throated_Babbler,3.0,6.0
../ibc53/Puff-throated_Babbler/39.wav,Puff-throated_Babbler,6.0,9.0
../ibc53/Puff-throated_Babbler/39.wav,Puff-throated_Babbler,9.0,12.0
../ibc53/Puff-throated_Babbler/39.wav,Puff-throated_Babbler,12.0,15.0
../ibc53/Puff-throated_Babbler/39.wav,Puff-throated_Babbler,15.0,18.0
../ibc53/Puff-throated_Babbler/39.wav,Puff-throated_Babbler,18.0,21.0
../ibc53/Puff-throated_Babbler/39.wav,Puff-throated_Babbler,21.0,24.0
../ibc53/Puff-throated_Babbler/39.wav,Puff-throated_Babbler,24.0,27.0
../ibc53/Puff-throated_Babbler/12.wav,Puff-throated_Babbler,0,3.0
../ibc53/Puff-throated_Babbler/12.wav,Puff-throated_Babbler,3.0,6.0
../ibc53/Puff-throated_Babbler/12.wav,Puff-throated_Babbler,6.0,9.0
../ibc53/Puff-throated_Babbler/12.wav,Puff-throated_Babbler,9.0,12.0
../ibc53/Puff-throated_Babbler/12.wav,Puff-throated_Babbler,12.0,15.0
../ibc53/Puff-throated_Babbler/12.wav,Puff-throated_Babbler,15.0,18.0
../ibc53/Puff-throated_Babbler/87.wav,Puff-throated_Babbler,0,3.0
../ibc53/Puff-throated_Babbler/87.wav,Puff-throated_Babbler,3.0,6.0
../ibc53/Puff-throated_Babbler/87.wav,Puff-throated_Babbler,6.0,9.0
../ibc53/Puff-throated_Babbler/87.wav,Puff-throated_Babbler,9.0,12.0
../ibc53/Puff-throated_Babbler/87.wav,Puff-throated_Babbler,12.0,15.0
../ibc53/Puff-throated_Babbler/87.wav,Puff-throated_Babbler,15.0,18.0
../ibc53/Puff-throated_Babbler/87.wav,Puff-throated_Babbler,18.0,21.0
../ibc53/Puff-throated_Babbler/87.wav,Puff-throated_Babbler,21.0,24.0
../ibc53/Puff-throated_Babbler/87.wav,Puff-throated_Babbler,24.0,27.0
../ibc53/Puff-throated_Babbler/87.wav,Puff-throated_Babbler,27.0,30.0
../ibc53/Puff-throated_Babbler/87.wav,Puff-throated_Babbler,30.0,33.0
../ibc53/Puff-throated_Babbler/87.wav,Puff-throated_Babbler,33.0,36.0
../ibc53/Puff-throated_Babbler/87.wav,Puff-throated_Babbler,36.0,39.0
../ibc53/Puff-throated_Babbler/87.wav,Puff-throated_Babbler,39.0,42.0
../ibc53/Puff-throated_Babbler/87.wav,Puff-throated_Babbler,42.0,45.0
../ibc53/Puff-throated_Babbler/87.wav,Puff-throated_Babbler,45.0,48.0
../ibc53/Puff-throated_Babbler/87.wav,Puff-throated_Babbler,48.0,51.0
../ibc53/Puff-throated_Babbler/87.wav,Puff-throated_Babbler,51.0,54.0
../ibc53/Puff-throated_Babbler/87.wav,Puff-throated_Babbler,54.0,57.0
../ibc53/Puff-throated_Babbler/87.wav,Puff-throated_Babbler,57.0,60.0
../ibc53/Puff-throated_Babbler/87.wav,Puff-throated_Babbler,60.0,63.0
../ibc53/Puff-throated_Babbler/87.wav,Puff-throated_Babbler,63.0,66.0
../ibc53/Puff-throated_Babbler/87.wav,Puff-throated_Babbler,66.0,69.0
../ibc53/Puff-throated_Babbler/87.wav,Puff-throated_Babbler,69.0,72.0
../ibc53/Puff-throated_Babbler/87.wav,Puff-throated_Babbler,72.0,75.0
../ibc53/Puff-throated_Babbler/87.wav,Puff-throated_Babbler,75.0,78.0
../ibc53/Puff-throated_Babbler/87.wav,Puff-throated_Babbler,78.0,81.0
../ibc53/Puff-throated_Babbler/87.wav,Puff-throated_Babbler,81.0,84.0
../ibc53/Puff-throated_Babbler/87.wav,Puff-throated_Babbler,84.0,87.0
../ibc53/Puff-throated_Babbler/87.wav,Puff-throated_Babbler,87.0,90.0
../ibc53/Puff-throated_Babbler/87.wav,Puff-throated_Babbler,90.0,93.0
../ibc53/Puff-throated_Babbler/87.wav,Puff-throated_Babbler,93.0,96.0
../ibc53/Puff-throated_Babbler/87.wav,Puff-throated_Babbler,96.0,99.0
../ibc53/Puff-throated_Babbler/87.wav,Puff-throated_Babbler,99.0,102.0
../ibc53/Puff-throated_Babbler/87.wav,Puff-throated_Babbler,102.0,105.0
../ibc53/Puff-throated_Babbler/87.wav,Puff-throated_Babbler,105.0,108.0
../ibc53/Puff-throated_Babbler/87.wav,Puff-throated_Babbler,108.0,111.0
../ibc53/Puff-throated_Babbler/87.wav,Puff-throated_Babbler,111.0,114.0
../ibc53/Puff-throated_Babbler/87.wav,Puff-throated_Babbler,114.0,117.0
../ibc53/Puff-throated_Babbler/87.wav,Puff-throated_Babbler,117.0,120.0
../ibc53/Puff-throated_Babbler/87.wav,Puff-throated_Babbler,120.0,123.0
../ibc53/Puff-throated_Babbler/87.wav,Puff-throated_Babbler,123.0,126.0
../ibc53/Puff-throated_Babbler/2.wav,Puff-throated_Babbler,0,3.0
../ibc53/Puff-throated_Babbler/2.wav,Puff-throated_Babbler,3.0,6.0
../ibc53/Puff-throated_Babbler/2.wav,Puff-throated_Babbler,6.0,9.0
../ibc53/Puff-throated_Babbler/2.wav,Puff-throated_Babbler,9.0,12.0
../ibc53/Puff-throated_Babbler/2.wav,Puff-throated_Babbler,12.0,15.0
../ibc53/Puff-throated_Babbler/2.wav,Puff-throated_Babbler,15.0,18.0
../ibc53/Puff-throated_Babbler/2.wav,Puff-throated_Babbler,18.0,21.0
../ibc53/Puff-throated_Babbler/4.wav,Puff-throated_Babbler,0,3.0
../ibc53/Puff-throated_Babbler/4.wav,Puff-throated_Babbler,3.0,6.0
../ibc53/Puff-throated_Babbler/4.wav,Puff-throated_Babbler,6.0,9.0
../ibc53/Puff-throated_Babbler/4.wav,Puff-throated_Babbler,9.0,12.0
../ibc53/Puff-throated_Babbler/43.wav,Puff-throated_Babbler,0,3.0
../ibc53/Puff-throated_Babbler/43.wav,Puff-throated_Babbler,3.0,6.0
../ibc53/Puff-throated_Babbler/43.wav,Puff-throated_Babbler,6.0,9.0
../ibc53/Puff-throated_Babbler/43.wav,Puff-throated_Babbler,9.0,12.0
../ibc53/Puff-throated_Babbler/43.wav,Puff-throated_Babbler,12.0,15.0
../ibc53/Puff-throated_Babbler/43.wav,Puff-throated_Babbler,15.0,18.0
../ibc53/Puff-throated_Babbler/43.wav,Puff-throated_Babbler,18.0,21.0
../ibc53/Puff-throated_Babbler/43.wav,Puff-throated_Babbler,21.0,24.0
../ibc53/Puff-throated_Babbler/42.wav,Puff-throated_Babbler,0,3.0
../ibc53/Puff-throated_Babbler/42.wav,Puff-throated_Babbler,3.0,6.0
../ibc53/Puff-throated_Babbler/42.wav,Puff-throated_Babbler,6.0,9.0
../ibc53/Puff-throated_Babbler/42.wav,Puff-throated_Babbler,9.0,12.0
../ibc53/Puff-throated_Babbler/42.wav,Puff-throated_Babbler,12.0,15.0
../ibc53/Puff-throated_Babbler/42.wav,Puff-throated_Babbler,15.0,18.0
../ibc53/Puff-throated_Babbler/93.wav,Puff-throated_Babbler,0,3.0
../ibc53/Puff-throated_Babbler/93.wav,Puff-throated_Babbler,3.0,6.0
../ibc53/Puff-throated_Babbler/93.wav,Puff-throated_Babbler,6.0,9.0
../ibc53/Puff-throated_Babbler/93.wav,Puff-throated_Babbler,9.0,12.0
../ibc53/Puff-throated_Babbler/93.wav,Puff-throated_Babbler,12.0,15.0
../ibc53/Puff-throated_Babbler/93.wav,Puff-throated_Babbler,15.0,18.0
../ibc53/Puff-throated_Babbler/93.wav,Puff-throated_Babbler,18.0,21.0
../ibc53/Puff-throated_Babbler/93.wav,Puff-throated_Babbler,21.0,24.0
../ibc53/Puff-throated_Babbler/93.wav,Puff-throated_Babbler,24.0,27.0
../ibc53/Puff-throated_Babbler/93.wav,Puff-throated_Babbler,27.0,30.0
../ibc53/Puff-throated_Babbler/93.wav,Puff-throated_Babbler,30.0,33.0
../ibc53/Puff-throated_Babbler/93.wav,Puff-throated_Babbler,33.0,36.0
../ibc53/Puff-throated_Babbler/93.wav,Puff-throated_Babbler,36.0,39.0
../ibc53/Puff-throated_Babbler/93.wav,Puff-throated_Babbler,39.0,42.0
../ibc53/Puff-throated_Babbler/93.wav,Puff-throated_Babbler,42.0,45.0
../ibc53/Puff-throated_Babbler/97.wav,Puff-throated_Babbler,0,3.0
../ibc53/Puff-throated_Babbler/97.wav,Puff-throated_Babbler,3.0,6.0
../ibc53/Puff-throated_Babbler/97.wav,Puff-throated_Babbler,6.0,9.0
../ibc53/Puff-throated_Babbler/97.wav,Puff-throated_Babbler,9.0,12.0
../ibc53/Puff-throated_Babbler/97.wav,Puff-throated_Babbler,12.0,15.0
../ibc53/Puff-throated_Babbler/97.wav,Puff-throated_Babbler,15.0,18.0
../ibc53/Puff-throated_Babbler/97.wav,Puff-throated_Babbler,18.0,21.0
../ibc53/Puff-throated_Babbler/97.wav,Puff-throated_Babbler,21.0,24.0
../ibc53/Puff-throated_Babbler/97.wav,Puff-throated_Babbler,24.0,27.0
../ibc53/Puff-throated_Babbler/97.wav,Puff-throated_Babbler,27.0,30.0
../ibc53/Puff-throated_Babbler/97.wav,Puff-throated_Babbler,30.0,33.0
../ibc53/Puff-throated_Babbler/97.wav,Puff-throated_Babbler,33.0,36.0
../ibc53/Puff-throated_Babbler/97.wav,Puff-throated_Babbler,36.0,39.0
../ibc53/Puff-throated_Babbler/97.wav,Puff-throated_Babbler,39.0,42.0
../ibc53/Puff-throated_Babbler/27.wav,Puff-throated_Babbler,0,3.0
../ibc53/Puff-throated_Babbler/27.wav,Puff-throated_Babbler,3.0,6.0
../ibc53/Puff-throated_Babbler/27.wav,Puff-throated_Babbler,6.0,9.0
../ibc53/Puff-throated_Babbler/27.wav,Puff-throated_Babbler,9.0,12.0
../ibc53/Puff-throated_Babbler/27.wav,Puff-throated_Babbler,12.0,15.0
../ibc53/Puff-throated_Babbler/27.wav,Puff-throated_Babbler,15.0,18.0
../ibc53/Puff-throated_Babbler/27.wav,Puff-throated_Babbler,18.0,21.0
../ibc53/Puff-throated_Babbler/27.wav,Puff-throated_Babbler,21.0,24.0
../ibc53/Puff-throated_Babbler/14.wav,Puff-throated_Babbler,0,3.0
../ibc53/Puff-throated_Babbler/14.wav,Puff-throated_Babbler,3.0,6.0
../ibc53/Puff-throated_Babbler/14.wav,Puff-throated_Babbler,6.0,9.0
../ibc53/Puff-throated_Babbler/14.wav,Puff-throated_Babbler,9.0,12.0
../ibc53/Puff-throated_Babbler/14.wav,Puff-throated_Babbler,12.0,15.0
../ibc53/Puff-throated_Babbler/14.wav,Puff-throated_Babbler,15.0,18.0
../ibc53/Puff-throated_Babbler/14.wav,Puff-throated_Babbler,18.0,21.0
../ibc53/Puff-throated_Babbler/14.wav,Puff-throated_Babbler,21.0,24.0
../ibc53/Puff-throated_Babbler/14.wav,Puff-throated_Babbler,24.0,27.0
../ibc53/Puff-throated_Babbler/14.wav,Puff-throated_Babbler,27.0,30.0
../ibc53/Puff-throated_Babbler/14.wav,Puff-throated_Babbler,30.0,33.0
../ibc53/Puff-throated_Babbler/14.wav,Puff-throated_Babbler,33.0,36.0
../ibc53/Puff-throated_Babbler/14.wav,Puff-throated_Babbler,36.0,39.0
../ibc53/Puff-throated_Babbler/14.wav,Puff-throated_Babbler,39.0,42.0
../ibc53/Puff-throated_Babbler/14.wav,Puff-throated_Babbler,42.0,45.0
../ibc53/Puff-throated_Babbler/14.wav,Puff-throated_Babbler,45.0,48.0
../ibc53/Puff-throated_Babbler/14.wav,Puff-throated_Babbler,48.0,51.0
../ibc53/Puff-throated_Babbler/14.wav,Puff-throated_Babbler,51.0,54.0
../ibc53/Puff-throated_Babbler/14.wav,Puff-throated_Babbler,54.0,57.0
../ibc53/Puff-throated_Babbler/14.wav,Puff-throated_Babbler,57.0,60.0
../ibc53/Puff-throated_Babbler/14.wav,Puff-throated_Babbler,60.0,63.0
../ibc53/Puff-throated_Babbler/14.wav,Puff-throated_Babbler,63.0,66.0
../ibc53/Puff-throated_Babbler/14.wav,Puff-throated_Babbler,66.0,69.0
../ibc53/Puff-throated_Babbler/14.wav,Puff-throated_Babbler,69.0,72.0
../ibc53/Puff-throated_Babbler/75.wav,Puff-throated_Babbler,0,3.0
../ibc53/Puff-throated_Babbler/75.wav,Puff-throated_Babbler,3.0,6.0
../ibc53/Puff-throated_Babbler/75.wav,Puff-throated_Babbler,6.0,9.0
../ibc53/Puff-throated_Babbler/75.wav,Puff-throated_Babbler,9.0,12.0
../ibc53/Puff-throated_Babbler/75.wav,Puff-throated_Babbler,12.0,15.0
../ibc53/Puff-throated_Babbler/75.wav,Puff-throated_Babbler,15.0,18.0
../ibc53/Puff-throated_Babbler/75.wav,Puff-throated_Babbler,18.0,21.0
../ibc53/Puff-throated_Babbler/75.wav,Puff-throated_Babbler,21.0,24.0
../ibc53/Puff-throated_Babbler/75.wav,Puff-throated_Babbler,24.0,27.0
../ibc53/Puff-throated_Babbler/75.wav,Puff-throated_Babbler,27.0,30.0
../ibc53/Puff-throated_Babbler/75.wav,Puff-throated_Babbler,30.0,33.0
../ibc53/Puff-throated_Babbler/75.wav,Puff-throated_Babbler,33.0,36.0
../ibc53/Puff-throated_Babbler/75.wav,Puff-throated_Babbler,36.0,39.0
../ibc53/Puff-throated_Babbler/75.wav,Puff-throated_Babbler,39.0,42.0
../ibc53/Puff-throated_Babbler/75.wav,Puff-throated_Babbler,42.0,45.0
../ibc53/Puff-throated_Babbler/75.wav,Puff-throated_Babbler,45.0,48.0
../ibc53/Puff-throated_Babbler/75.wav,Puff-throated_Babbler,48.0,51.0
../ibc53/Puff-throated_Babbler/75.wav,Puff-throated_Babbler,51.0,54.0
../ibc53/Puff-throated_Babbler/75.wav,Puff-throated_Babbler,54.0,57.0
../ibc53/Puff-throated_Babbler/75.wav,Puff-throated_Babbler,57.0,60.0
../ibc53/Puff-throated_Babbler/75.wav,Puff-throated_Babbler,60.0,63.0
../ibc53/Puff-throated_Babbler/75.wav,Puff-throated_Babbler,63.0,66.0
../ibc53/Puff-throated_Babbler/75.wav,Puff-throated_Babbler,66.0,69.0
../ibc53/Puff-throated_Babbler/75.wav,Puff-throated_Babbler,69.0,72.0
../ibc53/Puff-throated_Babbler/75.wav,Puff-throated_Babbler,72.0,75.0
../ibc53/Puff-throated_Babbler/75.wav,Puff-throated_Babbler,75.0,78.0
../ibc53/Puff-throated_Babbler/75.wav,Puff-throated_Babbler,78.0,81.0
../ibc53/Puff-throated_Babbler/75.wav,Puff-throated_Babbler,81.0,84.0
../ibc53/Puff-throated_Babbler/75.wav,Puff-throated_Babbler,84.0,87.0
../ibc53/Puff-throated_Babbler/75.wav,Puff-throated_Babbler,87.0,90.0
../ibc53/Puff-throated_Babbler/75.wav,Puff-throated_Babbler,90.0,93.0
../ibc53/Puff-throated_Babbler/75.wav,Puff-throated_Babbler,93.0,96.0
../ibc53/Puff-throated_Babbler/75.wav,Puff-throated_Babbler,96.0,99.0
../ibc53/Puff-throated_Babbler/94.wav,Puff-throated_Babbler,0,3.0
../ibc53/Puff-throated_Babbler/94.wav,Puff-throated_Babbler,3.0,6.0
../ibc53/Puff-throated_Babbler/94.wav,Puff-throated_Babbler,6.0,9.0
../ibc53/Puff-throated_Babbler/94.wav,Puff-throated_Babbler,9.0,12.0
../ibc53/Puff-throated_Babbler/94.wav,Puff-throated_Babbler,12.0,15.0
../ibc53/Puff-throated_Babbler/94.wav,Puff-throated_Babbler,15.0,18.0
../ibc53/Puff-throated_Babbler/94.wav,Puff-throated_Babbler,18.0,21.0
../ibc53/Puff-throated_Babbler/94.wav,Puff-throated_Babbler,21.0,24.0
../ibc53/Puff-throated_Babbler/94.wav,Puff-throated_Babbler,24.0,27.0
../ibc53/Puff-throated_Babbler/99.wav,Puff-throated_Babbler,0,3.0
../ibc53/Puff-throated_Babbler/99.wav,Puff-throated_Babbler,3.0,6.0
../ibc53/Puff-throated_Babbler/99.wav,Puff-throated_Babbler,6.0,9.0
../ibc53/Puff-throated_Babbler/78.wav,Puff-throated_Babbler,0,3.0
../ibc53/Puff-throated_Babbler/78.wav,Puff-throated_Babbler,3.0,6.0
../ibc53/Puff-throated_Babbler/78.wav,Puff-throated_Babbler,6.0,9.0
../ibc53/Puff-throated_Babbler/78.wav,Puff-throated_Babbler,9.0,12.0
../ibc53/Puff-throated_Babbler/78.wav,Puff-throated_Babbler,12.0,15.0
../ibc53/Puff-throated_Babbler/78.wav,Puff-throated_Babbler,15.0,18.0
../ibc53/Puff-throated_Babbler/78.wav,Puff-throated_Babbler,18.0,21.0
../ibc53/Puff-throated_Babbler/78.wav,Puff-throated_Babbler,21.0,24.0
../ibc53/Puff-throated_Babbler/78.wav,Puff-throated_Babbler,24.0,27.0
../ibc53/Puff-throated_Babbler/78.wav,Puff-throated_Babbler,27.0,30.0
../ibc53/Puff-throated_Babbler/78.wav,Puff-throated_Babbler,30.0,33.0
../ibc53/Puff-throated_Babbler/78.wav,Puff-throated_Babbler,33.0,36.0
../ibc53/Puff-throated_Babbler/37.wav,Puff-throated_Babbler,0,3.0
../ibc53/Puff-throated_Babbler/37.wav,Puff-throated_Babbler,3.0,6.0
../ibc53/Puff-throated_Babbler/37.wav,Puff-throated_Babbler,6.0,9.0
../ibc53/Puff-throated_Babbler/37.wav,Puff-throated_Babbler,9.0,12.0
../ibc53/Puff-throated_Babbler/37.wav,Puff-throated_Babbler,12.0,15.0
../ibc53/Puff-throated_Babbler/37.wav,Puff-throated_Babbler,15.0,18.0
../ibc53/Puff-throated_Babbler/37.wav,Puff-throated_Babbler,18.0,21.0
../ibc53/Puff-throated_Babbler/37.wav,Puff-throated_Babbler,21.0,24.0
../ibc53/Puff-throated_Babbler/37.wav,Puff-throated_Babbler,24.0,27.0
../ibc53/Puff-throated_Babbler/37.wav,Puff-throated_Babbler,27.0,30.0
../ibc53/Puff-throated_Babbler/37.wav,Puff-throated_Babbler,30.0,33.0
../ibc53/Puff-throated_Babbler/37.wav,Puff-throated_Babbler,33.0,36.0
../ibc53/Puff-throated_Babbler/80.wav,Puff-throated_Babbler,0,3.0
../ibc53/Puff-throated_Babbler/80.wav,Puff-throated_Babbler,3.0,6.0
../ibc53/Puff-throated_Babbler/80.wav,Puff-throated_Babbler,6.0,9.0
../ibc53/Puff-throated_Babbler/80.wav,Puff-throated_Babbler,9.0,12.0
../ibc53/Puff-throated_Babbler/80.wav,Puff-throated_Babbler,12.0,15.0
../ibc53/Puff-throated_Babbler/80.wav,Puff-throated_Babbler,15.0,18.0
../ibc53/Puff-throated_Babbler/80.wav,Puff-throated_Babbler,18.0,21.0
../ibc53/Puff-throated_Babbler/80.wav,Puff-throated_Babbler,21.0,24.0
../ibc53/Puff-throated_Babbler/80.wav,Puff-throated_Babbler,24.0,27.0
../ibc53/Puff-throated_Babbler/80.wav,Puff-throated_Babbler,27.0,30.0
../ibc53/Puff-throated_Babbler/45.wav,Puff-throated_Babbler,0,3.0
../ibc53/Puff-throated_Babbler/45.wav,Puff-throated_Babbler,3.0,6.0
../ibc53/Puff-throated_Babbler/45.wav,Puff-throated_Babbler,6.0,9.0
../ibc53/Puff-throated_Babbler/45.wav,Puff-throated_Babbler,9.0,12.0
../ibc53/Puff-throated_Babbler/45.wav,Puff-throated_Babbler,12.0,15.0
../ibc53/Puff-throated_Babbler/22.wav,Puff-throated_Babbler,0,3.0
../ibc53/Puff-throated_Babbler/22.wav,Puff-throated_Babbler,3.0,6.0
../ibc53/Puff-throated_Babbler/22.wav,Puff-throated_Babbler,6.0,9.0
../ibc53/Puff-throated_Babbler/22.wav,Puff-throated_Babbler,9.0,12.0
../ibc53/Puff-throated_Babbler/22.wav,Puff-throated_Babbler,12.0,15.0
../ibc53/Puff-throated_Babbler/57.wav,Puff-throated_Babbler,0,3.0
../ibc53/Puff-throated_Babbler/57.wav,Puff-throated_Babbler,3.0,6.0
../ibc53/Puff-throated_Babbler/57.wav,Puff-throated_Babbler,6.0,9.0
../ibc53/Puff-throated_Babbler/57.wav,Puff-throated_Babbler,9.0,12.0
../ibc53/Puff-throated_Babbler/102.wav,Puff-throated_Babbler,0,3.0
../ibc53/Puff-throated_Babbler/102.wav,Puff-throated_Babbler,3.0,6.0
../ibc53/Puff-throated_Babbler/102.wav,Puff-throated_Babbler,6.0,9.0
../ibc53/Puff-throated_Babbler/102.wav,Puff-throated_Babbler,9.0,12.0
../ibc53/Puff-throated_Babbler/102.wav,Puff-throated_Babbler,12.0,15.0
../ibc53/Puff-throated_Babbler/102.wav,Puff-throated_Babbler,15.0,18.0
../ibc53/Puff-throated_Babbler/102.wav,Puff-throated_Babbler,18.0,21.0
../ibc53/Puff-throated_Babbler/102.wav,Puff-throated_Babbler,21.0,24.0
../ibc53/Puff-throated_Babbler/102.wav,Puff-throated_Babbler,24.0,27.0
../ibc53/Puff-throated_Babbler/102.wav,Puff-throated_Babbler,27.0,30.0
../ibc53/Puff-throated_Babbler/102.wav,Puff-throated_Babbler,30.0,33.0
../ibc53/Puff-throated_Babbler/102.wav,Puff-throated_Babbler,33.0,36.0
../ibc53/Puff-throated_Babbler/102.wav,Puff-throated_Babbler,36.0,39.0
../ibc53/Puff-throated_Babbler/102.wav,Puff-throated_Babbler,39.0,42.0
../ibc53/Puff-throated_Babbler/102.wav,Puff-throated_Babbler,42.0,45.0
../ibc53/Puff-throated_Babbler/102.wav,Puff-throated_Babbler,45.0,48.0
../ibc53/Puff-throated_Babbler/102.wav,Puff-throated_Babbler,48.0,51.0
../ibc53/Puff-throated_Babbler/102.wav,Puff-throated_Babbler,51.0,54.0
../ibc53/Puff-throated_Babbler/102.wav,Puff-throated_Babbler,54.0,57.0
../ibc53/Puff-throated_Babbler/102.wav,Puff-throated_Babbler,57.0,60.0
../ibc53/Puff-throated_Babbler/102.wav,Puff-throated_Babbler,60.0,63.0
../ibc53/Puff-throated_Babbler/102.wav,Puff-throated_Babbler,63.0,66.0
../ibc53/Puff-throated_Babbler/102.wav,Puff-throated_Babbler,66.0,69.0
../ibc53/Puff-throated_Babbler/102.wav,Puff-throated_Babbler,69.0,72.0
../ibc53/Puff-throated_Babbler/102.wav,Puff-throated_Babbler,72.0,75.0
../ibc53/Puff-throated_Babbler/102.wav,Puff-throated_Babbler,75.0,78.0
../ibc53/Puff-throated_Babbler/102.wav,Puff-throated_Babbler,78.0,81.0
../ibc53/Puff-throated_Babbler/10.wav,Puff-throated_Babbler,0,3.0
../ibc53/Puff-throated_Babbler/10.wav,Puff-throated_Babbler,3.0,6.0
../ibc53/Puff-throated_Babbler/10.wav,Puff-throated_Babbler,6.0,9.0
../ibc53/Puff-throated_Babbler/10.wav,Puff-throated_Babbler,9.0,12.0
../ibc53/Puff-throated_Babbler/10.wav,Puff-throated_Babbler,12.0,15.0
../ibc53/Puff-throated_Babbler/10.wav,Puff-throated_Babbler,15.0,18.0
../ibc53/Puff-throated_Babbler/10.wav,Puff-throated_Babbler,18.0,21.0
../ibc53/Puff-throated_Babbler/10.wav,Puff-throated_Babbler,21.0,24.0
../ibc53/Puff-throated_Babbler/10.wav,Puff-throated_Babbler,24.0,27.0
../ibc53/Puff-throated_Babbler/29.wav,Puff-throated_Babbler,0,3.0
../ibc53/Puff-throated_Babbler/29.wav,Puff-throated_Babbler,3.0,6.0
../ibc53/Puff-throated_Babbler/29.wav,Puff-throated_Babbler,6.0,9.0
../ibc53/Puff-throated_Babbler/29.wav,Puff-throated_Babbler,9.0,12.0
../ibc53/Puff-throated_Babbler/29.wav,Puff-throated_Babbler,12.0,15.0
../ibc53/Puff-throated_Babbler/29.wav,Puff-throated_Babbler,15.0,18.0
../ibc53/Puff-throated_Babbler/61.wav,Puff-throated_Babbler,0,3.0
../ibc53/Puff-throated_Babbler/61.wav,Puff-throated_Babbler,3.0,6.0
../ibc53/Puff-throated_Babbler/61.wav,Puff-throated_Babbler,6.0,9.0
../ibc53/Puff-throated_Babbler/61.wav,Puff-throated_Babbler,9.0,12.0
../ibc53/Puff-throated_Babbler/61.wav,Puff-throated_Babbler,12.0,15.0
../ibc53/Puff-throated_Babbler/61.wav,Puff-throated_Babbler,15.0,18.0
../ibc53/Puff-throated_Babbler/41.wav,Puff-throated_Babbler,0,3.0
../ibc53/Puff-throated_Babbler/41.wav,Puff-throated_Babbler,3.0,6.0
../ibc53/Puff-throated_Babbler/41.wav,Puff-throated_Babbler,6.0,9.0
../ibc53/Puff-throated_Babbler/41.wav,Puff-throated_Babbler,9.0,12.0
../ibc53/Puff-throated_Babbler/41.wav,Puff-throated_Babbler,12.0,15.0
../ibc53/Puff-throated_Babbler/41.wav,Puff-throated_Babbler,15.0,18.0
../ibc53/Puff-throated_Babbler/41.wav,Puff-throated_Babbler,18.0,21.0
../ibc53/Puff-throated_Babbler/41.wav,Puff-throated_Babbler,21.0,24.0
../ibc53/Puff-throated_Babbler/41.wav,Puff-throated_Babbler,24.0,27.0
../ibc53/Puff-throated_Babbler/41.wav,Puff-throated_Babbler,27.0,30.0
../ibc53/Puff-throated_Babbler/40.wav,Puff-throated_Babbler,0,3.0
../ibc53/Puff-throated_Babbler/40.wav,Puff-throated_Babbler,3.0,6.0
../ibc53/Puff-throated_Babbler/40.wav,Puff-throated_Babbler,6.0,9.0
../ibc53/Puff-throated_Babbler/40.wav,Puff-throated_Babbler,9.0,12.0
../ibc53/Puff-throated_Babbler/40.wav,Puff-throated_Babbler,12.0,15.0
../ibc53/Puff-throated_Babbler/40.wav,Puff-throated_Babbler,15.0,18.0
../ibc53/Puff-throated_Babbler/40.wav,Puff-throated_Babbler,18.0,21.0
../ibc53/Puff-throated_Babbler/40.wav,Puff-throated_Babbler,21.0,24.0
../ibc53/Puff-throated_Babbler/40.wav,Puff-throated_Babbler,24.0,27.0
../ibc53/Puff-throated_Babbler/40.wav,Puff-throated_Babbler,27.0,30.0
../ibc53/Puff-throated_Babbler/40.wav,Puff-throated_Babbler,30.0,33.0
../ibc53/Puff-throated_Babbler/40.wav,Puff-throated_Babbler,33.0,36.0
../ibc53/Puff-throated_Babbler/40.wav,Puff-throated_Babbler,36.0,39.0
../ibc53/Puff-throated_Babbler/40.wav,Puff-throated_Babbler,39.0,42.0
../ibc53/Puff-throated_Babbler/40.wav,Puff-throated_Babbler,42.0,45.0
../ibc53/Puff-throated_Babbler/40.wav,Puff-throated_Babbler,45.0,48.0
../ibc53/Puff-throated_Babbler/40.wav,Puff-throated_Babbler,48.0,51.0
../ibc53/Puff-throated_Babbler/40.wav,Puff-throated_Babbler,51.0,54.0
../ibc53/Puff-throated_Babbler/40.wav,Puff-throated_Babbler,54.0,57.0
../ibc53/Puff-throated_Babbler/40.wav,Puff-throated_Babbler,57.0,60.0
../ibc53/Puff-throated_Babbler/40.wav,Puff-throated_Babbler,60.0,63.0
../ibc53/Puff-throated_Babbler/40.wav,Puff-throated_Babbler,63.0,66.0
../ibc53/Puff-throated_Babbler/40.wav,Puff-throated_Babbler,66.0,69.0
../ibc53/Puff-throated_Babbler/40.wav,Puff-throated_Babbler,69.0,72.0
../ibc53/Puff-throated_Babbler/71.wav,Puff-throated_Babbler,0,3.0
../ibc53/Puff-throated_Babbler/71.wav,Puff-throated_Babbler,3.0,6.0
../ibc53/Puff-throated_Babbler/71.wav,Puff-throated_Babbler,6.0,9.0
../ibc53/Puff-throated_Babbler/71.wav,Puff-throated_Babbler,9.0,12.0
../ibc53/Puff-throated_Babbler/71.wav,Puff-throated_Babbler,12.0,15.0
../ibc53/Puff-throated_Babbler/71.wav,Puff-throated_Babbler,15.0,18.0
../ibc53/Puff-throated_Babbler/71.wav,Puff-throated_Babbler,18.0,21.0
../ibc53/Puff-throated_Babbler/89.wav,Puff-throated_Babbler,0,3.0
../ibc53/Puff-throated_Babbler/89.wav,Puff-throated_Babbler,3.0,6.0
../ibc53/Puff-throated_Babbler/89.wav,Puff-throated_Babbler,6.0,9.0
../ibc53/Puff-throated_Babbler/89.wav,Puff-throated_Babbler,9.0,12.0
../ibc53/Puff-throated_Babbler/89.wav,Puff-throated_Babbler,12.0,15.0
../ibc53/Puff-throated_Babbler/89.wav,Puff-throated_Babbler,15.0,18.0
../ibc53/Puff-throated_Babbler/89.wav,Puff-throated_Babbler,18.0,21.0
../ibc53/Puff-throated_Babbler/89.wav,Puff-throated_Babbler,21.0,24.0
../ibc53/Puff-throated_Babbler/89.wav,Puff-throated_Babbler,24.0,27.0
../ibc53/Puff-throated_Babbler/101.wav,Puff-throated_Babbler,0,3.0
../ibc53/Puff-throated_Babbler/101.wav,Puff-throated_Babbler,3.0,6.0
../ibc53/Puff-throated_Babbler/101.wav,Puff-throated_Babbler,6.0,9.0
../ibc53/Puff-throated_Babbler/101.wav,Puff-throated_Babbler,9.0,12.0
../ibc53/Puff-throated_Babbler/101.wav,Puff-throated_Babbler,12.0,15.0
../ibc53/Puff-throated_Babbler/101.wav,Puff-throated_Babbler,15.0,18.0
../ibc53/Puff-throated_Babbler/101.wav,Puff-throated_Babbler,18.0,21.0
../ibc53/Puff-throated_Babbler/101.wav,Puff-throated_Babbler,21.0,24.0
../ibc53/Puff-throated_Babbler/101.wav,Puff-throated_Babbler,24.0,27.0
../ibc53/Puff-throated_Babbler/101.wav,Puff-throated_Babbler,27.0,30.0
../ibc53/Puff-throated_Babbler/101.wav,Puff-throated_Babbler,30.0,33.0
../ibc53/Puff-throated_Babbler/101.wav,Puff-throated_Babbler,33.0,36.0
../ibc53/Puff-throated_Babbler/44.wav,Puff-throated_Babbler,0,3.0
../ibc53/Puff-throated_Babbler/44.wav,Puff-throated_Babbler,3.0,6.0
../ibc53/Puff-throated_Babbler/54.wav,Puff-throated_Babbler,0,3.0
../ibc53/Puff-throated_Babbler/54.wav,Puff-throated_Babbler,3.0,6.0
../ibc53/Puff-throated_Babbler/54.wav,Puff-throated_Babbler,6.0,9.0
../ibc53/Puff-throated_Babbler/54.wav,Puff-throated_Babbler,9.0,12.0
../ibc53/Puff-throated_Babbler/54.wav,Puff-throated_Babbler,12.0,15.0
../ibc53/Puff-throated_Babbler/54.wav,Puff-throated_Babbler,15.0,18.0
../ibc53/Puff-throated_Babbler/54.wav,Puff-throated_Babbler,18.0,21.0
../ibc53/Puff-throated_Babbler/54.wav,Puff-throated_Babbler,21.0,24.0
../ibc53/Puff-throated_Babbler/54.wav,Puff-throated_Babbler,24.0,27.0
../ibc53/Puff-throated_Babbler/54.wav,Puff-throated_Babbler,27.0,30.0
../ibc53/Puff-throated_Babbler/54.wav,Puff-throated_Babbler,30.0,33.0
../ibc53/Puff-throated_Babbler/54.wav,Puff-throated_Babbler,33.0,36.0
../ibc53/Puff-throated_Babbler/54.wav,Puff-throated_Babbler,36.0,39.0
../ibc53/Puff-throated_Babbler/32.wav,Puff-throated_Babbler,0,3.0
../ibc53/Puff-throated_Babbler/32.wav,Puff-throated_Babbler,3.0,6.0
../ibc53/Puff-throated_Babbler/32.wav,Puff-throated_Babbler,6.0,9.0
../ibc53/Puff-throated_Babbler/32.wav,Puff-throated_Babbler,9.0,12.0
../ibc53/Puff-throated_Babbler/32.wav,Puff-throated_Babbler,12.0,15.0
../ibc53/Puff-throated_Babbler/32.wav,Puff-throated_Babbler,15.0,18.0
../ibc53/Puff-throated_Babbler/32.wav,Puff-throated_Babbler,18.0,21.0
../ibc53/Puff-throated_Babbler/32.wav,Puff-throated_Babbler,21.0,24.0
../ibc53/Puff-throated_Babbler/32.wav,Puff-throated_Babbler,24.0,27.0
../ibc53/Puff-throated_Babbler/32.wav,Puff-throated_Babbler,27.0,30.0
../ibc53/Puff-throated_Babbler/32.wav,Puff-throated_Babbler,30.0,33.0
../ibc53/Puff-throated_Babbler/32.wav,Puff-throated_Babbler,33.0,36.0
../ibc53/Puff-throated_Babbler/32.wav,Puff-throated_Babbler,36.0,39.0
../ibc53/Puff-throated_Babbler/32.wav,Puff-throated_Babbler,39.0,42.0
../ibc53/Puff-throated_Babbler/32.wav,Puff-throated_Babbler,42.0,45.0
../ibc53/Puff-throated_Babbler/32.wav,Puff-throated_Babbler,45.0,48.0
../ibc53/Puff-throated_Babbler/32.wav,Puff-throated_Babbler,48.0,51.0
../ibc53/Puff-throated_Babbler/32.wav,Puff-throated_Babbler,51.0,54.0
../ibc53/Puff-throated_Babbler/32.wav,Puff-throated_Babbler,54.0,57.0
../ibc53/Puff-throated_Babbler/32.wav,Puff-throated_Babbler,57.0,60.0
../ibc53/Puff-throated_Babbler/32.wav,Puff-throated_Babbler,60.0,63.0
../ibc53/Puff-throated_Babbler/32.wav,Puff-throated_Babbler,63.0,66.0
../ibc53/Puff-throated_Babbler/32.wav,Puff-throated_Babbler,66.0,69.0
../ibc53/Puff-throated_Babbler/32.wav,Puff-throated_Babbler,69.0,72.0
../ibc53/Puff-throated_Babbler/32.wav,Puff-throated_Babbler,72.0,75.0
../ibc53/Puff-throated_Babbler/32.wav,Puff-throated_Babbler,75.0,78.0
../ibc53/Puff-throated_Babbler/32.wav,Puff-throated_Babbler,78.0,81.0
../ibc53/Puff-throated_Babbler/32.wav,Puff-throated_Babbler,81.0,84.0
../ibc53/Puff-throated_Babbler/32.wav,Puff-throated_Babbler,84.0,87.0
../ibc53/Puff-throated_Babbler/32.wav,Puff-throated_Babbler,87.0,90.0
../ibc53/Puff-throated_Babbler/32.wav,Puff-throated_Babbler,90.0,93.0
../ibc53/Puff-throated_Babbler/32.wav,Puff-throated_Babbler,93.0,96.0
../ibc53/Puff-throated_Babbler/32.wav,Puff-throated_Babbler,96.0,99.0
../ibc53/Puff-throated_Babbler/32.wav,Puff-throated_Babbler,99.0,102.0
../ibc53/Puff-throated_Babbler/32.wav,Puff-throated_Babbler,102.0,105.0
../ibc53/Puff-throated_Babbler/32.wav,Puff-throated_Babbler,105.0,108.0
../ibc53/Puff-throated_Babbler/32.wav,Puff-throated_Babbler,108.0,111.0
../ibc53/Puff-throated_Babbler/32.wav,Puff-throated_Babbler,111.0,114.0
../ibc53/Puff-throated_Babbler/32.wav,Puff-throated_Babbler,114.0,117.0
../ibc53/Puff-throated_Babbler/32.wav,Puff-throated_Babbler,117.0,120.0
../ibc53/Puff-throated_Babbler/32.wav,Puff-throated_Babbler,120.0,123.0
../ibc53/Puff-throated_Babbler/32.wav,Puff-throated_Babbler,123.0,126.0
../ibc53/Puff-throated_Babbler/32.wav,Puff-throated_Babbler,126.0,129.0
../ibc53/Puff-throated_Babbler/32.wav,Puff-throated_Babbler,129.0,132.0
../ibc53/Puff-throated_Babbler/32.wav,Puff-throated_Babbler,132.0,135.0
../ibc53/Puff-throated_Babbler/32.wav,Puff-throated_Babbler,135.0,138.0
../ibc53/Puff-throated_Babbler/32.wav,Puff-throated_Babbler,138.0,141.0
../ibc53/Puff-throated_Babbler/32.wav,Puff-throated_Babbler,141.0,144.0
../ibc53/Puff-throated_Babbler/32.wav,Puff-throated_Babbler,144.0,147.0
../ibc53/Puff-throated_Babbler/32.wav,Puff-throated_Babbler,147.0,150.0
../ibc53/Puff-throated_Babbler/32.wav,Puff-throated_Babbler,150.0,153.0
../ibc53/Puff-throated_Babbler/32.wav,Puff-throated_Babbler,153.0,156.0
../ibc53/Puff-throated_Babbler/32.wav,Puff-throated_Babbler,156.0,159.0
../ibc53/Puff-throated_Babbler/32.wav,Puff-throated_Babbler,159.0,162.0
../ibc53/Puff-throated_Babbler/32.wav,Puff-throated_Babbler,162.0,165.0
../ibc53/Puff-throated_Babbler/32.wav,Puff-throated_Babbler,165.0,168.0
../ibc53/Puff-throated_Babbler/32.wav,Puff-throated_Babbler,168.0,171.0
../ibc53/Puff-throated_Babbler/32.wav,Puff-throated_Babbler,171.0,174.0
../ibc53/Puff-throated_Babbler/32.wav,Puff-throated_Babbler,174.0,177.0
../ibc53/Puff-throated_Babbler/32.wav,Puff-throated_Babbler,177.0,180.0
../ibc53/Puff-throated_Babbler/32.wav,Puff-throated_Babbler,180.0,183.0
../ibc53/Puff-throated_Babbler/32.wav,Puff-throated_Babbler,183.0,186.0
../ibc53/Puff-throated_Babbler/32.wav,Puff-throated_Babbler,186.0,189.0
../ibc53/Puff-throated_Babbler/32.wav,Puff-throated_Babbler,189.0,192.0
../ibc53/Puff-throated_Babbler/32.wav,Puff-throated_Babbler,192.0,195.0
../ibc53/Puff-throated_Babbler/32.wav,Puff-throated_Babbler,195.0,198.0
../ibc53/Puff-throated_Babbler/32.wav,Puff-throated_Babbler,198.0,201.0
../ibc53/Puff-throated_Babbler/32.wav,Puff-throated_Babbler,201.0,204.0
../ibc53/Puff-throated_Babbler/32.wav,Puff-throated_Babbler,204.0,207.0
../ibc53/Puff-throated_Babbler/49.wav,Puff-throated_Babbler,0,3.0
../ibc53/Puff-throated_Babbler/49.wav,Puff-throated_Babbler,3.0,6.0
../ibc53/Puff-throated_Babbler/49.wav,Puff-throated_Babbler,6.0,9.0
../ibc53/Puff-throated_Babbler/49.wav,Puff-throated_Babbler,9.0,12.0
../ibc53/Puff-throated_Babbler/49.wav,Puff-throated_Babbler,12.0,15.0
../ibc53/Puff-throated_Babbler/49.wav,Puff-throated_Babbler,15.0,18.0
../ibc53/Puff-throated_Babbler/49.wav,Puff-throated_Babbler,18.0,21.0
../ibc53/Puff-throated_Babbler/49.wav,Puff-throated_Babbler,21.0,24.0
../ibc53/Puff-throated_Babbler/49.wav,Puff-throated_Babbler,24.0,27.0
../ibc53/Puff-throated_Babbler/49.wav,Puff-throated_Babbler,27.0,30.0
../ibc53/Puff-throated_Babbler/49.wav,Puff-throated_Babbler,30.0,33.0
../ibc53/Puff-throated_Babbler/30.wav,Puff-throated_Babbler,0,3.0
../ibc53/Puff-throated_Babbler/19.wav,Puff-throated_Babbler,0,3.0
../ibc53/Puff-throated_Babbler/19.wav,Puff-throated_Babbler,3.0,6.0
../ibc53/Puff-throated_Babbler/19.wav,Puff-throated_Babbler,6.0,9.0
../ibc53/Puff-throated_Babbler/19.wav,Puff-throated_Babbler,9.0,12.0
../ibc53/Puff-throated_Babbler/19.wav,Puff-throated_Babbler,12.0,15.0
../ibc53/Puff-throated_Babbler/53.wav,Puff-throated_Babbler,0,3.0
../ibc53/Puff-throated_Babbler/53.wav,Puff-throated_Babbler,3.0,6.0
../ibc53/Puff-throated_Babbler/53.wav,Puff-throated_Babbler,6.0,9.0
../ibc53/Puff-throated_Babbler/53.wav,Puff-throated_Babbler,9.0,12.0
../ibc53/Puff-throated_Babbler/53.wav,Puff-throated_Babbler,12.0,15.0
../ibc53/Puff-throated_Babbler/53.wav,Puff-throated_Babbler,15.0,18.0
../ibc53/Puff-throated_Babbler/53.wav,Puff-throated_Babbler,18.0,21.0
../ibc53/Puff-throated_Babbler/53.wav,Puff-throated_Babbler,21.0,24.0
../ibc53/Puff-throated_Babbler/53.wav,Puff-throated_Babbler,24.0,27.0
../ibc53/Puff-throated_Babbler/53.wav,Puff-throated_Babbler,27.0,30.0
../ibc53/Puff-throated_Babbler/74.wav,Puff-throated_Babbler,0,3.0
../ibc53/Puff-throated_Babbler/74.wav,Puff-throated_Babbler,3.0,6.0
../ibc53/Puff-throated_Babbler/74.wav,Puff-throated_Babbler,6.0,9.0
../ibc53/Puff-throated_Babbler/74.wav,Puff-throated_Babbler,9.0,12.0
../ibc53/Puff-throated_Babbler/74.wav,Puff-throated_Babbler,12.0,15.0
../ibc53/Puff-throated_Babbler/74.wav,Puff-throated_Babbler,15.0,18.0
../ibc53/Puff-throated_Babbler/74.wav,Puff-throated_Babbler,18.0,21.0
../ibc53/Puff-throated_Babbler/74.wav,Puff-throated_Babbler,21.0,24.0
../ibc53/Puff-throated_Babbler/74.wav,Puff-throated_Babbler,24.0,27.0
../ibc53/Puff-throated_Babbler/74.wav,Puff-throated_Babbler,27.0,30.0
../ibc53/Puff-throated_Babbler/74.wav,Puff-throated_Babbler,30.0,33.0
../ibc53/Puff-throated_Babbler/74.wav,Puff-throated_Babbler,33.0,36.0
../ibc53/Puff-throated_Babbler/74.wav,Puff-throated_Babbler,36.0,39.0
../ibc53/Puff-throated_Babbler/74.wav,Puff-throated_Babbler,39.0,42.0
../ibc53/Puff-throated_Babbler/74.wav,Puff-throated_Babbler,42.0,45.0
../ibc53/Puff-throated_Babbler/74.wav,Puff-throated_Babbler,45.0,48.0
../ibc53/Puff-throated_Babbler/74.wav,Puff-throated_Babbler,48.0,51.0
../ibc53/Puff-throated_Babbler/74.wav,Puff-throated_Babbler,51.0,54.0
../ibc53/Puff-throated_Babbler/74.wav,Puff-throated_Babbler,54.0,57.0
../ibc53/Puff-throated_Babbler/74.wav,Puff-throated_Babbler,57.0,60.0
../ibc53/Puff-throated_Babbler/74.wav,Puff-throated_Babbler,60.0,63.0
../ibc53/Puff-throated_Babbler/74.wav,Puff-throated_Babbler,63.0,66.0
../ibc53/Puff-throated_Babbler/74.wav,Puff-throated_Babbler,66.0,69.0
../ibc53/Puff-throated_Babbler/74.wav,Puff-throated_Babbler,69.0,72.0
../ibc53/Puff-throated_Babbler/74.wav,Puff-throated_Babbler,72.0,75.0
../ibc53/Puff-throated_Babbler/74.wav,Puff-throated_Babbler,75.0,78.0
../ibc53/Puff-throated_Babbler/74.wav,Puff-throated_Babbler,78.0,81.0
../ibc53/Puff-throated_Babbler/74.wav,Puff-throated_Babbler,81.0,84.0
../ibc53/Puff-throated_Babbler/74.wav,Puff-throated_Babbler,84.0,87.0
../ibc53/Puff-throated_Babbler/74.wav,Puff-throated_Babbler,87.0,90.0
../ibc53/Puff-throated_Babbler/74.wav,Puff-throated_Babbler,90.0,93.0
../ibc53/Puff-throated_Babbler/74.wav,Puff-throated_Babbler,93.0,96.0
../ibc53/Puff-throated_Babbler/74.wav,Puff-throated_Babbler,96.0,99.0
../ibc53/Puff-throated_Babbler/74.wav,Puff-throated_Babbler,99.0,102.0
../ibc53/Puff-throated_Babbler/74.wav,Puff-throated_Babbler,102.0,105.0
../ibc53/Puff-throated_Babbler/74.wav,Puff-throated_Babbler,105.0,108.0
../ibc53/Puff-throated_Babbler/74.wav,Puff-throated_Babbler,108.0,111.0
../ibc53/Puff-throated_Babbler/74.wav,Puff-throated_Babbler,111.0,114.0
../ibc53/Puff-throated_Babbler/74.wav,Puff-throated_Babbler,114.0,117.0
../ibc53/Puff-throated_Babbler/74.wav,Puff-throated_Babbler,117.0,120.0
../ibc53/Puff-throated_Babbler/74.wav,Puff-throated_Babbler,120.0,123.0
../ibc53/Puff-throated_Babbler/74.wav,Puff-throated_Babbler,123.0,126.0
../ibc53/Puff-throated_Babbler/74.wav,Puff-throated_Babbler,126.0,129.0
../ibc53/Puff-throated_Babbler/74.wav,Puff-throated_Babbler,129.0,132.0
../ibc53/Puff-throated_Babbler/74.wav,Puff-throated_Babbler,132.0,135.0
../ibc53/Puff-throated_Babbler/74.wav,Puff-throated_Babbler,135.0,138.0
../ibc53/Puff-throated_Babbler/74.wav,Puff-throated_Babbler,138.0,141.0
../ibc53/Puff-throated_Babbler/74.wav,Puff-throated_Babbler,141.0,144.0
../ibc53/Puff-throated_Babbler/74.wav,Puff-throated_Babbler,144.0,147.0
../ibc53/Puff-throated_Babbler/74.wav,Puff-throated_Babbler,147.0,150.0
../ibc53/Puff-throated_Babbler/74.wav,Puff-throated_Babbler,150.0,153.0
../ibc53/Puff-throated_Babbler/74.wav,Puff-throated_Babbler,153.0,156.0
../ibc53/Puff-throated_Babbler/74.wav,Puff-throated_Babbler,156.0,159.0
../ibc53/Puff-throated_Babbler/74.wav,Puff-throated_Babbler,159.0,162.0
../ibc53/Puff-throated_Babbler/74.wav,Puff-throated_Babbler,162.0,165.0
../ibc53/Puff-throated_Babbler/74.wav,Puff-throated_Babbler,165.0,168.0
../ibc53/Puff-throated_Babbler/74.wav,Puff-throated_Babbler,168.0,171.0
../ibc53/Puff-throated_Babbler/74.wav,Puff-throated_Babbler,171.0,174.0
../ibc53/Puff-throated_Babbler/74.wav,Puff-throated_Babbler,174.0,177.0
../ibc53/Puff-throated_Babbler/74.wav,Puff-throated_Babbler,177.0,180.0
../ibc53/Puff-throated_Babbler/74.wav,Puff-throated_Babbler,180.0,183.0
../ibc53/Puff-throated_Babbler/74.wav,Puff-throated_Babbler,183.0,186.0
../ibc53/Puff-throated_Babbler/74.wav,Puff-throated_Babbler,186.0,189.0
../ibc53/Puff-throated_Babbler/74.wav,Puff-throated_Babbler,189.0,192.0
../ibc53/Puff-throated_Babbler/74.wav,Puff-throated_Babbler,192.0,195.0
../ibc53/Puff-throated_Babbler/74.wav,Puff-throated_Babbler,195.0,198.0
../ibc53/Puff-throated_Babbler/74.wav,Puff-throated_Babbler,198.0,201.0
../ibc53/Puff-throated_Babbler/74.wav,Puff-throated_Babbler,201.0,204.0
../ibc53/Puff-throated_Babbler/74.wav,Puff-throated_Babbler,204.0,207.0
../ibc53/Puff-throated_Babbler/74.wav,Puff-throated_Babbler,207.0,210.0
../ibc53/Puff-throated_Babbler/74.wav,Puff-throated_Babbler,210.0,213.0
../ibc53/Puff-throated_Babbler/74.wav,Puff-throated_Babbler,213.0,216.0
../ibc53/Puff-throated_Babbler/9.wav,Puff-throated_Babbler,0,3.0
../ibc53/Puff-throated_Babbler/9.wav,Puff-throated_Babbler,3.0,6.0
../ibc53/Puff-throated_Babbler/9.wav,Puff-throated_Babbler,6.0,9.0
../ibc53/Puff-throated_Babbler/9.wav,Puff-throated_Babbler,9.0,12.0
../ibc53/Puff-throated_Babbler/9.wav,Puff-throated_Babbler,12.0,15.0
../ibc53/Puff-throated_Babbler/9.wav,Puff-throated_Babbler,15.0,18.0
../ibc53/Puff-throated_Babbler/9.wav,Puff-throated_Babbler,18.0,21.0
../ibc53/Puff-throated_Babbler/9.wav,Puff-throated_Babbler,21.0,24.0
../ibc53/Puff-throated_Babbler/9.wav,Puff-throated_Babbler,24.0,27.0
../ibc53/Puff-throated_Babbler/9.wav,Puff-throated_Babbler,27.0,30.0
../ibc53/Puff-throated_Babbler/9.wav,Puff-throated_Babbler,30.0,33.0
../ibc53/Puff-throated_Babbler/9.wav,Puff-throated_Babbler,33.0,36.0
../ibc53/Puff-throated_Babbler/9.wav,Puff-throated_Babbler,36.0,39.0
../ibc53/Puff-throated_Babbler/9.wav,Puff-throated_Babbler,39.0,42.0
../ibc53/Puff-throated_Babbler/9.wav,Puff-throated_Babbler,42.0,45.0
../ibc53/Puff-throated_Babbler/9.wav,Puff-throated_Babbler,45.0,48.0
../ibc53/Puff-throated_Babbler/9.wav,Puff-throated_Babbler,48.0,51.0
../ibc53/Puff-throated_Babbler/9.wav,Puff-throated_Babbler,51.0,54.0
../ibc53/Puff-throated_Babbler/96.wav,Puff-throated_Babbler,0,3.0
../ibc53/Puff-throated_Babbler/96.wav,Puff-throated_Babbler,3.0,6.0
../ibc53/Puff-throated_Babbler/96.wav,Puff-throated_Babbler,6.0,9.0
../ibc53/Puff-throated_Babbler/96.wav,Puff-throated_Babbler,9.0,12.0
../ibc53/Puff-throated_Babbler/62.wav,Puff-throated_Babbler,0,3.0
../ibc53/Puff-throated_Babbler/62.wav,Puff-throated_Babbler,3.0,6.0
../ibc53/Puff-throated_Babbler/62.wav,Puff-throated_Babbler,6.0,9.0
../ibc53/Puff-throated_Babbler/62.wav,Puff-throated_Babbler,9.0,12.0
../ibc53/Puff-throated_Babbler/62.wav,Puff-throated_Babbler,12.0,15.0
../ibc53/Puff-throated_Babbler/62.wav,Puff-throated_Babbler,15.0,18.0
../ibc53/Puff-throated_Babbler/62.wav,Puff-throated_Babbler,18.0,21.0
../ibc53/Puff-throated_Babbler/62.wav,Puff-throated_Babbler,21.0,24.0
../ibc53/Puff-throated_Babbler/62.wav,Puff-throated_Babbler,24.0,27.0
../ibc53/Puff-throated_Babbler/6.wav,Puff-throated_Babbler,0,3.0
../ibc53/Puff-throated_Babbler/6.wav,Puff-throated_Babbler,3.0,6.0
../ibc53/Puff-throated_Babbler/98.wav,Puff-throated_Babbler,0,3.0
../ibc53/Puff-throated_Babbler/86.wav,Puff-throated_Babbler,0,3.0
../ibc53/Puff-throated_Babbler/86.wav,Puff-throated_Babbler,3.0,6.0
../ibc53/Puff-throated_Babbler/86.wav,Puff-throated_Babbler,6.0,9.0
../ibc53/Puff-throated_Babbler/86.wav,Puff-throated_Babbler,9.0,12.0
../ibc53/Puff-throated_Babbler/86.wav,Puff-throated_Babbler,12.0,15.0
../ibc53/Puff-throated_Babbler/86.wav,Puff-throated_Babbler,15.0,18.0
../ibc53/Puff-throated_Babbler/86.wav,Puff-throated_Babbler,18.0,21.0
../ibc53/Puff-throated_Babbler/86.wav,Puff-throated_Babbler,21.0,24.0
../ibc53/Puff-throated_Babbler/86.wav,Puff-throated_Babbler,24.0,27.0
../ibc53/Puff-throated_Babbler/86.wav,Puff-throated_Babbler,27.0,30.0
../ibc53/Puff-throated_Babbler/86.wav,Puff-throated_Babbler,30.0,33.0
../ibc53/Puff-throated_Babbler/86.wav,Puff-throated_Babbler,33.0,36.0
../ibc53/Puff-throated_Babbler/86.wav,Puff-throated_Babbler,36.0,39.0
../ibc53/Puff-throated_Babbler/86.wav,Puff-throated_Babbler,39.0,42.0
../ibc53/Puff-throated_Babbler/86.wav,Puff-throated_Babbler,42.0,45.0
../ibc53/Puff-throated_Babbler/86.wav,Puff-throated_Babbler,45.0,48.0
../ibc53/Puff-throated_Babbler/86.wav,Puff-throated_Babbler,48.0,51.0
../ibc53/Puff-throated_Babbler/86.wav,Puff-throated_Babbler,51.0,54.0
../ibc53/Puff-throated_Babbler/86.wav,Puff-throated_Babbler,54.0,57.0
../ibc53/Puff-throated_Babbler/86.wav,Puff-throated_Babbler,57.0,60.0
../ibc53/Puff-throated_Babbler/86.wav,Puff-throated_Babbler,60.0,63.0
../ibc53/Puff-throated_Babbler/86.wav,Puff-throated_Babbler,63.0,66.0
../ibc53/Puff-throated_Babbler/86.wav,Puff-throated_Babbler,66.0,69.0
../ibc53/Puff-throated_Babbler/86.wav,Puff-throated_Babbler,69.0,72.0
../ibc53/Puff-throated_Babbler/86.wav,Puff-throated_Babbler,72.0,75.0
../ibc53/Puff-throated_Babbler/86.wav,Puff-throated_Babbler,75.0,78.0
../ibc53/Puff-throated_Babbler/86.wav,Puff-throated_Babbler,78.0,81.0
../ibc53/Puff-throated_Babbler/86.wav,Puff-throated_Babbler,81.0,84.0
../ibc53/Puff-throated_Babbler/86.wav,Puff-throated_Babbler,84.0,87.0
../ibc53/Puff-throated_Babbler/86.wav,Puff-throated_Babbler,87.0,90.0
../ibc53/Puff-throated_Babbler/86.wav,Puff-throated_Babbler,90.0,93.0
../ibc53/Puff-throated_Babbler/86.wav,Puff-throated_Babbler,93.0,96.0
../ibc53/Puff-throated_Babbler/86.wav,Puff-throated_Babbler,96.0,99.0
../ibc53/Puff-throated_Babbler/86.wav,Puff-throated_Babbler,99.0,102.0
../ibc53/Puff-throated_Babbler/86.wav,Puff-throated_Babbler,102.0,105.0
../ibc53/Puff-throated_Babbler/86.wav,Puff-throated_Babbler,105.0,108.0
../ibc53/Puff-throated_Babbler/86.wav,Puff-throated_Babbler,108.0,111.0
../ibc53/Puff-throated_Babbler/86.wav,Puff-throated_Babbler,111.0,114.0
../ibc53/Puff-throated_Babbler/86.wav,Puff-throated_Babbler,114.0,117.0
../ibc53/Puff-throated_Babbler/86.wav,Puff-throated_Babbler,117.0,120.0
../ibc53/Puff-throated_Babbler/86.wav,Puff-throated_Babbler,120.0,123.0
../ibc53/Puff-throated_Babbler/86.wav,Puff-throated_Babbler,123.0,126.0
../ibc53/Puff-throated_Babbler/86.wav,Puff-throated_Babbler,126.0,129.0
../ibc53/Puff-throated_Babbler/86.wav,Puff-throated_Babbler,129.0,132.0
../ibc53/Puff-throated_Babbler/86.wav,Puff-throated_Babbler,132.0,135.0
../ibc53/Puff-throated_Babbler/86.wav,Puff-throated_Babbler,135.0,138.0
../ibc53/Puff-throated_Babbler/86.wav,Puff-throated_Babbler,138.0,141.0
../ibc53/Puff-throated_Babbler/86.wav,Puff-throated_Babbler,141.0,144.0
../ibc53/Puff-throated_Babbler/86.wav,Puff-throated_Babbler,144.0,147.0
../ibc53/Puff-throated_Babbler/86.wav,Puff-throated_Babbler,147.0,150.0
../ibc53/Puff-throated_Babbler/86.wav,Puff-throated_Babbler,150.0,153.0
../ibc53/Puff-throated_Babbler/86.wav,Puff-throated_Babbler,153.0,156.0
../ibc53/Puff-throated_Babbler/86.wav,Puff-throated_Babbler,156.0,159.0
../ibc53/Puff-throated_Babbler/86.wav,Puff-throated_Babbler,159.0,162.0
../ibc53/Puff-throated_Babbler/86.wav,Puff-throated_Babbler,162.0,165.0
../ibc53/Puff-throated_Babbler/86.wav,Puff-throated_Babbler,165.0,168.0
../ibc53/Puff-throated_Babbler/86.wav,Puff-throated_Babbler,168.0,171.0
../ibc53/Puff-throated_Babbler/86.wav,Puff-throated_Babbler,171.0,174.0
../ibc53/Puff-throated_Babbler/86.wav,Puff-throated_Babbler,174.0,177.0
../ibc53/Puff-throated_Babbler/86.wav,Puff-throated_Babbler,177.0,180.0
../ibc53/Puff-throated_Babbler/86.wav,Puff-throated_Babbler,180.0,183.0
../ibc53/Puff-throated_Babbler/86.wav,Puff-throated_Babbler,183.0,186.0
../ibc53/Puff-throated_Babbler/86.wav,Puff-throated_Babbler,186.0,189.0
../ibc53/Puff-throated_Babbler/86.wav,Puff-throated_Babbler,189.0,192.0
../ibc53/Puff-throated_Babbler/86.wav,Puff-throated_Babbler,192.0,195.0
../ibc53/Puff-throated_Babbler/86.wav,Puff-throated_Babbler,195.0,198.0
../ibc53/Puff-throated_Babbler/86.wav,Puff-throated_Babbler,198.0,201.0
../ibc53/Puff-throated_Babbler/86.wav,Puff-throated_Babbler,201.0,204.0
../ibc53/Puff-throated_Babbler/11.wav,Puff-throated_Babbler,0,3.0
../ibc53/Puff-throated_Babbler/11.wav,Puff-throated_Babbler,3.0,6.0
../ibc53/Puff-throated_Babbler/11.wav,Puff-throated_Babbler,6.0,9.0
../ibc53/Puff-throated_Babbler/11.wav,Puff-throated_Babbler,9.0,12.0
../ibc53/Puff-throated_Babbler/11.wav,Puff-throated_Babbler,12.0,15.0
../ibc53/Puff-throated_Babbler/11.wav,Puff-throated_Babbler,15.0,18.0
../ibc53/Puff-throated_Babbler/11.wav,Puff-throated_Babbler,18.0,21.0
../ibc53/Puff-throated_Babbler/11.wav,Puff-throated_Babbler,21.0,24.0
../ibc53/Puff-throated_Babbler/11.wav,Puff-throated_Babbler,24.0,27.0
../ibc53/Puff-throated_Babbler/11.wav,Puff-throated_Babbler,27.0,30.0
../ibc53/Puff-throated_Babbler/11.wav,Puff-throated_Babbler,30.0,33.0
../ibc53/Puff-throated_Babbler/11.wav,Puff-throated_Babbler,33.0,36.0
../ibc53/Puff-throated_Babbler/11.wav,Puff-throated_Babbler,36.0,39.0
../ibc53/Puff-throated_Babbler/11.wav,Puff-throated_Babbler,39.0,42.0
../ibc53/Puff-throated_Babbler/11.wav,Puff-throated_Babbler,42.0,45.0
../ibc53/Puff-throated_Babbler/11.wav,Puff-throated_Babbler,45.0,48.0
../ibc53/Puff-throated_Babbler/52.wav,Puff-throated_Babbler,0,3.0
../ibc53/Puff-throated_Babbler/52.wav,Puff-throated_Babbler,3.0,6.0
../ibc53/Puff-throated_Babbler/52.wav,Puff-throated_Babbler,6.0,9.0
../ibc53/Puff-throated_Babbler/52.wav,Puff-throated_Babbler,9.0,12.0
../ibc53/Puff-throated_Babbler/52.wav,Puff-throated_Babbler,12.0,15.0
../ibc53/Puff-throated_Babbler/52.wav,Puff-throated_Babbler,15.0,18.0
../ibc53/Puff-throated_Babbler/52.wav,Puff-throated_Babbler,18.0,21.0
../ibc53/Puff-throated_Babbler/52.wav,Puff-throated_Babbler,21.0,24.0
../ibc53/Puff-throated_Babbler/52.wav,Puff-throated_Babbler,24.0,27.0
../ibc53/Puff-throated_Babbler/52.wav,Puff-throated_Babbler,27.0,30.0
../ibc53/Puff-throated_Babbler/52.wav,Puff-throated_Babbler,30.0,33.0
../ibc53/Puff-throated_Babbler/52.wav,Puff-throated_Babbler,33.0,36.0
../ibc53/Puff-throated_Babbler/52.wav,Puff-throated_Babbler,36.0,39.0
../ibc53/Puff-throated_Babbler/52.wav,Puff-throated_Babbler,39.0,42.0
../ibc53/Puff-throated_Babbler/52.wav,Puff-throated_Babbler,42.0,45.0
../ibc53/Puff-throated_Babbler/52.wav,Puff-throated_Babbler,45.0,48.0
../ibc53/Puff-throated_Babbler/52.wav,Puff-throated_Babbler,48.0,51.0
../ibc53/Puff-throated_Babbler/52.wav,Puff-throated_Babbler,51.0,54.0
../ibc53/Puff-throated_Babbler/52.wav,Puff-throated_Babbler,54.0,57.0
../ibc53/Puff-throated_Babbler/52.wav,Puff-throated_Babbler,57.0,60.0
../ibc53/Puff-throated_Babbler/52.wav,Puff-throated_Babbler,60.0,63.0
../ibc53/Puff-throated_Babbler/48.wav,Puff-throated_Babbler,0,3.0
../ibc53/Puff-throated_Babbler/48.wav,Puff-throated_Babbler,3.0,6.0
../ibc53/Puff-throated_Babbler/48.wav,Puff-throated_Babbler,6.0,9.0
../ibc53/Puff-throated_Babbler/48.wav,Puff-throated_Babbler,9.0,12.0
../ibc53/Puff-throated_Babbler/48.wav,Puff-throated_Babbler,12.0,15.0
../ibc53/Puff-throated_Babbler/48.wav,Puff-throated_Babbler,15.0,18.0
../ibc53/Puff-throated_Babbler/48.wav,Puff-throated_Babbler,18.0,21.0
../ibc53/Puff-throated_Babbler/48.wav,Puff-throated_Babbler,21.0,24.0
../ibc53/Puff-throated_Babbler/68.wav,Puff-throated_Babbler,0,3.0
../ibc53/Puff-throated_Babbler/68.wav,Puff-throated_Babbler,3.0,6.0
../ibc53/Puff-throated_Babbler/68.wav,Puff-throated_Babbler,6.0,9.0
../ibc53/Puff-throated_Babbler/68.wav,Puff-throated_Babbler,9.0,12.0
../ibc53/Puff-throated_Babbler/68.wav,Puff-throated_Babbler,12.0,15.0
../ibc53/Puff-throated_Babbler/68.wav,Puff-throated_Babbler,15.0,18.0
../ibc53/Puff-throated_Babbler/68.wav,Puff-throated_Babbler,18.0,21.0
../ibc53/Puff-throated_Babbler/68.wav,Puff-throated_Babbler,21.0,24.0
../ibc53/Puff-throated_Babbler/68.wav,Puff-throated_Babbler,24.0,27.0
../ibc53/Puff-throated_Babbler/68.wav,Puff-throated_Babbler,27.0,30.0
../ibc53/Puff-throated_Babbler/68.wav,Puff-throated_Babbler,30.0,33.0
../ibc53/Puff-throated_Babbler/35.wav,Puff-throated_Babbler,0,3.0
../ibc53/Puff-throated_Babbler/35.wav,Puff-throated_Babbler,3.0,6.0
../ibc53/Puff-throated_Babbler/35.wav,Puff-throated_Babbler,6.0,9.0
../ibc53/Puff-throated_Babbler/35.wav,Puff-throated_Babbler,9.0,12.0
../ibc53/Puff-throated_Babbler/35.wav,Puff-throated_Babbler,12.0,15.0
../ibc53/Puff-throated_Babbler/38.wav,Puff-throated_Babbler,0,3.0
../ibc53/Puff-throated_Babbler/38.wav,Puff-throated_Babbler,3.0,6.0
../ibc53/Puff-throated_Babbler/38.wav,Puff-throated_Babbler,6.0,9.0
../ibc53/Puff-throated_Babbler/38.wav,Puff-throated_Babbler,9.0,12.0
../ibc53/Puff-throated_Babbler/38.wav,Puff-throated_Babbler,12.0,15.0
../ibc53/Puff-throated_Babbler/38.wav,Puff-throated_Babbler,15.0,18.0
../ibc53/Puff-throated_Babbler/38.wav,Puff-throated_Babbler,18.0,21.0
../ibc53/Puff-throated_Babbler/100.wav,Puff-throated_Babbler,0,3.0
../ibc53/Puff-throated_Babbler/100.wav,Puff-throated_Babbler,3.0,6.0
../ibc53/Puff-throated_Babbler/100.wav,Puff-throated_Babbler,6.0,9.0
../ibc53/Puff-throated_Babbler/100.wav,Puff-throated_Babbler,9.0,12.0
../ibc53/Puff-throated_Babbler/100.wav,Puff-throated_Babbler,12.0,15.0
../ibc53/Puff-throated_Babbler/100.wav,Puff-throated_Babbler,15.0,18.0
../ibc53/Puff-throated_Babbler/100.wav,Puff-throated_Babbler,18.0,21.0
../ibc53/Puff-throated_Babbler/100.wav,Puff-throated_Babbler,21.0,24.0
../ibc53/Puff-throated_Babbler/100.wav,Puff-throated_Babbler,24.0,27.0
../ibc53/Puff-throated_Babbler/100.wav,Puff-throated_Babbler,27.0,30.0
../ibc53/Puff-throated_Babbler/100.wav,Puff-throated_Babbler,30.0,33.0
../ibc53/Puff-throated_Babbler/100.wav,Puff-throated_Babbler,33.0,36.0
../ibc53/Puff-throated_Babbler/100.wav,Puff-throated_Babbler,36.0,39.0
../ibc53/Puff-throated_Babbler/100.wav,Puff-throated_Babbler,39.0,42.0
../ibc53/Puff-throated_Babbler/100.wav,Puff-throated_Babbler,42.0,45.0
../ibc53/Puff-throated_Babbler/23.wav,Puff-throated_Babbler,0,3.0
../ibc53/Puff-throated_Babbler/23.wav,Puff-throated_Babbler,3.0,6.0
../ibc53/Puff-throated_Babbler/23.wav,Puff-throated_Babbler,6.0,9.0
../ibc53/Puff-throated_Babbler/23.wav,Puff-throated_Babbler,9.0,12.0
../ibc53/Puff-throated_Babbler/23.wav,Puff-throated_Babbler,12.0,15.0
../ibc53/Puff-throated_Babbler/23.wav,Puff-throated_Babbler,15.0,18.0
../ibc53/Puff-throated_Babbler/23.wav,Puff-throated_Babbler,18.0,21.0
../ibc53/Puff-throated_Babbler/23.wav,Puff-throated_Babbler,21.0,24.0
../ibc53/Puff-throated_Babbler/23.wav,Puff-throated_Babbler,24.0,27.0
../ibc53/Puff-throated_Babbler/23.wav,Puff-throated_Babbler,27.0,30.0
../ibc53/Puff-throated_Babbler/23.wav,Puff-throated_Babbler,30.0,33.0
../ibc53/Puff-throated_Babbler/23.wav,Puff-throated_Babbler,33.0,36.0
../ibc53/Puff-throated_Babbler/23.wav,Puff-throated_Babbler,36.0,39.0
../ibc53/Puff-throated_Babbler/23.wav,Puff-throated_Babbler,39.0,42.0
../ibc53/Puff-throated_Babbler/23.wav,Puff-throated_Babbler,42.0,45.0
../ibc53/Puff-throated_Babbler/23.wav,Puff-throated_Babbler,45.0,48.0
../ibc53/Puff-throated_Babbler/23.wav,Puff-throated_Babbler,48.0,51.0
../ibc53/Puff-throated_Babbler/23.wav,Puff-throated_Babbler,51.0,54.0
../ibc53/Puff-throated_Babbler/23.wav,Puff-throated_Babbler,54.0,57.0
../ibc53/Puff-throated_Babbler/23.wav,Puff-throated_Babbler,57.0,60.0
../ibc53/Puff-throated_Babbler/23.wav,Puff-throated_Babbler,60.0,63.0
../ibc53/Puff-throated_Babbler/23.wav,Puff-throated_Babbler,63.0,66.0
../ibc53/Puff-throated_Babbler/23.wav,Puff-throated_Babbler,66.0,69.0
../ibc53/Puff-throated_Babbler/23.wav,Puff-throated_Babbler,69.0,72.0
../ibc53/Puff-throated_Babbler/23.wav,Puff-throated_Babbler,72.0,75.0
../ibc53/Puff-throated_Babbler/23.wav,Puff-throated_Babbler,75.0,78.0
../ibc53/Puff-throated_Babbler/82.wav,Puff-throated_Babbler,0,3.0
../ibc53/Puff-throated_Babbler/82.wav,Puff-throated_Babbler,3.0,6.0
../ibc53/Puff-throated_Babbler/82.wav,Puff-throated_Babbler,6.0,9.0
../ibc53/Puff-throated_Babbler/82.wav,Puff-throated_Babbler,9.0,12.0
../ibc53/Puff-throated_Babbler/82.wav,Puff-throated_Babbler,12.0,15.0
../ibc53/Puff-throated_Babbler/82.wav,Puff-throated_Babbler,15.0,18.0
../ibc53/Puff-throated_Babbler/82.wav,Puff-throated_Babbler,18.0,21.0
../ibc53/Puff-throated_Babbler/82.wav,Puff-throated_Babbler,21.0,24.0
../ibc53/Puff-throated_Babbler/82.wav,Puff-throated_Babbler,24.0,27.0
../ibc53/Puff-throated_Babbler/82.wav,Puff-throated_Babbler,27.0,30.0
../ibc53/Puff-throated_Babbler/82.wav,Puff-throated_Babbler,30.0,33.0
../ibc53/Puff-throated_Babbler/67.wav,Puff-throated_Babbler,0,3.0
../ibc53/Puff-throated_Babbler/67.wav,Puff-throated_Babbler,3.0,6.0
../ibc53/Puff-throated_Babbler/67.wav,Puff-throated_Babbler,6.0,9.0
../ibc53/Puff-throated_Babbler/67.wav,Puff-throated_Babbler,9.0,12.0
../ibc53/Puff-throated_Babbler/67.wav,Puff-throated_Babbler,12.0,15.0
../ibc53/Puff-throated_Babbler/67.wav,Puff-throated_Babbler,15.0,18.0
../ibc53/Puff-throated_Babbler/67.wav,Puff-throated_Babbler,18.0,21.0
../ibc53/Puff-throated_Babbler/67.wav,Puff-throated_Babbler,21.0,24.0
../ibc53/Puff-throated_Babbler/67.wav,Puff-throated_Babbler,24.0,27.0
../ibc53/Puff-throated_Babbler/67.wav,Puff-throated_Babbler,27.0,30.0
../ibc53/Puff-throated_Babbler/67.wav,Puff-throated_Babbler,30.0,33.0
../ibc53/Puff-throated_Babbler/67.wav,Puff-throated_Babbler,33.0,36.0
../ibc53/Puff-throated_Babbler/67.wav,Puff-throated_Babbler,36.0,39.0
../ibc53/Puff-throated_Babbler/67.wav,Puff-throated_Babbler,39.0,42.0
../ibc53/Puff-throated_Babbler/90.wav,Puff-throated_Babbler,0,3.0
../ibc53/Puff-throated_Babbler/90.wav,Puff-throated_Babbler,3.0,6.0
../ibc53/Puff-throated_Babbler/90.wav,Puff-throated_Babbler,6.0,9.0
../ibc53/Puff-throated_Babbler/90.wav,Puff-throated_Babbler,9.0,12.0
../ibc53/Puff-throated_Babbler/90.wav,Puff-throated_Babbler,12.0,15.0
../ibc53/Puff-throated_Babbler/90.wav,Puff-throated_Babbler,15.0,18.0
../ibc53/Puff-throated_Babbler/90.wav,Puff-throated_Babbler,18.0,21.0
../ibc53/Puff-throated_Babbler/90.wav,Puff-throated_Babbler,21.0,24.0
../ibc53/Puff-throated_Babbler/90.wav,Puff-throated_Babbler,24.0,27.0
../ibc53/Pygmy_Cupwing/15.wav,Pygmy_Cupwing,0,3.0
../ibc53/Pygmy_Cupwing/15.wav,Pygmy_Cupwing,3.0,6.0
../ibc53/Pygmy_Cupwing/15.wav,Pygmy_Cupwing,6.0,9.0
../ibc53/Pygmy_Cupwing/15.wav,Pygmy_Cupwing,9.0,12.0
../ibc53/Pygmy_Cupwing/15.wav,Pygmy_Cupwing,12.0,15.0
../ibc53/Pygmy_Cupwing/3.wav,Pygmy_Cupwing,0,3.0
../ibc53/Pygmy_Cupwing/3.wav,Pygmy_Cupwing,3.0,6.0
../ibc53/Pygmy_Cupwing/3.wav,Pygmy_Cupwing,6.0,9.0
../ibc53/Pygmy_Cupwing/3.wav,Pygmy_Cupwing,9.0,12.0
../ibc53/Pygmy_Cupwing/3.wav,Pygmy_Cupwing,12.0,15.0
../ibc53/Pygmy_Cupwing/5.wav,Pygmy_Cupwing,0,3.0
../ibc53/Pygmy_Cupwing/5.wav,Pygmy_Cupwing,3.0,6.0
../ibc53/Pygmy_Cupwing/5.wav,Pygmy_Cupwing,6.0,9.0
../ibc53/Pygmy_Cupwing/5.wav,Pygmy_Cupwing,9.0,12.0
../ibc53/Pygmy_Cupwing/5.wav,Pygmy_Cupwing,12.0,15.0
../ibc53/Pygmy_Cupwing/5.wav,Pygmy_Cupwing,15.0,18.0
../ibc53/Pygmy_Cupwing/5.wav,Pygmy_Cupwing,18.0,21.0
../ibc53/Pygmy_Cupwing/5.wav,Pygmy_Cupwing,21.0,24.0
../ibc53/Pygmy_Cupwing/5.wav,Pygmy_Cupwing,24.0,27.0
../ibc53/Pygmy_Cupwing/5.wav,Pygmy_Cupwing,27.0,30.0
../ibc53/Pygmy_Cupwing/5.wav,Pygmy_Cupwing,30.0,33.0
../ibc53/Pygmy_Cupwing/5.wav,Pygmy_Cupwing,33.0,36.0
../ibc53/Pygmy_Cupwing/5.wav,Pygmy_Cupwing,36.0,39.0
../ibc53/Pygmy_Cupwing/5.wav,Pygmy_Cupwing,39.0,42.0
../ibc53/Pygmy_Cupwing/5.wav,Pygmy_Cupwing,42.0,45.0
../ibc53/Pygmy_Cupwing/5.wav,Pygmy_Cupwing,45.0,48.0
../ibc53/Pygmy_Cupwing/5.wav,Pygmy_Cupwing,48.0,51.0
../ibc53/Pygmy_Cupwing/18.wav,Pygmy_Cupwing,0,3.0
../ibc53/Pygmy_Cupwing/18.wav,Pygmy_Cupwing,3.0,6.0
../ibc53/Pygmy_Cupwing/18.wav,Pygmy_Cupwing,6.0,9.0
../ibc53/Pygmy_Cupwing/18.wav,Pygmy_Cupwing,9.0,12.0
../ibc53/Pygmy_Cupwing/18.wav,Pygmy_Cupwing,12.0,15.0
../ibc53/Pygmy_Cupwing/18.wav,Pygmy_Cupwing,15.0,18.0
../ibc53/Pygmy_Cupwing/18.wav,Pygmy_Cupwing,18.0,21.0
../ibc53/Pygmy_Cupwing/18.wav,Pygmy_Cupwing,21.0,24.0
../ibc53/Pygmy_Cupwing/18.wav,Pygmy_Cupwing,24.0,27.0
../ibc53/Pygmy_Cupwing/18.wav,Pygmy_Cupwing,27.0,30.0
../ibc53/Pygmy_Cupwing/18.wav,Pygmy_Cupwing,30.0,33.0
../ibc53/Pygmy_Cupwing/18.wav,Pygmy_Cupwing,33.0,36.0
../ibc53/Pygmy_Cupwing/18.wav,Pygmy_Cupwing,36.0,39.0
../ibc53/Pygmy_Cupwing/18.wav,Pygmy_Cupwing,39.0,42.0
../ibc53/Pygmy_Cupwing/18.wav,Pygmy_Cupwing,42.0,45.0
../ibc53/Pygmy_Cupwing/7.wav,Pygmy_Cupwing,0,3.0
../ibc53/Pygmy_Cupwing/7.wav,Pygmy_Cupwing,3.0,6.0
../ibc53/Pygmy_Cupwing/7.wav,Pygmy_Cupwing,6.0,9.0
../ibc53/Pygmy_Cupwing/7.wav,Pygmy_Cupwing,9.0,12.0
../ibc53/Pygmy_Cupwing/7.wav,Pygmy_Cupwing,12.0,15.0
../ibc53/Pygmy_Cupwing/7.wav,Pygmy_Cupwing,15.0,18.0
../ibc53/Pygmy_Cupwing/7.wav,Pygmy_Cupwing,18.0,21.0
../ibc53/Pygmy_Cupwing/7.wav,Pygmy_Cupwing,21.0,24.0
../ibc53/Pygmy_Cupwing/7.wav,Pygmy_Cupwing,24.0,27.0
../ibc53/Pygmy_Cupwing/7.wav,Pygmy_Cupwing,27.0,30.0
../ibc53/Pygmy_Cupwing/7.wav,Pygmy_Cupwing,30.0,33.0
../ibc53/Pygmy_Cupwing/7.wav,Pygmy_Cupwing,33.0,36.0
../ibc53/Pygmy_Cupwing/7.wav,Pygmy_Cupwing,36.0,39.0
../ibc53/Pygmy_Cupwing/7.wav,Pygmy_Cupwing,39.0,42.0
../ibc53/Pygmy_Cupwing/7.wav,Pygmy_Cupwing,42.0,45.0
../ibc53/Pygmy_Cupwing/7.wav,Pygmy_Cupwing,45.0,48.0
../ibc53/Pygmy_Cupwing/8.wav,Pygmy_Cupwing,0,3.0
../ibc53/Pygmy_Cupwing/8.wav,Pygmy_Cupwing,3.0,6.0
../ibc53/Pygmy_Cupwing/8.wav,Pygmy_Cupwing,6.0,9.0
../ibc53/Pygmy_Cupwing/8.wav,Pygmy_Cupwing,9.0,12.0
../ibc53/Pygmy_Cupwing/8.wav,Pygmy_Cupwing,12.0,15.0
../ibc53/Pygmy_Cupwing/8.wav,Pygmy_Cupwing,15.0,18.0
../ibc53/Pygmy_Cupwing/8.wav,Pygmy_Cupwing,18.0,21.0
../ibc53/Pygmy_Cupwing/8.wav,Pygmy_Cupwing,21.0,24.0
../ibc53/Pygmy_Cupwing/25.wav,Pygmy_Cupwing,0,3.0
../ibc53/Pygmy_Cupwing/25.wav,Pygmy_Cupwing,3.0,6.0
../ibc53/Pygmy_Cupwing/25.wav,Pygmy_Cupwing,6.0,9.0
../ibc53/Pygmy_Cupwing/25.wav,Pygmy_Cupwing,9.0,12.0
../ibc53/Pygmy_Cupwing/25.wav,Pygmy_Cupwing,12.0,15.0
../ibc53/Pygmy_Cupwing/25.wav,Pygmy_Cupwing,15.0,18.0
../ibc53/Pygmy_Cupwing/25.wav,Pygmy_Cupwing,18.0,21.0
../ibc53/Pygmy_Cupwing/25.wav,Pygmy_Cupwing,21.0,24.0
../ibc53/Pygmy_Cupwing/25.wav,Pygmy_Cupwing,24.0,27.0
../ibc53/Pygmy_Cupwing/25.wav,Pygmy_Cupwing,27.0,30.0
../ibc53/Pygmy_Cupwing/25.wav,Pygmy_Cupwing,30.0,33.0
../ibc53/Pygmy_Cupwing/25.wav,Pygmy_Cupwing,33.0,36.0
../ibc53/Pygmy_Cupwing/25.wav,Pygmy_Cupwing,36.0,39.0
../ibc53/Pygmy_Cupwing/25.wav,Pygmy_Cupwing,39.0,42.0
../ibc53/Pygmy_Cupwing/25.wav,Pygmy_Cupwing,42.0,45.0
../ibc53/Pygmy_Cupwing/24.wav,Pygmy_Cupwing,0,3.0
../ibc53/Pygmy_Cupwing/24.wav,Pygmy_Cupwing,3.0,6.0
../ibc53/Pygmy_Cupwing/24.wav,Pygmy_Cupwing,6.0,9.0
../ibc53/Pygmy_Cupwing/24.wav,Pygmy_Cupwing,9.0,12.0
../ibc53/Pygmy_Cupwing/24.wav,Pygmy_Cupwing,12.0,15.0
../ibc53/Pygmy_Cupwing/24.wav,Pygmy_Cupwing,15.0,18.0
../ibc53/Pygmy_Cupwing/24.wav,Pygmy_Cupwing,18.0,21.0
../ibc53/Pygmy_Cupwing/24.wav,Pygmy_Cupwing,21.0,24.0
../ibc53/Pygmy_Cupwing/24.wav,Pygmy_Cupwing,24.0,27.0
../ibc53/Pygmy_Cupwing/24.wav,Pygmy_Cupwing,27.0,30.0
../ibc53/Pygmy_Cupwing/17.wav,Pygmy_Cupwing,0,3.0
../ibc53/Pygmy_Cupwing/17.wav,Pygmy_Cupwing,3.0,6.0
../ibc53/Pygmy_Cupwing/17.wav,Pygmy_Cupwing,6.0,9.0
../ibc53/Pygmy_Cupwing/17.wav,Pygmy_Cupwing,9.0,12.0
../ibc53/Pygmy_Cupwing/17.wav,Pygmy_Cupwing,12.0,15.0
../ibc53/Pygmy_Cupwing/17.wav,Pygmy_Cupwing,15.0,18.0
../ibc53/Pygmy_Cupwing/17.wav,Pygmy_Cupwing,18.0,21.0
../ibc53/Pygmy_Cupwing/17.wav,Pygmy_Cupwing,21.0,24.0
../ibc53/Pygmy_Cupwing/17.wav,Pygmy_Cupwing,24.0,27.0
../ibc53/Pygmy_Cupwing/17.wav,Pygmy_Cupwing,27.0,30.0
../ibc53/Pygmy_Cupwing/17.wav,Pygmy_Cupwing,30.0,33.0
../ibc53/Pygmy_Cupwing/17.wav,Pygmy_Cupwing,33.0,36.0
../ibc53/Pygmy_Cupwing/17.wav,Pygmy_Cupwing,36.0,39.0
../ibc53/Pygmy_Cupwing/17.wav,Pygmy_Cupwing,39.0,42.0
../ibc53/Pygmy_Cupwing/17.wav,Pygmy_Cupwing,42.0,45.0
../ibc53/Pygmy_Cupwing/17.wav,Pygmy_Cupwing,45.0,48.0
../ibc53/Pygmy_Cupwing/1.wav,Pygmy_Cupwing,0,3.0
../ibc53/Pygmy_Cupwing/1.wav,Pygmy_Cupwing,3.0,6.0
../ibc53/Pygmy_Cupwing/1.wav,Pygmy_Cupwing,6.0,9.0
../ibc53/Pygmy_Cupwing/1.wav,Pygmy_Cupwing,9.0,12.0
../ibc53/Pygmy_Cupwing/1.wav,Pygmy_Cupwing,12.0,15.0
../ibc53/Pygmy_Cupwing/1.wav,Pygmy_Cupwing,15.0,18.0
../ibc53/Pygmy_Cupwing/1.wav,Pygmy_Cupwing,18.0,21.0
../ibc53/Pygmy_Cupwing/1.wav,Pygmy_Cupwing,21.0,24.0
../ibc53/Pygmy_Cupwing/1.wav,Pygmy_Cupwing,24.0,27.0
../ibc53/Pygmy_Cupwing/1.wav,Pygmy_Cupwing,27.0,30.0
../ibc53/Pygmy_Cupwing/1.wav,Pygmy_Cupwing,30.0,33.0
../ibc53/Pygmy_Cupwing/1.wav,Pygmy_Cupwing,33.0,36.0
../ibc53/Pygmy_Cupwing/1.wav,Pygmy_Cupwing,36.0,39.0
../ibc53/Pygmy_Cupwing/1.wav,Pygmy_Cupwing,39.0,42.0
../ibc53/Pygmy_Cupwing/1.wav,Pygmy_Cupwing,42.0,45.0
../ibc53/Pygmy_Cupwing/1.wav,Pygmy_Cupwing,45.0,48.0
../ibc53/Pygmy_Cupwing/1.wav,Pygmy_Cupwing,48.0,51.0
../ibc53/Pygmy_Cupwing/1.wav,Pygmy_Cupwing,51.0,54.0
../ibc53/Pygmy_Cupwing/1.wav,Pygmy_Cupwing,54.0,57.0
../ibc53/Pygmy_Cupwing/1.wav,Pygmy_Cupwing,57.0,60.0
../ibc53/Pygmy_Cupwing/13.wav,Pygmy_Cupwing,0,3.0
../ibc53/Pygmy_Cupwing/13.wav,Pygmy_Cupwing,3.0,6.0
../ibc53/Pygmy_Cupwing/13.wav,Pygmy_Cupwing,6.0,9.0
../ibc53/Pygmy_Cupwing/13.wav,Pygmy_Cupwing,9.0,12.0
../ibc53/Pygmy_Cupwing/26.wav,Pygmy_Cupwing,0,3.0
../ibc53/Pygmy_Cupwing/26.wav,Pygmy_Cupwing,3.0,6.0
../ibc53/Pygmy_Cupwing/26.wav,Pygmy_Cupwing,6.0,9.0
../ibc53/Pygmy_Cupwing/26.wav,Pygmy_Cupwing,9.0,12.0
../ibc53/Pygmy_Cupwing/26.wav,Pygmy_Cupwing,12.0,15.0
../ibc53/Pygmy_Cupwing/26.wav,Pygmy_Cupwing,15.0,18.0
../ibc53/Pygmy_Cupwing/16.wav,Pygmy_Cupwing,0,3.0
../ibc53/Pygmy_Cupwing/16.wav,Pygmy_Cupwing,3.0,6.0
../ibc53/Pygmy_Cupwing/16.wav,Pygmy_Cupwing,6.0,9.0
../ibc53/Pygmy_Cupwing/16.wav,Pygmy_Cupwing,9.0,12.0
../ibc53/Pygmy_Cupwing/16.wav,Pygmy_Cupwing,12.0,15.0
../ibc53/Pygmy_Cupwing/16.wav,Pygmy_Cupwing,15.0,18.0
../ibc53/Pygmy_Cupwing/20.wav,Pygmy_Cupwing,0,3.0
../ibc53/Pygmy_Cupwing/20.wav,Pygmy_Cupwing,3.0,6.0
../ibc53/Pygmy_Cupwing/20.wav,Pygmy_Cupwing,6.0,9.0
../ibc53/Pygmy_Cupwing/20.wav,Pygmy_Cupwing,9.0,12.0
../ibc53/Pygmy_Cupwing/20.wav,Pygmy_Cupwing,12.0,15.0
../ibc53/Pygmy_Cupwing/20.wav,Pygmy_Cupwing,15.0,18.0
../ibc53/Pygmy_Cupwing/20.wav,Pygmy_Cupwing,18.0,21.0
../ibc53/Pygmy_Cupwing/20.wav,Pygmy_Cupwing,21.0,24.0
../ibc53/Pygmy_Cupwing/20.wav,Pygmy_Cupwing,24.0,27.0
../ibc53/Pygmy_Cupwing/20.wav,Pygmy_Cupwing,27.0,30.0
../ibc53/Pygmy_Cupwing/20.wav,Pygmy_Cupwing,30.0,33.0
../ibc53/Pygmy_Cupwing/20.wav,Pygmy_Cupwing,33.0,36.0
../ibc53/Pygmy_Cupwing/20.wav,Pygmy_Cupwing,36.0,39.0
../ibc53/Pygmy_Cupwing/20.wav,Pygmy_Cupwing,39.0,42.0
../ibc53/Pygmy_Cupwing/20.wav,Pygmy_Cupwing,42.0,45.0
../ibc53/Pygmy_Cupwing/20.wav,Pygmy_Cupwing,45.0,48.0
../ibc53/Pygmy_Cupwing/20.wav,Pygmy_Cupwing,48.0,51.0
../ibc53/Pygmy_Cupwing/20.wav,Pygmy_Cupwing,51.0,54.0
../ibc53/Pygmy_Cupwing/28.wav,Pygmy_Cupwing,0,3.0
../ibc53/Pygmy_Cupwing/28.wav,Pygmy_Cupwing,3.0,6.0
../ibc53/Pygmy_Cupwing/21.wav,Pygmy_Cupwing,0,3.0
../ibc53/Pygmy_Cupwing/21.wav,Pygmy_Cupwing,3.0,6.0
../ibc53/Pygmy_Cupwing/21.wav,Pygmy_Cupwing,6.0,9.0
../ibc53/Pygmy_Cupwing/21.wav,Pygmy_Cupwing,9.0,12.0
../ibc53/Pygmy_Cupwing/21.wav,Pygmy_Cupwing,12.0,15.0
../ibc53/Pygmy_Cupwing/21.wav,Pygmy_Cupwing,15.0,18.0
../ibc53/Pygmy_Cupwing/21.wav,Pygmy_Cupwing,18.0,21.0
../ibc53/Pygmy_Cupwing/21.wav,Pygmy_Cupwing,21.0,24.0
../ibc53/Pygmy_Cupwing/21.wav,Pygmy_Cupwing,24.0,27.0
../ibc53/Pygmy_Cupwing/21.wav,Pygmy_Cupwing,27.0,30.0
../ibc53/Pygmy_Cupwing/21.wav,Pygmy_Cupwing,30.0,33.0
../ibc53/Pygmy_Cupwing/12.wav,Pygmy_Cupwing,0,3.0
../ibc53/Pygmy_Cupwing/12.wav,Pygmy_Cupwing,3.0,6.0
../ibc53/Pygmy_Cupwing/12.wav,Pygmy_Cupwing,6.0,9.0
../ibc53/Pygmy_Cupwing/12.wav,Pygmy_Cupwing,9.0,12.0
../ibc53/Pygmy_Cupwing/12.wav,Pygmy_Cupwing,12.0,15.0
../ibc53/Pygmy_Cupwing/12.wav,Pygmy_Cupwing,15.0,18.0
../ibc53/Pygmy_Cupwing/12.wav,Pygmy_Cupwing,18.0,21.0
../ibc53/Pygmy_Cupwing/12.wav,Pygmy_Cupwing,21.0,24.0
../ibc53/Pygmy_Cupwing/12.wav,Pygmy_Cupwing,24.0,27.0
../ibc53/Pygmy_Cupwing/12.wav,Pygmy_Cupwing,27.0,30.0
../ibc53/Pygmy_Cupwing/12.wav,Pygmy_Cupwing,30.0,33.0
../ibc53/Pygmy_Cupwing/12.wav,Pygmy_Cupwing,33.0,36.0
../ibc53/Pygmy_Cupwing/12.wav,Pygmy_Cupwing,36.0,39.0
../ibc53/Pygmy_Cupwing/12.wav,Pygmy_Cupwing,39.0,42.0
../ibc53/Pygmy_Cupwing/12.wav,Pygmy_Cupwing,42.0,45.0
../ibc53/Pygmy_Cupwing/12.wav,Pygmy_Cupwing,45.0,48.0
../ibc53/Pygmy_Cupwing/12.wav,Pygmy_Cupwing,48.0,51.0
../ibc53/Pygmy_Cupwing/2.wav,Pygmy_Cupwing,0,3.0
../ibc53/Pygmy_Cupwing/2.wav,Pygmy_Cupwing,3.0,6.0
../ibc53/Pygmy_Cupwing/2.wav,Pygmy_Cupwing,6.0,9.0
../ibc53/Pygmy_Cupwing/2.wav,Pygmy_Cupwing,9.0,12.0
../ibc53/Pygmy_Cupwing/2.wav,Pygmy_Cupwing,12.0,15.0
../ibc53/Pygmy_Cupwing/2.wav,Pygmy_Cupwing,15.0,18.0
../ibc53/Pygmy_Cupwing/2.wav,Pygmy_Cupwing,18.0,21.0
../ibc53/Pygmy_Cupwing/2.wav,Pygmy_Cupwing,21.0,24.0
../ibc53/Pygmy_Cupwing/4.wav,Pygmy_Cupwing,0,3.0
../ibc53/Pygmy_Cupwing/4.wav,Pygmy_Cupwing,3.0,6.0
../ibc53/Pygmy_Cupwing/4.wav,Pygmy_Cupwing,6.0,9.0
../ibc53/Pygmy_Cupwing/4.wav,Pygmy_Cupwing,9.0,12.0
../ibc53/Pygmy_Cupwing/4.wav,Pygmy_Cupwing,12.0,15.0
../ibc53/Pygmy_Cupwing/4.wav,Pygmy_Cupwing,15.0,18.0
../ibc53/Pygmy_Cupwing/4.wav,Pygmy_Cupwing,18.0,21.0
../ibc53/Pygmy_Cupwing/4.wav,Pygmy_Cupwing,21.0,24.0
../ibc53/Pygmy_Cupwing/27.wav,Pygmy_Cupwing,0,3.0
../ibc53/Pygmy_Cupwing/27.wav,Pygmy_Cupwing,3.0,6.0
../ibc53/Pygmy_Cupwing/27.wav,Pygmy_Cupwing,6.0,9.0
../ibc53/Pygmy_Cupwing/27.wav,Pygmy_Cupwing,9.0,12.0
../ibc53/Pygmy_Cupwing/27.wav,Pygmy_Cupwing,12.0,15.0
../ibc53/Pygmy_Cupwing/27.wav,Pygmy_Cupwing,15.0,18.0
../ibc53/Pygmy_Cupwing/27.wav,Pygmy_Cupwing,18.0,21.0
../ibc53/Pygmy_Cupwing/27.wav,Pygmy_Cupwing,21.0,24.0
../ibc53/Pygmy_Cupwing/27.wav,Pygmy_Cupwing,24.0,27.0
../ibc53/Pygmy_Cupwing/14.wav,Pygmy_Cupwing,0,3.0
../ibc53/Pygmy_Cupwing/14.wav,Pygmy_Cupwing,3.0,6.0
../ibc53/Pygmy_Cupwing/14.wav,Pygmy_Cupwing,6.0,9.0
../ibc53/Pygmy_Cupwing/14.wav,Pygmy_Cupwing,9.0,12.0
../ibc53/Pygmy_Cupwing/14.wav,Pygmy_Cupwing,12.0,15.0
../ibc53/Pygmy_Cupwing/14.wav,Pygmy_Cupwing,15.0,18.0
../ibc53/Pygmy_Cupwing/14.wav,Pygmy_Cupwing,18.0,21.0
../ibc53/Pygmy_Cupwing/14.wav,Pygmy_Cupwing,21.0,24.0
../ibc53/Pygmy_Cupwing/14.wav,Pygmy_Cupwing,24.0,27.0
../ibc53/Pygmy_Cupwing/14.wav,Pygmy_Cupwing,27.0,30.0
../ibc53/Pygmy_Cupwing/22.wav,Pygmy_Cupwing,0,3.0
../ibc53/Pygmy_Cupwing/22.wav,Pygmy_Cupwing,3.0,6.0
../ibc53/Pygmy_Cupwing/22.wav,Pygmy_Cupwing,6.0,9.0
../ibc53/Pygmy_Cupwing/22.wav,Pygmy_Cupwing,9.0,12.0
../ibc53/Pygmy_Cupwing/22.wav,Pygmy_Cupwing,12.0,15.0
../ibc53/Pygmy_Cupwing/22.wav,Pygmy_Cupwing,15.0,18.0
../ibc53/Pygmy_Cupwing/22.wav,Pygmy_Cupwing,18.0,21.0
../ibc53/Pygmy_Cupwing/22.wav,Pygmy_Cupwing,21.0,24.0
../ibc53/Pygmy_Cupwing/22.wav,Pygmy_Cupwing,24.0,27.0
../ibc53/Pygmy_Cupwing/22.wav,Pygmy_Cupwing,27.0,30.0
../ibc53/Pygmy_Cupwing/22.wav,Pygmy_Cupwing,30.0,33.0
../ibc53/Pygmy_Cupwing/22.wav,Pygmy_Cupwing,33.0,36.0
../ibc53/Pygmy_Cupwing/22.wav,Pygmy_Cupwing,36.0,39.0
../ibc53/Pygmy_Cupwing/22.wav,Pygmy_Cupwing,39.0,42.0
../ibc53/Pygmy_Cupwing/22.wav,Pygmy_Cupwing,42.0,45.0
../ibc53/Pygmy_Cupwing/22.wav,Pygmy_Cupwing,45.0,48.0
../ibc53/Pygmy_Cupwing/22.wav,Pygmy_Cupwing,48.0,51.0
../ibc53/Pygmy_Cupwing/10.wav,Pygmy_Cupwing,0,3.0
../ibc53/Pygmy_Cupwing/10.wav,Pygmy_Cupwing,3.0,6.0
../ibc53/Pygmy_Cupwing/10.wav,Pygmy_Cupwing,6.0,9.0
../ibc53/Pygmy_Cupwing/10.wav,Pygmy_Cupwing,9.0,12.0
../ibc53/Pygmy_Cupwing/10.wav,Pygmy_Cupwing,12.0,15.0
../ibc53/Pygmy_Cupwing/10.wav,Pygmy_Cupwing,15.0,18.0
../ibc53/Pygmy_Cupwing/29.wav,Pygmy_Cupwing,0,3.0
../ibc53/Pygmy_Cupwing/29.wav,Pygmy_Cupwing,3.0,6.0
../ibc53/Pygmy_Cupwing/29.wav,Pygmy_Cupwing,6.0,9.0
../ibc53/Pygmy_Cupwing/29.wav,Pygmy_Cupwing,9.0,12.0
../ibc53/Pygmy_Cupwing/29.wav,Pygmy_Cupwing,12.0,15.0
../ibc53/Pygmy_Cupwing/29.wav,Pygmy_Cupwing,15.0,18.0
../ibc53/Pygmy_Cupwing/29.wav,Pygmy_Cupwing,18.0,21.0
../ibc53/Pygmy_Cupwing/29.wav,Pygmy_Cupwing,21.0,24.0
../ibc53/Pygmy_Cupwing/29.wav,Pygmy_Cupwing,24.0,27.0
../ibc53/Pygmy_Cupwing/29.wav,Pygmy_Cupwing,27.0,30.0
../ibc53/Pygmy_Cupwing/29.wav,Pygmy_Cupwing,30.0,33.0
../ibc53/Pygmy_Cupwing/29.wav,Pygmy_Cupwing,33.0,36.0
../ibc53/Pygmy_Cupwing/29.wav,Pygmy_Cupwing,36.0,39.0
../ibc53/Pygmy_Cupwing/29.wav,Pygmy_Cupwing,39.0,42.0
../ibc53/Pygmy_Cupwing/29.wav,Pygmy_Cupwing,42.0,45.0
../ibc53/Pygmy_Cupwing/29.wav,Pygmy_Cupwing,45.0,48.0
../ibc53/Pygmy_Cupwing/29.wav,Pygmy_Cupwing,48.0,51.0
../ibc53/Pygmy_Cupwing/29.wav,Pygmy_Cupwing,51.0,54.0
../ibc53/Pygmy_Cupwing/29.wav,Pygmy_Cupwing,54.0,57.0
../ibc53/Pygmy_Cupwing/29.wav,Pygmy_Cupwing,57.0,60.0
../ibc53/Pygmy_Cupwing/29.wav,Pygmy_Cupwing,60.0,63.0
../ibc53/Pygmy_Cupwing/29.wav,Pygmy_Cupwing,63.0,66.0
../ibc53/Pygmy_Cupwing/29.wav,Pygmy_Cupwing,66.0,69.0
../ibc53/Pygmy_Cupwing/29.wav,Pygmy_Cupwing,69.0,72.0
../ibc53/Pygmy_Cupwing/29.wav,Pygmy_Cupwing,72.0,75.0
../ibc53/Pygmy_Cupwing/29.wav,Pygmy_Cupwing,75.0,78.0
../ibc53/Pygmy_Cupwing/29.wav,Pygmy_Cupwing,78.0,81.0
../ibc53/Pygmy_Cupwing/29.wav,Pygmy_Cupwing,81.0,84.0
../ibc53/Pygmy_Cupwing/19.wav,Pygmy_Cupwing,0,3.0
../ibc53/Pygmy_Cupwing/19.wav,Pygmy_Cupwing,3.0,6.0
../ibc53/Pygmy_Cupwing/19.wav,Pygmy_Cupwing,6.0,9.0
../ibc53/Pygmy_Cupwing/19.wav,Pygmy_Cupwing,9.0,12.0
../ibc53/Pygmy_Cupwing/19.wav,Pygmy_Cupwing,12.0,15.0
../ibc53/Pygmy_Cupwing/19.wav,Pygmy_Cupwing,15.0,18.0
../ibc53/Pygmy_Cupwing/19.wav,Pygmy_Cupwing,18.0,21.0
../ibc53/Pygmy_Cupwing/19.wav,Pygmy_Cupwing,21.0,24.0
../ibc53/Pygmy_Cupwing/19.wav,Pygmy_Cupwing,24.0,27.0
../ibc53/Pygmy_Cupwing/19.wav,Pygmy_Cupwing,27.0,30.0
../ibc53/Pygmy_Cupwing/19.wav,Pygmy_Cupwing,30.0,33.0
../ibc53/Pygmy_Cupwing/19.wav,Pygmy_Cupwing,33.0,36.0
../ibc53/Pygmy_Cupwing/19.wav,Pygmy_Cupwing,36.0,39.0
../ibc53/Pygmy_Cupwing/19.wav,Pygmy_Cupwing,39.0,42.0
../ibc53/Pygmy_Cupwing/9.wav,Pygmy_Cupwing,0,3.0
../ibc53/Pygmy_Cupwing/9.wav,Pygmy_Cupwing,3.0,6.0
../ibc53/Pygmy_Cupwing/9.wav,Pygmy_Cupwing,6.0,9.0
../ibc53/Pygmy_Cupwing/9.wav,Pygmy_Cupwing,9.0,12.0
../ibc53/Pygmy_Cupwing/9.wav,Pygmy_Cupwing,12.0,15.0
../ibc53/Pygmy_Cupwing/9.wav,Pygmy_Cupwing,15.0,18.0
../ibc53/Pygmy_Cupwing/9.wav,Pygmy_Cupwing,18.0,21.0
../ibc53/Pygmy_Cupwing/9.wav,Pygmy_Cupwing,21.0,24.0
../ibc53/Pygmy_Cupwing/9.wav,Pygmy_Cupwing,24.0,27.0
../ibc53/Pygmy_Cupwing/6.wav,Pygmy_Cupwing,0,3.0
../ibc53/Pygmy_Cupwing/6.wav,Pygmy_Cupwing,3.0,6.0
../ibc53/Pygmy_Cupwing/6.wav,Pygmy_Cupwing,6.0,9.0
../ibc53/Pygmy_Cupwing/6.wav,Pygmy_Cupwing,9.0,12.0
../ibc53/Pygmy_Cupwing/6.wav,Pygmy_Cupwing,12.0,15.0
../ibc53/Pygmy_Cupwing/6.wav,Pygmy_Cupwing,15.0,18.0
../ibc53/Pygmy_Cupwing/6.wav,Pygmy_Cupwing,18.0,21.0
../ibc53/Pygmy_Cupwing/6.wav,Pygmy_Cupwing,21.0,24.0
../ibc53/Pygmy_Cupwing/6.wav,Pygmy_Cupwing,24.0,27.0
../ibc53/Pygmy_Cupwing/6.wav,Pygmy_Cupwing,27.0,30.0
../ibc53/Pygmy_Cupwing/6.wav,Pygmy_Cupwing,30.0,33.0
../ibc53/Pygmy_Cupwing/6.wav,Pygmy_Cupwing,33.0,36.0
../ibc53/Pygmy_Cupwing/11.wav,Pygmy_Cupwing,0,3.0
../ibc53/Pygmy_Cupwing/11.wav,Pygmy_Cupwing,3.0,6.0
../ibc53/Pygmy_Cupwing/11.wav,Pygmy_Cupwing,6.0,9.0
../ibc53/Pygmy_Cupwing/11.wav,Pygmy_Cupwing,9.0,12.0
../ibc53/Pygmy_Cupwing/11.wav,Pygmy_Cupwing,12.0,15.0
../ibc53/Pygmy_Cupwing/11.wav,Pygmy_Cupwing,15.0,18.0
../ibc53/Pygmy_Cupwing/11.wav,Pygmy_Cupwing,18.0,21.0
../ibc53/Pygmy_Cupwing/11.wav,Pygmy_Cupwing,21.0,24.0
../ibc53/Pygmy_Cupwing/11.wav,Pygmy_Cupwing,24.0,27.0
../ibc53/Pygmy_Cupwing/11.wav,Pygmy_Cupwing,27.0,30.0
../ibc53/Pygmy_Cupwing/11.wav,Pygmy_Cupwing,30.0,33.0
../ibc53/Pygmy_Cupwing/23.wav,Pygmy_Cupwing,0,3.0
../ibc53/Pygmy_Cupwing/23.wav,Pygmy_Cupwing,3.0,6.0
../ibc53/Pygmy_Cupwing/23.wav,Pygmy_Cupwing,6.0,9.0
../ibc53/Pygmy_Cupwing/23.wav,Pygmy_Cupwing,9.0,12.0
../ibc53/Pygmy_Cupwing/23.wav,Pygmy_Cupwing,12.0,15.0
../ibc53/Pygmy_Cupwing/23.wav,Pygmy_Cupwing,15.0,18.0
../ibc53/Pygmy_Cupwing/23.wav,Pygmy_Cupwing,18.0,21.0
../ibc53/Pygmy_Cupwing/23.wav,Pygmy_Cupwing,21.0,24.0
../ibc53/Pygmy_Cupwing/23.wav,Pygmy_Cupwing,24.0,27.0
../ibc53/Pygmy_Cupwing/23.wav,Pygmy_Cupwing,27.0,30.0
../ibc53/Pygmy_Cupwing/23.wav,Pygmy_Cupwing,30.0,33.0
../ibc53/Pygmy_Cupwing/23.wav,Pygmy_Cupwing,33.0,36.0
../ibc53/Pygmy_Cupwing/23.wav,Pygmy_Cupwing,36.0,39.0
../ibc53/Pygmy_Cupwing/23.wav,Pygmy_Cupwing,39.0,42.0
../ibc53/Pygmy_Cupwing/23.wav,Pygmy_Cupwing,42.0,45.0
../ibc53/Pygmy_Cupwing/23.wav,Pygmy_Cupwing,45.0,48.0
../ibc53/Pygmy_Cupwing/23.wav,Pygmy_Cupwing,48.0,51.0
../ibc53/Pygmy_Cupwing/23.wav,Pygmy_Cupwing,51.0,54.0
../ibc53/Pygmy_Cupwing/23.wav,Pygmy_Cupwing,54.0,57.0
../ibc53/Pygmy_Cupwing/23.wav,Pygmy_Cupwing,57.0,60.0
../ibc53/Pygmy_Cupwing/23.wav,Pygmy_Cupwing,60.0,63.0
../ibc53/Pygmy_Cupwing/23.wav,Pygmy_Cupwing,63.0,66.0
../ibc53/Pygmy_Cupwing/23.wav,Pygmy_Cupwing,66.0,69.0
../ibc53/Pygmy_Cupwing/23.wav,Pygmy_Cupwing,69.0,72.0
../ibc53/Pygmy_Cupwing/23.wav,Pygmy_Cupwing,72.0,75.0
../ibc53/Pygmy_Cupwing/23.wav,Pygmy_Cupwing,75.0,78.0
../ibc53/Red-faced_Liocichla/15.wav,Red-faced_Liocichla,0,3.0
../ibc53/Red-faced_Liocichla/15.wav,Red-faced_Liocichla,3.0,6.0
../ibc53/Red-faced_Liocichla/15.wav,Red-faced_Liocichla,6.0,9.0
../ibc53/Red-faced_Liocichla/15.wav,Red-faced_Liocichla,9.0,12.0
../ibc53/Red-faced_Liocichla/15.wav,Red-faced_Liocichla,12.0,15.0
../ibc53/Red-faced_Liocichla/15.wav,Red-faced_Liocichla,15.0,18.0
../ibc53/Red-faced_Liocichla/3.wav,Red-faced_Liocichla,0,3.0
../ibc53/Red-faced_Liocichla/3.wav,Red-faced_Liocichla,3.0,6.0
../ibc53/Red-faced_Liocichla/3.wav,Red-faced_Liocichla,6.0,9.0
../ibc53/Red-faced_Liocichla/3.wav,Red-faced_Liocichla,9.0,12.0
../ibc53/Red-faced_Liocichla/3.wav,Red-faced_Liocichla,12.0,15.0
../ibc53/Red-faced_Liocichla/3.wav,Red-faced_Liocichla,15.0,18.0
../ibc53/Red-faced_Liocichla/3.wav,Red-faced_Liocichla,18.0,21.0
../ibc53/Red-faced_Liocichla/3.wav,Red-faced_Liocichla,21.0,24.0
../ibc53/Red-faced_Liocichla/3.wav,Red-faced_Liocichla,24.0,27.0
../ibc53/Red-faced_Liocichla/3.wav,Red-faced_Liocichla,27.0,30.0
../ibc53/Red-faced_Liocichla/3.wav,Red-faced_Liocichla,30.0,33.0
../ibc53/Red-faced_Liocichla/3.wav,Red-faced_Liocichla,33.0,36.0
../ibc53/Red-faced_Liocichla/3.wav,Red-faced_Liocichla,36.0,39.0
../ibc53/Red-faced_Liocichla/5.wav,Red-faced_Liocichla,0,3.0
../ibc53/Red-faced_Liocichla/5.wav,Red-faced_Liocichla,3.0,6.0
../ibc53/Red-faced_Liocichla/5.wav,Red-faced_Liocichla,6.0,9.0
../ibc53/Red-faced_Liocichla/5.wav,Red-faced_Liocichla,9.0,12.0
../ibc53/Red-faced_Liocichla/5.wav,Red-faced_Liocichla,12.0,15.0
../ibc53/Red-faced_Liocichla/5.wav,Red-faced_Liocichla,15.0,18.0
../ibc53/Red-faced_Liocichla/5.wav,Red-faced_Liocichla,18.0,21.0
../ibc53/Red-faced_Liocichla/5.wav,Red-faced_Liocichla,21.0,24.0
../ibc53/Red-faced_Liocichla/5.wav,Red-faced_Liocichla,24.0,27.0
../ibc53/Red-faced_Liocichla/5.wav,Red-faced_Liocichla,27.0,30.0
../ibc53/Red-faced_Liocichla/5.wav,Red-faced_Liocichla,30.0,33.0
../ibc53/Red-faced_Liocichla/5.wav,Red-faced_Liocichla,33.0,36.0
../ibc53/Red-faced_Liocichla/18.wav,Red-faced_Liocichla,0,3.0
../ibc53/Red-faced_Liocichla/18.wav,Red-faced_Liocichla,3.0,6.0
../ibc53/Red-faced_Liocichla/18.wav,Red-faced_Liocichla,6.0,9.0
../ibc53/Red-faced_Liocichla/18.wav,Red-faced_Liocichla,9.0,12.0
../ibc53/Red-faced_Liocichla/18.wav,Red-faced_Liocichla,12.0,15.0
../ibc53/Red-faced_Liocichla/7.wav,Red-faced_Liocichla,0,3.0
../ibc53/Red-faced_Liocichla/7.wav,Red-faced_Liocichla,3.0,6.0
../ibc53/Red-faced_Liocichla/7.wav,Red-faced_Liocichla,6.0,9.0
../ibc53/Red-faced_Liocichla/7.wav,Red-faced_Liocichla,9.0,12.0
../ibc53/Red-faced_Liocichla/7.wav,Red-faced_Liocichla,12.0,15.0
../ibc53/Red-faced_Liocichla/7.wav,Red-faced_Liocichla,15.0,18.0
../ibc53/Red-faced_Liocichla/8.wav,Red-faced_Liocichla,0,3.0
../ibc53/Red-faced_Liocichla/8.wav,Red-faced_Liocichla,3.0,6.0
../ibc53/Red-faced_Liocichla/8.wav,Red-faced_Liocichla,6.0,9.0
../ibc53/Red-faced_Liocichla/8.wav,Red-faced_Liocichla,9.0,12.0
../ibc53/Red-faced_Liocichla/8.wav,Red-faced_Liocichla,12.0,15.0
../ibc53/Red-faced_Liocichla/8.wav,Red-faced_Liocichla,15.0,18.0
../ibc53/Red-faced_Liocichla/8.wav,Red-faced_Liocichla,18.0,21.0
../ibc53/Red-faced_Liocichla/8.wav,Red-faced_Liocichla,21.0,24.0
../ibc53/Red-faced_Liocichla/8.wav,Red-faced_Liocichla,24.0,27.0
../ibc53/Red-faced_Liocichla/8.wav,Red-faced_Liocichla,27.0,30.0
../ibc53/Red-faced_Liocichla/8.wav,Red-faced_Liocichla,30.0,33.0
../ibc53/Red-faced_Liocichla/8.wav,Red-faced_Liocichla,33.0,36.0
../ibc53/Red-faced_Liocichla/8.wav,Red-faced_Liocichla,36.0,39.0
../ibc53/Red-faced_Liocichla/8.wav,Red-faced_Liocichla,39.0,42.0
../ibc53/Red-faced_Liocichla/17.wav,Red-faced_Liocichla,0,3.0
../ibc53/Red-faced_Liocichla/17.wav,Red-faced_Liocichla,3.0,6.0
../ibc53/Red-faced_Liocichla/17.wav,Red-faced_Liocichla,6.0,9.0
../ibc53/Red-faced_Liocichla/17.wav,Red-faced_Liocichla,9.0,12.0
../ibc53/Red-faced_Liocichla/17.wav,Red-faced_Liocichla,12.0,15.0
../ibc53/Red-faced_Liocichla/17.wav,Red-faced_Liocichla,15.0,18.0
../ibc53/Red-faced_Liocichla/17.wav,Red-faced_Liocichla,18.0,21.0
../ibc53/Red-faced_Liocichla/17.wav,Red-faced_Liocichla,21.0,24.0
../ibc53/Red-faced_Liocichla/1.wav,Red-faced_Liocichla,0,3.0
../ibc53/Red-faced_Liocichla/1.wav,Red-faced_Liocichla,3.0,6.0
../ibc53/Red-faced_Liocichla/1.wav,Red-faced_Liocichla,6.0,9.0
../ibc53/Red-faced_Liocichla/1.wav,Red-faced_Liocichla,9.0,12.0
../ibc53/Red-faced_Liocichla/1.wav,Red-faced_Liocichla,12.0,15.0
../ibc53/Red-faced_Liocichla/1.wav,Red-faced_Liocichla,15.0,18.0
../ibc53/Red-faced_Liocichla/1.wav,Red-faced_Liocichla,18.0,21.0
../ibc53/Red-faced_Liocichla/13.wav,Red-faced_Liocichla,0,3.0
../ibc53/Red-faced_Liocichla/13.wav,Red-faced_Liocichla,3.0,6.0
../ibc53/Red-faced_Liocichla/13.wav,Red-faced_Liocichla,6.0,9.0
../ibc53/Red-faced_Liocichla/13.wav,Red-faced_Liocichla,9.0,12.0
../ibc53/Red-faced_Liocichla/13.wav,Red-faced_Liocichla,12.0,15.0
../ibc53/Red-faced_Liocichla/13.wav,Red-faced_Liocichla,15.0,18.0
../ibc53/Red-faced_Liocichla/13.wav,Red-faced_Liocichla,18.0,21.0
../ibc53/Red-faced_Liocichla/13.wav,Red-faced_Liocichla,21.0,24.0
../ibc53/Red-faced_Liocichla/13.wav,Red-faced_Liocichla,24.0,27.0
../ibc53/Red-faced_Liocichla/13.wav,Red-faced_Liocichla,27.0,30.0
../ibc53/Red-faced_Liocichla/13.wav,Red-faced_Liocichla,30.0,33.0
../ibc53/Red-faced_Liocichla/13.wav,Red-faced_Liocichla,33.0,36.0
../ibc53/Red-faced_Liocichla/13.wav,Red-faced_Liocichla,36.0,39.0
../ibc53/Red-faced_Liocichla/13.wav,Red-faced_Liocichla,39.0,42.0
../ibc53/Red-faced_Liocichla/13.wav,Red-faced_Liocichla,42.0,45.0
../ibc53/Red-faced_Liocichla/13.wav,Red-faced_Liocichla,45.0,48.0
../ibc53/Red-faced_Liocichla/13.wav,Red-faced_Liocichla,48.0,51.0
../ibc53/Red-faced_Liocichla/13.wav,Red-faced_Liocichla,51.0,54.0
../ibc53/Red-faced_Liocichla/13.wav,Red-faced_Liocichla,54.0,57.0
../ibc53/Red-faced_Liocichla/13.wav,Red-faced_Liocichla,57.0,60.0
../ibc53/Red-faced_Liocichla/13.wav,Red-faced_Liocichla,60.0,63.0
../ibc53/Red-faced_Liocichla/13.wav,Red-faced_Liocichla,63.0,66.0
../ibc53/Red-faced_Liocichla/13.wav,Red-faced_Liocichla,66.0,69.0
../ibc53/Red-faced_Liocichla/13.wav,Red-faced_Liocichla,69.0,72.0
../ibc53/Red-faced_Liocichla/13.wav,Red-faced_Liocichla,72.0,75.0
../ibc53/Red-faced_Liocichla/13.wav,Red-faced_Liocichla,75.0,78.0
../ibc53/Red-faced_Liocichla/13.wav,Red-faced_Liocichla,78.0,81.0
../ibc53/Red-faced_Liocichla/13.wav,Red-faced_Liocichla,81.0,84.0
../ibc53/Red-faced_Liocichla/13.wav,Red-faced_Liocichla,84.0,87.0
../ibc53/Red-faced_Liocichla/13.wav,Red-faced_Liocichla,87.0,90.0
../ibc53/Red-faced_Liocichla/13.wav,Red-faced_Liocichla,90.0,93.0
../ibc53/Red-faced_Liocichla/13.wav,Red-faced_Liocichla,93.0,96.0
../ibc53/Red-faced_Liocichla/13.wav,Red-faced_Liocichla,96.0,99.0
../ibc53/Red-faced_Liocichla/13.wav,Red-faced_Liocichla,99.0,102.0
../ibc53/Red-faced_Liocichla/13.wav,Red-faced_Liocichla,102.0,105.0
../ibc53/Red-faced_Liocichla/13.wav,Red-faced_Liocichla,105.0,108.0
../ibc53/Red-faced_Liocichla/13.wav,Red-faced_Liocichla,108.0,111.0
../ibc53/Red-faced_Liocichla/13.wav,Red-faced_Liocichla,111.0,114.0
../ibc53/Red-faced_Liocichla/13.wav,Red-faced_Liocichla,114.0,117.0
../ibc53/Red-faced_Liocichla/13.wav,Red-faced_Liocichla,117.0,120.0
../ibc53/Red-faced_Liocichla/13.wav,Red-faced_Liocichla,120.0,123.0
../ibc53/Red-faced_Liocichla/13.wav,Red-faced_Liocichla,123.0,126.0
../ibc53/Red-faced_Liocichla/13.wav,Red-faced_Liocichla,126.0,129.0
../ibc53/Red-faced_Liocichla/13.wav,Red-faced_Liocichla,129.0,132.0
../ibc53/Red-faced_Liocichla/13.wav,Red-faced_Liocichla,132.0,135.0
../ibc53/Red-faced_Liocichla/13.wav,Red-faced_Liocichla,135.0,138.0
../ibc53/Red-faced_Liocichla/13.wav,Red-faced_Liocichla,138.0,141.0
../ibc53/Red-faced_Liocichla/13.wav,Red-faced_Liocichla,141.0,144.0
../ibc53/Red-faced_Liocichla/13.wav,Red-faced_Liocichla,144.0,147.0
../ibc53/Red-faced_Liocichla/13.wav,Red-faced_Liocichla,147.0,150.0
../ibc53/Red-faced_Liocichla/13.wav,Red-faced_Liocichla,150.0,153.0
../ibc53/Red-faced_Liocichla/13.wav,Red-faced_Liocichla,153.0,156.0
../ibc53/Red-faced_Liocichla/13.wav,Red-faced_Liocichla,156.0,159.0
../ibc53/Red-faced_Liocichla/13.wav,Red-faced_Liocichla,159.0,162.0
../ibc53/Red-faced_Liocichla/13.wav,Red-faced_Liocichla,162.0,165.0
../ibc53/Red-faced_Liocichla/13.wav,Red-faced_Liocichla,165.0,168.0
../ibc53/Red-faced_Liocichla/13.wav,Red-faced_Liocichla,168.0,171.0
../ibc53/Red-faced_Liocichla/13.wav,Red-faced_Liocichla,171.0,174.0
../ibc53/Red-faced_Liocichla/16.wav,Red-faced_Liocichla,0,3.0
../ibc53/Red-faced_Liocichla/16.wav,Red-faced_Liocichla,3.0,6.0
../ibc53/Red-faced_Liocichla/16.wav,Red-faced_Liocichla,6.0,9.0
../ibc53/Red-faced_Liocichla/16.wav,Red-faced_Liocichla,9.0,12.0
../ibc53/Red-faced_Liocichla/16.wav,Red-faced_Liocichla,12.0,15.0
../ibc53/Red-faced_Liocichla/16.wav,Red-faced_Liocichla,15.0,18.0
../ibc53/Red-faced_Liocichla/16.wav,Red-faced_Liocichla,18.0,21.0
../ibc53/Red-faced_Liocichla/16.wav,Red-faced_Liocichla,21.0,24.0
../ibc53/Red-faced_Liocichla/16.wav,Red-faced_Liocichla,24.0,27.0
../ibc53/Red-faced_Liocichla/20.wav,Red-faced_Liocichla,0,3.0
../ibc53/Red-faced_Liocichla/20.wav,Red-faced_Liocichla,3.0,6.0
../ibc53/Red-faced_Liocichla/20.wav,Red-faced_Liocichla,6.0,9.0
../ibc53/Red-faced_Liocichla/21.wav,Red-faced_Liocichla,0,3.0
../ibc53/Red-faced_Liocichla/21.wav,Red-faced_Liocichla,3.0,6.0
../ibc53/Red-faced_Liocichla/21.wav,Red-faced_Liocichla,6.0,9.0
../ibc53/Red-faced_Liocichla/21.wav,Red-faced_Liocichla,9.0,12.0
../ibc53/Red-faced_Liocichla/21.wav,Red-faced_Liocichla,12.0,15.0
../ibc53/Red-faced_Liocichla/21.wav,Red-faced_Liocichla,15.0,18.0
../ibc53/Red-faced_Liocichla/21.wav,Red-faced_Liocichla,18.0,21.0
../ibc53/Red-faced_Liocichla/21.wav,Red-faced_Liocichla,21.0,24.0
../ibc53/Red-faced_Liocichla/21.wav,Red-faced_Liocichla,24.0,27.0
../ibc53/Red-faced_Liocichla/21.wav,Red-faced_Liocichla,27.0,30.0
../ibc53/Red-faced_Liocichla/21.wav,Red-faced_Liocichla,30.0,33.0
../ibc53/Red-faced_Liocichla/21.wav,Red-faced_Liocichla,33.0,36.0
../ibc53/Red-faced_Liocichla/21.wav,Red-faced_Liocichla,36.0,39.0
../ibc53/Red-faced_Liocichla/21.wav,Red-faced_Liocichla,39.0,42.0
../ibc53/Red-faced_Liocichla/21.wav,Red-faced_Liocichla,42.0,45.0
../ibc53/Red-faced_Liocichla/21.wav,Red-faced_Liocichla,45.0,48.0
../ibc53/Red-faced_Liocichla/21.wav,Red-faced_Liocichla,48.0,51.0
../ibc53/Red-faced_Liocichla/21.wav,Red-faced_Liocichla,51.0,54.0
../ibc53/Red-faced_Liocichla/21.wav,Red-faced_Liocichla,54.0,57.0
../ibc53/Red-faced_Liocichla/21.wav,Red-faced_Liocichla,57.0,60.0
../ibc53/Red-faced_Liocichla/21.wav,Red-faced_Liocichla,60.0,63.0
../ibc53/Red-faced_Liocichla/21.wav,Red-faced_Liocichla,63.0,66.0
../ibc53/Red-faced_Liocichla/12.wav,Red-faced_Liocichla,0,3.0
../ibc53/Red-faced_Liocichla/12.wav,Red-faced_Liocichla,3.0,6.0
../ibc53/Red-faced_Liocichla/12.wav,Red-faced_Liocichla,6.0,9.0
../ibc53/Red-faced_Liocichla/12.wav,Red-faced_Liocichla,9.0,12.0
../ibc53/Red-faced_Liocichla/12.wav,Red-faced_Liocichla,12.0,15.0
../ibc53/Red-faced_Liocichla/12.wav,Red-faced_Liocichla,15.0,18.0
../ibc53/Red-faced_Liocichla/12.wav,Red-faced_Liocichla,18.0,21.0
../ibc53/Red-faced_Liocichla/12.wav,Red-faced_Liocichla,21.0,24.0
../ibc53/Red-faced_Liocichla/12.wav,Red-faced_Liocichla,24.0,27.0
../ibc53/Red-faced_Liocichla/12.wav,Red-faced_Liocichla,27.0,30.0
../ibc53/Red-faced_Liocichla/12.wav,Red-faced_Liocichla,30.0,33.0
../ibc53/Red-faced_Liocichla/12.wav,Red-faced_Liocichla,33.0,36.0
../ibc53/Red-faced_Liocichla/12.wav,Red-faced_Liocichla,36.0,39.0
../ibc53/Red-faced_Liocichla/12.wav,Red-faced_Liocichla,39.0,42.0
../ibc53/Red-faced_Liocichla/12.wav,Red-faced_Liocichla,42.0,45.0
../ibc53/Red-faced_Liocichla/12.wav,Red-faced_Liocichla,45.0,48.0
../ibc53/Red-faced_Liocichla/12.wav,Red-faced_Liocichla,48.0,51.0
../ibc53/Red-faced_Liocichla/12.wav,Red-faced_Liocichla,51.0,54.0
../ibc53/Red-faced_Liocichla/12.wav,Red-faced_Liocichla,54.0,57.0
../ibc53/Red-faced_Liocichla/12.wav,Red-faced_Liocichla,57.0,60.0
../ibc53/Red-faced_Liocichla/12.wav,Red-faced_Liocichla,60.0,63.0
../ibc53/Red-faced_Liocichla/12.wav,Red-faced_Liocichla,63.0,66.0
../ibc53/Red-faced_Liocichla/2.wav,Red-faced_Liocichla,0,3.0
../ibc53/Red-faced_Liocichla/2.wav,Red-faced_Liocichla,3.0,6.0
../ibc53/Red-faced_Liocichla/2.wav,Red-faced_Liocichla,6.0,9.0
../ibc53/Red-faced_Liocichla/2.wav,Red-faced_Liocichla,9.0,12.0
../ibc53/Red-faced_Liocichla/2.wav,Red-faced_Liocichla,12.0,15.0
../ibc53/Red-faced_Liocichla/2.wav,Red-faced_Liocichla,15.0,18.0
../ibc53/Red-faced_Liocichla/2.wav,Red-faced_Liocichla,18.0,21.0
../ibc53/Red-faced_Liocichla/2.wav,Red-faced_Liocichla,21.0,24.0
../ibc53/Red-faced_Liocichla/2.wav,Red-faced_Liocichla,24.0,27.0
../ibc53/Red-faced_Liocichla/2.wav,Red-faced_Liocichla,27.0,30.0
../ibc53/Red-faced_Liocichla/2.wav,Red-faced_Liocichla,30.0,33.0
../ibc53/Red-faced_Liocichla/2.wav,Red-faced_Liocichla,33.0,36.0
../ibc53/Red-faced_Liocichla/2.wav,Red-faced_Liocichla,36.0,39.0
../ibc53/Red-faced_Liocichla/2.wav,Red-faced_Liocichla,39.0,42.0
../ibc53/Red-faced_Liocichla/2.wav,Red-faced_Liocichla,42.0,45.0
../ibc53/Red-faced_Liocichla/2.wav,Red-faced_Liocichla,45.0,48.0
../ibc53/Red-faced_Liocichla/2.wav,Red-faced_Liocichla,48.0,51.0
../ibc53/Red-faced_Liocichla/2.wav,Red-faced_Liocichla,51.0,54.0
../ibc53/Red-faced_Liocichla/2.wav,Red-faced_Liocichla,54.0,57.0
../ibc53/Red-faced_Liocichla/2.wav,Red-faced_Liocichla,57.0,60.0
../ibc53/Red-faced_Liocichla/4.wav,Red-faced_Liocichla,0,3.0
../ibc53/Red-faced_Liocichla/4.wav,Red-faced_Liocichla,3.0,6.0
../ibc53/Red-faced_Liocichla/4.wav,Red-faced_Liocichla,6.0,9.0
../ibc53/Red-faced_Liocichla/4.wav,Red-faced_Liocichla,9.0,12.0
../ibc53/Red-faced_Liocichla/4.wav,Red-faced_Liocichla,12.0,15.0
../ibc53/Red-faced_Liocichla/4.wav,Red-faced_Liocichla,15.0,18.0
../ibc53/Red-faced_Liocichla/4.wav,Red-faced_Liocichla,18.0,21.0
../ibc53/Red-faced_Liocichla/4.wav,Red-faced_Liocichla,21.0,24.0
../ibc53/Red-faced_Liocichla/4.wav,Red-faced_Liocichla,24.0,27.0
../ibc53/Red-faced_Liocichla/4.wav,Red-faced_Liocichla,27.0,30.0
../ibc53/Red-faced_Liocichla/4.wav,Red-faced_Liocichla,30.0,33.0
../ibc53/Red-faced_Liocichla/4.wav,Red-faced_Liocichla,33.0,36.0
../ibc53/Red-faced_Liocichla/4.wav,Red-faced_Liocichla,36.0,39.0
../ibc53/Red-faced_Liocichla/4.wav,Red-faced_Liocichla,39.0,42.0
../ibc53/Red-faced_Liocichla/4.wav,Red-faced_Liocichla,42.0,45.0
../ibc53/Red-faced_Liocichla/4.wav,Red-faced_Liocichla,45.0,48.0
../ibc53/Red-faced_Liocichla/4.wav,Red-faced_Liocichla,48.0,51.0
../ibc53/Red-faced_Liocichla/14.wav,Red-faced_Liocichla,0,3.0
../ibc53/Red-faced_Liocichla/14.wav,Red-faced_Liocichla,3.0,6.0
../ibc53/Red-faced_Liocichla/14.wav,Red-faced_Liocichla,6.0,9.0
../ibc53/Red-faced_Liocichla/14.wav,Red-faced_Liocichla,9.0,12.0
../ibc53/Red-faced_Liocichla/14.wav,Red-faced_Liocichla,12.0,15.0
../ibc53/Red-faced_Liocichla/14.wav,Red-faced_Liocichla,15.0,18.0
../ibc53/Red-faced_Liocichla/14.wav,Red-faced_Liocichla,18.0,21.0
../ibc53/Red-faced_Liocichla/14.wav,Red-faced_Liocichla,21.0,24.0
../ibc53/Red-faced_Liocichla/14.wav,Red-faced_Liocichla,24.0,27.0
../ibc53/Red-faced_Liocichla/14.wav,Red-faced_Liocichla,27.0,30.0
../ibc53/Red-faced_Liocichla/22.wav,Red-faced_Liocichla,0,3.0
../ibc53/Red-faced_Liocichla/22.wav,Red-faced_Liocichla,3.0,6.0
../ibc53/Red-faced_Liocichla/22.wav,Red-faced_Liocichla,6.0,9.0
../ibc53/Red-faced_Liocichla/22.wav,Red-faced_Liocichla,9.0,12.0
../ibc53/Red-faced_Liocichla/22.wav,Red-faced_Liocichla,12.0,15.0
../ibc53/Red-faced_Liocichla/22.wav,Red-faced_Liocichla,15.0,18.0
../ibc53/Red-faced_Liocichla/22.wav,Red-faced_Liocichla,18.0,21.0
../ibc53/Red-faced_Liocichla/22.wav,Red-faced_Liocichla,21.0,24.0
../ibc53/Red-faced_Liocichla/22.wav,Red-faced_Liocichla,24.0,27.0
../ibc53/Red-faced_Liocichla/22.wav,Red-faced_Liocichla,27.0,30.0
../ibc53/Red-faced_Liocichla/22.wav,Red-faced_Liocichla,30.0,33.0
../ibc53/Red-faced_Liocichla/10.wav,Red-faced_Liocichla,0,3.0
../ibc53/Red-faced_Liocichla/10.wav,Red-faced_Liocichla,3.0,6.0
../ibc53/Red-faced_Liocichla/10.wav,Red-faced_Liocichla,6.0,9.0
../ibc53/Red-faced_Liocichla/10.wav,Red-faced_Liocichla,9.0,12.0
../ibc53/Red-faced_Liocichla/10.wav,Red-faced_Liocichla,12.0,15.0
../ibc53/Red-faced_Liocichla/10.wav,Red-faced_Liocichla,15.0,18.0
../ibc53/Red-faced_Liocichla/10.wav,Red-faced_Liocichla,18.0,21.0
../ibc53/Red-faced_Liocichla/10.wav,Red-faced_Liocichla,21.0,24.0
../ibc53/Red-faced_Liocichla/10.wav,Red-faced_Liocichla,24.0,27.0
../ibc53/Red-faced_Liocichla/10.wav,Red-faced_Liocichla,27.0,30.0
../ibc53/Red-faced_Liocichla/10.wav,Red-faced_Liocichla,30.0,33.0
../ibc53/Red-faced_Liocichla/10.wav,Red-faced_Liocichla,33.0,36.0
../ibc53/Red-faced_Liocichla/10.wav,Red-faced_Liocichla,36.0,39.0
../ibc53/Red-faced_Liocichla/10.wav,Red-faced_Liocichla,39.0,42.0
../ibc53/Red-faced_Liocichla/10.wav,Red-faced_Liocichla,42.0,45.0
../ibc53/Red-faced_Liocichla/10.wav,Red-faced_Liocichla,45.0,48.0
../ibc53/Red-faced_Liocichla/10.wav,Red-faced_Liocichla,48.0,51.0
../ibc53/Red-faced_Liocichla/19.wav,Red-faced_Liocichla,0,3.0
../ibc53/Red-faced_Liocichla/19.wav,Red-faced_Liocichla,3.0,6.0
../ibc53/Red-faced_Liocichla/19.wav,Red-faced_Liocichla,6.0,9.0
../ibc53/Red-faced_Liocichla/19.wav,Red-faced_Liocichla,9.0,12.0
../ibc53/Red-faced_Liocichla/19.wav,Red-faced_Liocichla,12.0,15.0
../ibc53/Red-faced_Liocichla/19.wav,Red-faced_Liocichla,15.0,18.0
../ibc53/Red-faced_Liocichla/19.wav,Red-faced_Liocichla,18.0,21.0
../ibc53/Red-faced_Liocichla/9.wav,Red-faced_Liocichla,0,3.0
../ibc53/Red-faced_Liocichla/9.wav,Red-faced_Liocichla,3.0,6.0
../ibc53/Red-faced_Liocichla/9.wav,Red-faced_Liocichla,6.0,9.0
../ibc53/Red-faced_Liocichla/9.wav,Red-faced_Liocichla,9.0,12.0
../ibc53/Red-faced_Liocichla/9.wav,Red-faced_Liocichla,12.0,15.0
../ibc53/Red-faced_Liocichla/9.wav,Red-faced_Liocichla,15.0,18.0
../ibc53/Red-faced_Liocichla/9.wav,Red-faced_Liocichla,18.0,21.0
../ibc53/Red-faced_Liocichla/9.wav,Red-faced_Liocichla,21.0,24.0
../ibc53/Red-faced_Liocichla/9.wav,Red-faced_Liocichla,24.0,27.0
../ibc53/Red-faced_Liocichla/9.wav,Red-faced_Liocichla,27.0,30.0
../ibc53/Red-faced_Liocichla/9.wav,Red-faced_Liocichla,30.0,33.0
../ibc53/Red-faced_Liocichla/9.wav,Red-faced_Liocichla,33.0,36.0
../ibc53/Red-faced_Liocichla/9.wav,Red-faced_Liocichla,36.0,39.0
../ibc53/Red-faced_Liocichla/9.wav,Red-faced_Liocichla,39.0,42.0
../ibc53/Red-faced_Liocichla/9.wav,Red-faced_Liocichla,42.0,45.0
../ibc53/Red-faced_Liocichla/9.wav,Red-faced_Liocichla,45.0,48.0
../ibc53/Red-faced_Liocichla/9.wav,Red-faced_Liocichla,48.0,51.0
../ibc53/Red-faced_Liocichla/9.wav,Red-faced_Liocichla,51.0,54.0
../ibc53/Red-faced_Liocichla/9.wav,Red-faced_Liocichla,54.0,57.0
../ibc53/Red-faced_Liocichla/9.wav,Red-faced_Liocichla,57.0,60.0
../ibc53/Red-faced_Liocichla/6.wav,Red-faced_Liocichla,0,3.0
../ibc53/Red-faced_Liocichla/6.wav,Red-faced_Liocichla,3.0,6.0
../ibc53/Red-faced_Liocichla/6.wav,Red-faced_Liocichla,6.0,9.0
../ibc53/Red-faced_Liocichla/6.wav,Red-faced_Liocichla,9.0,12.0
../ibc53/Red-faced_Liocichla/6.wav,Red-faced_Liocichla,12.0,15.0
../ibc53/Red-faced_Liocichla/6.wav,Red-faced_Liocichla,15.0,18.0
../ibc53/Red-faced_Liocichla/6.wav,Red-faced_Liocichla,18.0,21.0
../ibc53/Red-faced_Liocichla/6.wav,Red-faced_Liocichla,21.0,24.0
../ibc53/Red-faced_Liocichla/6.wav,Red-faced_Liocichla,24.0,27.0
../ibc53/Red-faced_Liocichla/6.wav,Red-faced_Liocichla,27.0,30.0
../ibc53/Red-faced_Liocichla/6.wav,Red-faced_Liocichla,30.0,33.0
../ibc53/Red-faced_Liocichla/6.wav,Red-faced_Liocichla,33.0,36.0
../ibc53/Red-faced_Liocichla/6.wav,Red-faced_Liocichla,36.0,39.0
../ibc53/Red-faced_Liocichla/6.wav,Red-faced_Liocichla,39.0,42.0
../ibc53/Red-faced_Liocichla/6.wav,Red-faced_Liocichla,42.0,45.0
../ibc53/Red-faced_Liocichla/6.wav,Red-faced_Liocichla,45.0,48.0
../ibc53/Red-faced_Liocichla/6.wav,Red-faced_Liocichla,48.0,51.0
../ibc53/Red-faced_Liocichla/6.wav,Red-faced_Liocichla,51.0,54.0
../ibc53/Red-faced_Liocichla/6.wav,Red-faced_Liocichla,54.0,57.0
../ibc53/Red-faced_Liocichla/6.wav,Red-faced_Liocichla,57.0,60.0
../ibc53/Red-faced_Liocichla/11.wav,Red-faced_Liocichla,0,3.0
../ibc53/Red-faced_Liocichla/11.wav,Red-faced_Liocichla,3.0,6.0
../ibc53/Red-faced_Liocichla/11.wav,Red-faced_Liocichla,6.0,9.0
../ibc53/Red-faced_Liocichla/11.wav,Red-faced_Liocichla,9.0,12.0
../ibc53/Red-faced_Liocichla/11.wav,Red-faced_Liocichla,12.0,15.0
../ibc53/Red-faced_Liocichla/11.wav,Red-faced_Liocichla,15.0,18.0
../ibc53/Red-faced_Liocichla/11.wav,Red-faced_Liocichla,18.0,21.0
../ibc53/Red-faced_Liocichla/11.wav,Red-faced_Liocichla,21.0,24.0
../ibc53/Red-faced_Liocichla/11.wav,Red-faced_Liocichla,24.0,27.0
../ibc53/Red-faced_Liocichla/11.wav,Red-faced_Liocichla,27.0,30.0
../ibc53/Red-faced_Liocichla/23.wav,Red-faced_Liocichla,0,3.0
../ibc53/Red-faced_Liocichla/23.wav,Red-faced_Liocichla,3.0,6.0
../ibc53/Red-faced_Liocichla/23.wav,Red-faced_Liocichla,6.0,9.0
../ibc53/Red-faced_Liocichla/23.wav,Red-faced_Liocichla,9.0,12.0
../ibc53/Red-faced_Liocichla/23.wav,Red-faced_Liocichla,12.0,15.0
../ibc53/Red-faced_Liocichla/23.wav,Red-faced_Liocichla,15.0,18.0
../ibc53/Red-faced_Liocichla/23.wav,Red-faced_Liocichla,18.0,21.0
../ibc53/Red-faced_Liocichla/23.wav,Red-faced_Liocichla,21.0,24.0
../ibc53/Red-faced_Liocichla/23.wav,Red-faced_Liocichla,24.0,27.0
../ibc53/Red-faced_Liocichla/23.wav,Red-faced_Liocichla,27.0,30.0
../ibc53/Red-faced_Liocichla/23.wav,Red-faced_Liocichla,30.0,33.0
../ibc53/Red-faced_Liocichla/23.wav,Red-faced_Liocichla,33.0,36.0
../ibc53/Red-faced_Liocichla/23.wav,Red-faced_Liocichla,36.0,39.0
../ibc53/Ruddy_Kingfisher/3.wav,Ruddy_Kingfisher,0,3.0
../ibc53/Ruddy_Kingfisher/3.wav,Ruddy_Kingfisher,3.0,6.0
../ibc53/Ruddy_Kingfisher/3.wav,Ruddy_Kingfisher,6.0,9.0
../ibc53/Ruddy_Kingfisher/3.wav,Ruddy_Kingfisher,9.0,12.0
../ibc53/Ruddy_Kingfisher/3.wav,Ruddy_Kingfisher,12.0,15.0
../ibc53/Ruddy_Kingfisher/5.wav,Ruddy_Kingfisher,0,3.0
../ibc53/Ruddy_Kingfisher/5.wav,Ruddy_Kingfisher,3.0,6.0
../ibc53/Ruddy_Kingfisher/7.wav,Ruddy_Kingfisher,0,3.0
../ibc53/Ruddy_Kingfisher/7.wav,Ruddy_Kingfisher,3.0,6.0
../ibc53/Ruddy_Kingfisher/7.wav,Ruddy_Kingfisher,6.0,9.0
../ibc53/Ruddy_Kingfisher/7.wav,Ruddy_Kingfisher,9.0,12.0
../ibc53/Ruddy_Kingfisher/7.wav,Ruddy_Kingfisher,12.0,15.0
../ibc53/Ruddy_Kingfisher/7.wav,Ruddy_Kingfisher,15.0,18.0
../ibc53/Ruddy_Kingfisher/8.wav,Ruddy_Kingfisher,0,3.0
../ibc53/Ruddy_Kingfisher/8.wav,Ruddy_Kingfisher,3.0,6.0
../ibc53/Ruddy_Kingfisher/8.wav,Ruddy_Kingfisher,6.0,9.0
../ibc53/Ruddy_Kingfisher/8.wav,Ruddy_Kingfisher,9.0,12.0
../ibc53/Ruddy_Kingfisher/8.wav,Ruddy_Kingfisher,12.0,15.0
../ibc53/Ruddy_Kingfisher/1.wav,Ruddy_Kingfisher,0,3.0
../ibc53/Ruddy_Kingfisher/1.wav,Ruddy_Kingfisher,3.0,6.0
../ibc53/Ruddy_Kingfisher/1.wav,Ruddy_Kingfisher,6.0,9.0
../ibc53/Ruddy_Kingfisher/1.wav,Ruddy_Kingfisher,9.0,12.0
../ibc53/Ruddy_Kingfisher/1.wav,Ruddy_Kingfisher,12.0,15.0
../ibc53/Ruddy_Kingfisher/1.wav,Ruddy_Kingfisher,15.0,18.0
../ibc53/Ruddy_Kingfisher/2.wav,Ruddy_Kingfisher,0,3.0
../ibc53/Ruddy_Kingfisher/2.wav,Ruddy_Kingfisher,3.0,6.0
../ibc53/Ruddy_Kingfisher/4.wav,Ruddy_Kingfisher,0,3.0
../ibc53/Ruddy_Kingfisher/4.wav,Ruddy_Kingfisher,3.0,6.0
../ibc53/Ruddy_Kingfisher/4.wav,Ruddy_Kingfisher,6.0,9.0
../ibc53/Ruddy_Kingfisher/4.wav,Ruddy_Kingfisher,9.0,12.0
../ibc53/Ruddy_Kingfisher/4.wav,Ruddy_Kingfisher,12.0,15.0
../ibc53/Ruddy_Kingfisher/6.wav,Ruddy_Kingfisher,0,3.0
../ibc53/Ruddy_Kingfisher/6.wav,Ruddy_Kingfisher,3.0,6.0
../ibc53/Ruddy_Kingfisher/6.wav,Ruddy_Kingfisher,6.0,9.0
../ibc53/Ruddy_Kingfisher/6.wav,Ruddy_Kingfisher,9.0,12.0
../ibc53/Ruddy_Kingfisher/6.wav,Ruddy_Kingfisher,12.0,15.0
../ibc53/Ruddy_Kingfisher/6.wav,Ruddy_Kingfisher,15.0,18.0
../ibc53/Scarlet-backed_Flowerpecker/3.wav,Scarlet-backed_Flowerpecker,0,3.0
../ibc53/Scarlet-backed_Flowerpecker/3.wav,Scarlet-backed_Flowerpecker,3.0,6.0
../ibc53/Scarlet-backed_Flowerpecker/3.wav,Scarlet-backed_Flowerpecker,6.0,9.0
../ibc53/Scarlet-backed_Flowerpecker/3.wav,Scarlet-backed_Flowerpecker,9.0,12.0
../ibc53/Scarlet-backed_Flowerpecker/3.wav,Scarlet-backed_Flowerpecker,12.0,15.0
../ibc53/Scarlet-backed_Flowerpecker/3.wav,Scarlet-backed_Flowerpecker,15.0,18.0
../ibc53/Scarlet-backed_Flowerpecker/3.wav,Scarlet-backed_Flowerpecker,18.0,21.0
../ibc53/Scarlet-backed_Flowerpecker/3.wav,Scarlet-backed_Flowerpecker,21.0,24.0
../ibc53/Scarlet-backed_Flowerpecker/3.wav,Scarlet-backed_Flowerpecker,24.0,27.0
../ibc53/Scarlet-backed_Flowerpecker/5.wav,Scarlet-backed_Flowerpecker,0,3.0
../ibc53/Scarlet-backed_Flowerpecker/5.wav,Scarlet-backed_Flowerpecker,3.0,6.0
../ibc53/Scarlet-backed_Flowerpecker/5.wav,Scarlet-backed_Flowerpecker,6.0,9.0
../ibc53/Scarlet-backed_Flowerpecker/7.wav,Scarlet-backed_Flowerpecker,0,3.0
../ibc53/Scarlet-backed_Flowerpecker/8.wav,Scarlet-backed_Flowerpecker,0,3.0
../ibc53/Scarlet-backed_Flowerpecker/8.wav,Scarlet-backed_Flowerpecker,3.0,6.0
../ibc53/Scarlet-backed_Flowerpecker/8.wav,Scarlet-backed_Flowerpecker,6.0,9.0
../ibc53/Scarlet-backed_Flowerpecker/8.wav,Scarlet-backed_Flowerpecker,9.0,12.0
../ibc53/Scarlet-backed_Flowerpecker/8.wav,Scarlet-backed_Flowerpecker,12.0,15.0
../ibc53/Scarlet-backed_Flowerpecker/8.wav,Scarlet-backed_Flowerpecker,15.0,18.0
../ibc53/Scarlet-backed_Flowerpecker/8.wav,Scarlet-backed_Flowerpecker,18.0,21.0
../ibc53/Scarlet-backed_Flowerpecker/8.wav,Scarlet-backed_Flowerpecker,21.0,24.0
../ibc53/Scarlet-backed_Flowerpecker/8.wav,Scarlet-backed_Flowerpecker,24.0,27.0
../ibc53/Scarlet-backed_Flowerpecker/1.wav,Scarlet-backed_Flowerpecker,0,3.0
../ibc53/Scarlet-backed_Flowerpecker/1.wav,Scarlet-backed_Flowerpecker,3.0,6.0
../ibc53/Scarlet-backed_Flowerpecker/1.wav,Scarlet-backed_Flowerpecker,6.0,9.0
../ibc53/Scarlet-backed_Flowerpecker/1.wav,Scarlet-backed_Flowerpecker,9.0,12.0
../ibc53/Scarlet-backed_Flowerpecker/1.wav,Scarlet-backed_Flowerpecker,12.0,15.0
../ibc53/Scarlet-backed_Flowerpecker/1.wav,Scarlet-backed_Flowerpecker,15.0,18.0
../ibc53/Scarlet-backed_Flowerpecker/1.wav,Scarlet-backed_Flowerpecker,18.0,21.0
../ibc53/Scarlet-backed_Flowerpecker/1.wav,Scarlet-backed_Flowerpecker,21.0,24.0
../ibc53/Scarlet-backed_Flowerpecker/1.wav,Scarlet-backed_Flowerpecker,24.0,27.0
../ibc53/Scarlet-backed_Flowerpecker/1.wav,Scarlet-backed_Flowerpecker,27.0,30.0
../ibc53/Scarlet-backed_Flowerpecker/1.wav,Scarlet-backed_Flowerpecker,30.0,33.0
../ibc53/Scarlet-backed_Flowerpecker/1.wav,Scarlet-backed_Flowerpecker,33.0,36.0
../ibc53/Scarlet-backed_Flowerpecker/1.wav,Scarlet-backed_Flowerpecker,36.0,39.0
../ibc53/Scarlet-backed_Flowerpecker/1.wav,Scarlet-backed_Flowerpecker,39.0,42.0
../ibc53/Scarlet-backed_Flowerpecker/1.wav,Scarlet-backed_Flowerpecker,42.0,45.0
../ibc53/Scarlet-backed_Flowerpecker/1.wav,Scarlet-backed_Flowerpecker,45.0,48.0
../ibc53/Scarlet-backed_Flowerpecker/1.wav,Scarlet-backed_Flowerpecker,48.0,51.0
../ibc53/Scarlet-backed_Flowerpecker/1.wav,Scarlet-backed_Flowerpecker,51.0,54.0
../ibc53/Scarlet-backed_Flowerpecker/1.wav,Scarlet-backed_Flowerpecker,54.0,57.0
../ibc53/Scarlet-backed_Flowerpecker/1.wav,Scarlet-backed_Flowerpecker,57.0,60.0
../ibc53/Scarlet-backed_Flowerpecker/1.wav,Scarlet-backed_Flowerpecker,60.0,63.0
../ibc53/Scarlet-backed_Flowerpecker/1.wav,Scarlet-backed_Flowerpecker,63.0,66.0
../ibc53/Scarlet-backed_Flowerpecker/1.wav,Scarlet-backed_Flowerpecker,66.0,69.0
../ibc53/Scarlet-backed_Flowerpecker/1.wav,Scarlet-backed_Flowerpecker,69.0,72.0
../ibc53/Scarlet-backed_Flowerpecker/1.wav,Scarlet-backed_Flowerpecker,72.0,75.0
../ibc53/Scarlet-backed_Flowerpecker/1.wav,Scarlet-backed_Flowerpecker,75.0,78.0
../ibc53/Scarlet-backed_Flowerpecker/1.wav,Scarlet-backed_Flowerpecker,78.0,81.0
../ibc53/Scarlet-backed_Flowerpecker/2.wav,Scarlet-backed_Flowerpecker,0,3.0
../ibc53/Scarlet-backed_Flowerpecker/4.wav,Scarlet-backed_Flowerpecker,0,3.0
../ibc53/Scarlet-backed_Flowerpecker/6.wav,Scarlet-backed_Flowerpecker,0,3.0
../ibc53/Scarlet-backed_Flowerpecker/6.wav,Scarlet-backed_Flowerpecker,3.0,6.0
../ibc53/Scarlet-backed_Flowerpecker/6.wav,Scarlet-backed_Flowerpecker,6.0,9.0
../ibc53/Scarlet-backed_Flowerpecker/6.wav,Scarlet-backed_Flowerpecker,9.0,12.0
../ibc53/Scarlet-backed_Flowerpecker/6.wav,Scarlet-backed_Flowerpecker,12.0,15.0
../ibc53/Scarlet-backed_Flowerpecker/6.wav,Scarlet-backed_Flowerpecker,15.0,18.0
../ibc53/Scarlet-backed_Flowerpecker/6.wav,Scarlet-backed_Flowerpecker,18.0,21.0
../ibc53/Scarlet-backed_Flowerpecker/6.wav,Scarlet-backed_Flowerpecker,21.0,24.0
../ibc53/Scarlet-backed_Flowerpecker/6.wav,Scarlet-backed_Flowerpecker,24.0,27.0
../ibc53/Scarlet-backed_Flowerpecker/6.wav,Scarlet-backed_Flowerpecker,27.0,30.0
../ibc53/Scarlet-backed_Flowerpecker/6.wav,Scarlet-backed_Flowerpecker,30.0,33.0
../ibc53/Slender-billed_Babbler/3.wav,Slender-billed_Babbler,0,3.0
../ibc53/Slender-billed_Babbler/3.wav,Slender-billed_Babbler,3.0,6.0
../ibc53/Slender-billed_Babbler/3.wav,Slender-billed_Babbler,6.0,9.0
../ibc53/Slender-billed_Babbler/3.wav,Slender-billed_Babbler,9.0,12.0
../ibc53/Slender-billed_Babbler/5.wav,Slender-billed_Babbler,0,3.0
../ibc53/Slender-billed_Babbler/5.wav,Slender-billed_Babbler,3.0,6.0
../ibc53/Slender-billed_Babbler/5.wav,Slender-billed_Babbler,6.0,9.0
../ibc53/Slender-billed_Babbler/5.wav,Slender-billed_Babbler,9.0,12.0
../ibc53/Slender-billed_Babbler/5.wav,Slender-billed_Babbler,12.0,15.0
../ibc53/Slender-billed_Babbler/5.wav,Slender-billed_Babbler,15.0,18.0
../ibc53/Slender-billed_Babbler/7.wav,Slender-billed_Babbler,0,3.0
../ibc53/Slender-billed_Babbler/7.wav,Slender-billed_Babbler,3.0,6.0
../ibc53/Slender-billed_Babbler/7.wav,Slender-billed_Babbler,6.0,9.0
../ibc53/Slender-billed_Babbler/7.wav,Slender-billed_Babbler,9.0,12.0
../ibc53/Slender-billed_Babbler/7.wav,Slender-billed_Babbler,12.0,15.0
../ibc53/Slender-billed_Babbler/7.wav,Slender-billed_Babbler,15.0,18.0
../ibc53/Slender-billed_Babbler/7.wav,Slender-billed_Babbler,18.0,21.0
../ibc53/Slender-billed_Babbler/7.wav,Slender-billed_Babbler,21.0,24.0
../ibc53/Slender-billed_Babbler/7.wav,Slender-billed_Babbler,24.0,27.0
../ibc53/Slender-billed_Babbler/7.wav,Slender-billed_Babbler,27.0,30.0
../ibc53/Slender-billed_Babbler/7.wav,Slender-billed_Babbler,30.0,33.0
../ibc53/Slender-billed_Babbler/7.wav,Slender-billed_Babbler,33.0,36.0
../ibc53/Slender-billed_Babbler/7.wav,Slender-billed_Babbler,36.0,39.0
../ibc53/Slender-billed_Babbler/7.wav,Slender-billed_Babbler,39.0,42.0
../ibc53/Slender-billed_Babbler/7.wav,Slender-billed_Babbler,42.0,45.0
../ibc53/Slender-billed_Babbler/7.wav,Slender-billed_Babbler,45.0,48.0
../ibc53/Slender-billed_Babbler/7.wav,Slender-billed_Babbler,48.0,51.0
../ibc53/Slender-billed_Babbler/7.wav,Slender-billed_Babbler,51.0,54.0
../ibc53/Slender-billed_Babbler/7.wav,Slender-billed_Babbler,54.0,57.0
../ibc53/Slender-billed_Babbler/7.wav,Slender-billed_Babbler,57.0,60.0
../ibc53/Slender-billed_Babbler/7.wav,Slender-billed_Babbler,60.0,63.0
../ibc53/Slender-billed_Babbler/7.wav,Slender-billed_Babbler,63.0,66.0
../ibc53/Slender-billed_Babbler/7.wav,Slender-billed_Babbler,66.0,69.0
../ibc53/Slender-billed_Babbler/7.wav,Slender-billed_Babbler,69.0,72.0
../ibc53/Slender-billed_Babbler/7.wav,Slender-billed_Babbler,72.0,75.0
../ibc53/Slender-billed_Babbler/7.wav,Slender-billed_Babbler,75.0,78.0
../ibc53/Slender-billed_Babbler/7.wav,Slender-billed_Babbler,78.0,81.0
../ibc53/Slender-billed_Babbler/8.wav,Slender-billed_Babbler,0,3.0
../ibc53/Slender-billed_Babbler/8.wav,Slender-billed_Babbler,3.0,6.0
../ibc53/Slender-billed_Babbler/8.wav,Slender-billed_Babbler,6.0,9.0
../ibc53/Slender-billed_Babbler/8.wav,Slender-billed_Babbler,9.0,12.0
../ibc53/Slender-billed_Babbler/1.wav,Slender-billed_Babbler,0,3.0
../ibc53/Slender-billed_Babbler/1.wav,Slender-billed_Babbler,3.0,6.0
../ibc53/Slender-billed_Babbler/1.wav,Slender-billed_Babbler,6.0,9.0
../ibc53/Slender-billed_Babbler/1.wav,Slender-billed_Babbler,9.0,12.0
../ibc53/Slender-billed_Babbler/1.wav,Slender-billed_Babbler,12.0,15.0
../ibc53/Slender-billed_Babbler/1.wav,Slender-billed_Babbler,15.0,18.0
../ibc53/Slender-billed_Babbler/1.wav,Slender-billed_Babbler,18.0,21.0
../ibc53/Slender-billed_Babbler/1.wav,Slender-billed_Babbler,21.0,24.0
../ibc53/Slender-billed_Babbler/1.wav,Slender-billed_Babbler,24.0,27.0
../ibc53/Slender-billed_Babbler/1.wav,Slender-billed_Babbler,27.0,30.0
../ibc53/Slender-billed_Babbler/1.wav,Slender-billed_Babbler,30.0,33.0
../ibc53/Slender-billed_Babbler/1.wav,Slender-billed_Babbler,33.0,36.0
../ibc53/Slender-billed_Babbler/1.wav,Slender-billed_Babbler,36.0,39.0
../ibc53/Slender-billed_Babbler/1.wav,Slender-billed_Babbler,39.0,42.0
../ibc53/Slender-billed_Babbler/1.wav,Slender-billed_Babbler,42.0,45.0
../ibc53/Slender-billed_Babbler/1.wav,Slender-billed_Babbler,45.0,48.0
../ibc53/Slender-billed_Babbler/1.wav,Slender-billed_Babbler,48.0,51.0
../ibc53/Slender-billed_Babbler/1.wav,Slender-billed_Babbler,51.0,54.0
../ibc53/Slender-billed_Babbler/1.wav,Slender-billed_Babbler,54.0,57.0
../ibc53/Slender-billed_Babbler/1.wav,Slender-billed_Babbler,57.0,60.0
../ibc53/Slender-billed_Babbler/1.wav,Slender-billed_Babbler,60.0,63.0
../ibc53/Slender-billed_Babbler/1.wav,Slender-billed_Babbler,63.0,66.0
../ibc53/Slender-billed_Babbler/1.wav,Slender-billed_Babbler,66.0,69.0
../ibc53/Slender-billed_Babbler/1.wav,Slender-billed_Babbler,69.0,72.0
../ibc53/Slender-billed_Babbler/1.wav,Slender-billed_Babbler,72.0,75.0
../ibc53/Slender-billed_Babbler/1.wav,Slender-billed_Babbler,75.0,78.0
../ibc53/Slender-billed_Babbler/1.wav,Slender-billed_Babbler,78.0,81.0
../ibc53/Slender-billed_Babbler/2.wav,Slender-billed_Babbler,0,3.0
../ibc53/Slender-billed_Babbler/2.wav,Slender-billed_Babbler,3.0,6.0
../ibc53/Slender-billed_Babbler/2.wav,Slender-billed_Babbler,6.0,9.0
../ibc53/Slender-billed_Babbler/2.wav,Slender-billed_Babbler,9.0,12.0
../ibc53/Slender-billed_Babbler/2.wav,Slender-billed_Babbler,12.0,15.0
../ibc53/Slender-billed_Babbler/2.wav,Slender-billed_Babbler,15.0,18.0
../ibc53/Slender-billed_Babbler/2.wav,Slender-billed_Babbler,18.0,21.0
../ibc53/Slender-billed_Babbler/2.wav,Slender-billed_Babbler,21.0,24.0
../ibc53/Slender-billed_Babbler/2.wav,Slender-billed_Babbler,24.0,27.0
../ibc53/Slender-billed_Babbler/2.wav,Slender-billed_Babbler,27.0,30.0
../ibc53/Slender-billed_Babbler/2.wav,Slender-billed_Babbler,30.0,33.0
../ibc53/Slender-billed_Babbler/2.wav,Slender-billed_Babbler,33.0,36.0
../ibc53/Slender-billed_Babbler/2.wav,Slender-billed_Babbler,36.0,39.0
../ibc53/Slender-billed_Babbler/2.wav,Slender-billed_Babbler,39.0,42.0
../ibc53/Slender-billed_Babbler/2.wav,Slender-billed_Babbler,42.0,45.0
../ibc53/Slender-billed_Babbler/2.wav,Slender-billed_Babbler,45.0,48.0
../ibc53/Slender-billed_Babbler/2.wav,Slender-billed_Babbler,48.0,51.0
../ibc53/Slender-billed_Babbler/4.wav,Slender-billed_Babbler,0,3.0
../ibc53/Slender-billed_Babbler/4.wav,Slender-billed_Babbler,3.0,6.0
../ibc53/Slender-billed_Babbler/4.wav,Slender-billed_Babbler,6.0,9.0
../ibc53/Slender-billed_Babbler/4.wav,Slender-billed_Babbler,9.0,12.0
../ibc53/Slender-billed_Babbler/4.wav,Slender-billed_Babbler,12.0,15.0
../ibc53/Slender-billed_Babbler/4.wav,Slender-billed_Babbler,15.0,18.0
../ibc53/Slender-billed_Babbler/4.wav,Slender-billed_Babbler,18.0,21.0
../ibc53/Slender-billed_Babbler/4.wav,Slender-billed_Babbler,21.0,24.0
../ibc53/Slender-billed_Babbler/4.wav,Slender-billed_Babbler,24.0,27.0
../ibc53/Slender-billed_Babbler/4.wav,Slender-billed_Babbler,27.0,30.0
../ibc53/Slender-billed_Babbler/4.wav,Slender-billed_Babbler,30.0,33.0
../ibc53/Slender-billed_Babbler/4.wav,Slender-billed_Babbler,33.0,36.0
../ibc53/Slender-billed_Babbler/10.wav,Slender-billed_Babbler,0,3.0
../ibc53/Slender-billed_Babbler/10.wav,Slender-billed_Babbler,3.0,6.0
../ibc53/Slender-billed_Babbler/10.wav,Slender-billed_Babbler,6.0,9.0
../ibc53/Slender-billed_Babbler/10.wav,Slender-billed_Babbler,9.0,12.0
../ibc53/Slender-billed_Babbler/10.wav,Slender-billed_Babbler,12.0,15.0
../ibc53/Slender-billed_Babbler/10.wav,Slender-billed_Babbler,15.0,18.0
../ibc53/Slender-billed_Babbler/10.wav,Slender-billed_Babbler,18.0,21.0
../ibc53/Slender-billed_Babbler/10.wav,Slender-billed_Babbler,21.0,24.0
../ibc53/Slender-billed_Babbler/10.wav,Slender-billed_Babbler,24.0,27.0
../ibc53/Slender-billed_Babbler/10.wav,Slender-billed_Babbler,27.0,30.0
../ibc53/Slender-billed_Babbler/10.wav,Slender-billed_Babbler,30.0,33.0
../ibc53/Slender-billed_Babbler/10.wav,Slender-billed_Babbler,33.0,36.0
../ibc53/Slender-billed_Babbler/10.wav,Slender-billed_Babbler,36.0,39.0
../ibc53/Slender-billed_Babbler/10.wav,Slender-billed_Babbler,39.0,42.0
../ibc53/Slender-billed_Babbler/10.wav,Slender-billed_Babbler,42.0,45.0
../ibc53/Slender-billed_Babbler/9.wav,Slender-billed_Babbler,0,3.0
../ibc53/Slender-billed_Babbler/9.wav,Slender-billed_Babbler,3.0,6.0
../ibc53/Slender-billed_Babbler/9.wav,Slender-billed_Babbler,6.0,9.0
../ibc53/Slender-billed_Babbler/9.wav,Slender-billed_Babbler,9.0,12.0
../ibc53/Slender-billed_Babbler/9.wav,Slender-billed_Babbler,12.0,15.0
../ibc53/Slender-billed_Babbler/6.wav,Slender-billed_Babbler,0,3.0
../ibc53/Slender-billed_Babbler/6.wav,Slender-billed_Babbler,3.0,6.0
../ibc53/Slender-billed_Babbler/6.wav,Slender-billed_Babbler,6.0,9.0
../ibc53/Slender-billed_Babbler/6.wav,Slender-billed_Babbler,9.0,12.0
../ibc53/Slender-billed_Babbler/6.wav,Slender-billed_Babbler,12.0,15.0
../ibc53/Slender-billed_Babbler/6.wav,Slender-billed_Babbler,15.0,18.0
../ibc53/Slender-billed_Babbler/11.wav,Slender-billed_Babbler,0,3.0
../ibc53/Slender-billed_Babbler/11.wav,Slender-billed_Babbler,3.0,6.0
../ibc53/Slender-billed_Babbler/11.wav,Slender-billed_Babbler,6.0,9.0
../ibc53/Slender-billed_Babbler/11.wav,Slender-billed_Babbler,9.0,12.0
../ibc53/Slender-billed_Babbler/11.wav,Slender-billed_Babbler,12.0,15.0
../ibc53/Slender-billed_Babbler/11.wav,Slender-billed_Babbler,15.0,18.0
../ibc53/Slender-billed_Babbler/11.wav,Slender-billed_Babbler,18.0,21.0
../ibc53/Slender-billed_Babbler/11.wav,Slender-billed_Babbler,21.0,24.0
../ibc53/Slender-billed_Babbler/11.wav,Slender-billed_Babbler,24.0,27.0
../ibc53/Slender-billed_Babbler/11.wav,Slender-billed_Babbler,27.0,30.0
../ibc53/Slender-billed_Babbler/11.wav,Slender-billed_Babbler,30.0,33.0
../ibc53/Slender-billed_Babbler/11.wav,Slender-billed_Babbler,33.0,36.0
../ibc53/Slender-billed_Babbler/11.wav,Slender-billed_Babbler,36.0,39.0
../ibc53/Slender-billed_Babbler/11.wav,Slender-billed_Babbler,39.0,42.0
../ibc53/Slender-billed_Babbler/11.wav,Slender-billed_Babbler,42.0,45.0
../ibc53/Spot-breasted_Parrotbill/3.wav,Spot-breasted_Parrotbill,0,3.0
../ibc53/Spot-breasted_Parrotbill/3.wav,Spot-breasted_Parrotbill,3.0,6.0
../ibc53/Spot-breasted_Parrotbill/3.wav,Spot-breasted_Parrotbill,6.0,9.0
../ibc53/Spot-breasted_Parrotbill/3.wav,Spot-breasted_Parrotbill,9.0,12.0
../ibc53/Spot-breasted_Parrotbill/3.wav,Spot-breasted_Parrotbill,12.0,15.0
../ibc53/Spot-breasted_Parrotbill/1.wav,Spot-breasted_Parrotbill,0,3.0
../ibc53/Spot-breasted_Parrotbill/1.wav,Spot-breasted_Parrotbill,3.0,6.0
../ibc53/Spot-breasted_Parrotbill/1.wav,Spot-breasted_Parrotbill,6.0,9.0
../ibc53/Spot-breasted_Parrotbill/1.wav,Spot-breasted_Parrotbill,9.0,12.0
../ibc53/Spot-breasted_Parrotbill/1.wav,Spot-breasted_Parrotbill,12.0,15.0
../ibc53/Spot-breasted_Parrotbill/1.wav,Spot-breasted_Parrotbill,15.0,18.0
../ibc53/Spot-breasted_Parrotbill/1.wav,Spot-breasted_Parrotbill,18.0,21.0
../ibc53/Spot-breasted_Parrotbill/1.wav,Spot-breasted_Parrotbill,21.0,24.0
../ibc53/Spot-breasted_Parrotbill/1.wav,Spot-breasted_Parrotbill,24.0,27.0
../ibc53/Spot-breasted_Parrotbill/1.wav,Spot-breasted_Parrotbill,27.0,30.0
../ibc53/Spot-breasted_Parrotbill/1.wav,Spot-breasted_Parrotbill,30.0,33.0
../ibc53/Spot-breasted_Parrotbill/1.wav,Spot-breasted_Parrotbill,33.0,36.0
../ibc53/Spot-breasted_Parrotbill/1.wav,Spot-breasted_Parrotbill,36.0,39.0
../ibc53/Spot-breasted_Parrotbill/1.wav,Spot-breasted_Parrotbill,39.0,42.0
../ibc53/Spot-breasted_Parrotbill/1.wav,Spot-breasted_Parrotbill,42.0,45.0
../ibc53/Spot-breasted_Parrotbill/1.wav,Spot-breasted_Parrotbill,45.0,48.0
../ibc53/Spot-breasted_Parrotbill/1.wav,Spot-breasted_Parrotbill,48.0,51.0
../ibc53/Spot-breasted_Parrotbill/1.wav,Spot-breasted_Parrotbill,51.0,54.0
../ibc53/Spot-breasted_Parrotbill/1.wav,Spot-breasted_Parrotbill,54.0,57.0
../ibc53/Spot-breasted_Parrotbill/1.wav,Spot-breasted_Parrotbill,57.0,60.0
../ibc53/Spot-breasted_Parrotbill/2.wav,Spot-breasted_Parrotbill,0,3.0
../ibc53/Spot-breasted_Parrotbill/2.wav,Spot-breasted_Parrotbill,3.0,6.0
../ibc53/Spot-breasted_Parrotbill/2.wav,Spot-breasted_Parrotbill,6.0,9.0
../ibc53/Spot-breasted_Parrotbill/2.wav,Spot-breasted_Parrotbill,9.0,12.0
../ibc53/Spot-breasted_Parrotbill/2.wav,Spot-breasted_Parrotbill,12.0,15.0
../ibc53/Spot-breasted_Parrotbill/2.wav,Spot-breasted_Parrotbill,15.0,18.0
../ibc53/Spot-breasted_Parrotbill/2.wav,Spot-breasted_Parrotbill,18.0,21.0
../ibc53/Spot-breasted_Parrotbill/2.wav,Spot-breasted_Parrotbill,21.0,24.0
../ibc53/Spot-breasted_Parrotbill/2.wav,Spot-breasted_Parrotbill,24.0,27.0
../ibc53/Spot-breasted_Parrotbill/2.wav,Spot-breasted_Parrotbill,27.0,30.0
../ibc53/Spot-breasted_Parrotbill/2.wav,Spot-breasted_Parrotbill,30.0,33.0
../ibc53/Spot-breasted_Parrotbill/2.wav,Spot-breasted_Parrotbill,33.0,36.0
../ibc53/Spot-breasted_Parrotbill/2.wav,Spot-breasted_Parrotbill,36.0,39.0
../ibc53/Spot-breasted_Parrotbill/2.wav,Spot-breasted_Parrotbill,39.0,42.0
../ibc53/Spot-breasted_Parrotbill/2.wav,Spot-breasted_Parrotbill,42.0,45.0
../ibc53/Spot-breasted_Parrotbill/2.wav,Spot-breasted_Parrotbill,45.0,48.0
../ibc53/Spot-breasted_Parrotbill/2.wav,Spot-breasted_Parrotbill,48.0,51.0
../ibc53/Spot-breasted_Parrotbill/4.wav,Spot-breasted_Parrotbill,0,3.0
../ibc53/Spot-breasted_Parrotbill/4.wav,Spot-breasted_Parrotbill,3.0,6.0
../ibc53/Spot-breasted_Parrotbill/4.wav,Spot-breasted_Parrotbill,6.0,9.0
../ibc53/Spot-breasted_Parrotbill/4.wav,Spot-breasted_Parrotbill,9.0,12.0
../ibc53/Spot-breasted_Parrotbill/4.wav,Spot-breasted_Parrotbill,12.0,15.0
../ibc53/Spot-breasted_Parrotbill/4.wav,Spot-breasted_Parrotbill,15.0,18.0
../ibc53/Spot-breasted_Parrotbill/4.wav,Spot-breasted_Parrotbill,18.0,21.0
../ibc53/Spot-breasted_Parrotbill/4.wav,Spot-breasted_Parrotbill,21.0,24.0
../ibc53/Streak-breasted_Scimitar_Babbler/34.wav,Streak-breasted_Scimitar_Babbler,0,3.0
../ibc53/Streak-breasted_Scimitar_Babbler/34.wav,Streak-breasted_Scimitar_Babbler,3.0,6.0
../ibc53/Streak-breasted_Scimitar_Babbler/34.wav,Streak-breasted_Scimitar_Babbler,6.0,9.0
../ibc53/Streak-breasted_Scimitar_Babbler/34.wav,Streak-breasted_Scimitar_Babbler,9.0,12.0
../ibc53/Streak-breasted_Scimitar_Babbler/34.wav,Streak-breasted_Scimitar_Babbler,12.0,15.0
../ibc53/Streak-breasted_Scimitar_Babbler/34.wav,Streak-breasted_Scimitar_Babbler,15.0,18.0
../ibc53/Streak-breasted_Scimitar_Babbler/34.wav,Streak-breasted_Scimitar_Babbler,18.0,21.0
../ibc53/Streak-breasted_Scimitar_Babbler/34.wav,Streak-breasted_Scimitar_Babbler,21.0,24.0
../ibc53/Streak-breasted_Scimitar_Babbler/34.wav,Streak-breasted_Scimitar_Babbler,24.0,27.0
../ibc53/Streak-breasted_Scimitar_Babbler/34.wav,Streak-breasted_Scimitar_Babbler,27.0,30.0
../ibc53/Streak-breasted_Scimitar_Babbler/34.wav,Streak-breasted_Scimitar_Babbler,30.0,33.0
../ibc53/Streak-breasted_Scimitar_Babbler/34.wav,Streak-breasted_Scimitar_Babbler,33.0,36.0
../ibc53/Streak-breasted_Scimitar_Babbler/34.wav,Streak-breasted_Scimitar_Babbler,36.0,39.0
../ibc53/Streak-breasted_Scimitar_Babbler/34.wav,Streak-breasted_Scimitar_Babbler,39.0,42.0
../ibc53/Streak-breasted_Scimitar_Babbler/34.wav,Streak-breasted_Scimitar_Babbler,42.0,45.0
../ibc53/Streak-breasted_Scimitar_Babbler/34.wav,Streak-breasted_Scimitar_Babbler,45.0,48.0
../ibc53/Streak-breasted_Scimitar_Babbler/34.wav,Streak-breasted_Scimitar_Babbler,48.0,51.0
../ibc53/Streak-breasted_Scimitar_Babbler/34.wav,Streak-breasted_Scimitar_Babbler,51.0,54.0
../ibc53/Streak-breasted_Scimitar_Babbler/15.wav,Streak-breasted_Scimitar_Babbler,0,3.0
../ibc53/Streak-breasted_Scimitar_Babbler/15.wav,Streak-breasted_Scimitar_Babbler,3.0,6.0
../ibc53/Streak-breasted_Scimitar_Babbler/15.wav,Streak-breasted_Scimitar_Babbler,6.0,9.0
../ibc53/Streak-breasted_Scimitar_Babbler/15.wav,Streak-breasted_Scimitar_Babbler,9.0,12.0
../ibc53/Streak-breasted_Scimitar_Babbler/15.wav,Streak-breasted_Scimitar_Babbler,12.0,15.0
../ibc53/Streak-breasted_Scimitar_Babbler/15.wav,Streak-breasted_Scimitar_Babbler,15.0,18.0
../ibc53/Streak-breasted_Scimitar_Babbler/15.wav,Streak-breasted_Scimitar_Babbler,18.0,21.0
../ibc53/Streak-breasted_Scimitar_Babbler/3.wav,Streak-breasted_Scimitar_Babbler,0,3.0
../ibc53/Streak-breasted_Scimitar_Babbler/3.wav,Streak-breasted_Scimitar_Babbler,3.0,6.0
../ibc53/Streak-breasted_Scimitar_Babbler/3.wav,Streak-breasted_Scimitar_Babbler,6.0,9.0
../ibc53/Streak-breasted_Scimitar_Babbler/3.wav,Streak-breasted_Scimitar_Babbler,9.0,12.0
../ibc53/Streak-breasted_Scimitar_Babbler/3.wav,Streak-breasted_Scimitar_Babbler,12.0,15.0
../ibc53/Streak-breasted_Scimitar_Babbler/3.wav,Streak-breasted_Scimitar_Babbler,15.0,18.0
../ibc53/Streak-breasted_Scimitar_Babbler/5.wav,Streak-breasted_Scimitar_Babbler,0,3.0
../ibc53/Streak-breasted_Scimitar_Babbler/5.wav,Streak-breasted_Scimitar_Babbler,3.0,6.0
../ibc53/Streak-breasted_Scimitar_Babbler/5.wav,Streak-breasted_Scimitar_Babbler,6.0,9.0
../ibc53/Streak-breasted_Scimitar_Babbler/5.wav,Streak-breasted_Scimitar_Babbler,9.0,12.0
../ibc53/Streak-breasted_Scimitar_Babbler/5.wav,Streak-breasted_Scimitar_Babbler,12.0,15.0
../ibc53/Streak-breasted_Scimitar_Babbler/18.wav,Streak-breasted_Scimitar_Babbler,0,3.0
../ibc53/Streak-breasted_Scimitar_Babbler/18.wav,Streak-breasted_Scimitar_Babbler,3.0,6.0
../ibc53/Streak-breasted_Scimitar_Babbler/18.wav,Streak-breasted_Scimitar_Babbler,6.0,9.0
../ibc53/Streak-breasted_Scimitar_Babbler/18.wav,Streak-breasted_Scimitar_Babbler,9.0,12.0
../ibc53/Streak-breasted_Scimitar_Babbler/18.wav,Streak-breasted_Scimitar_Babbler,12.0,15.0
../ibc53/Streak-breasted_Scimitar_Babbler/18.wav,Streak-breasted_Scimitar_Babbler,15.0,18.0
../ibc53/Streak-breasted_Scimitar_Babbler/18.wav,Streak-breasted_Scimitar_Babbler,18.0,21.0
../ibc53/Streak-breasted_Scimitar_Babbler/18.wav,Streak-breasted_Scimitar_Babbler,21.0,24.0
../ibc53/Streak-breasted_Scimitar_Babbler/18.wav,Streak-breasted_Scimitar_Babbler,24.0,27.0
../ibc53/Streak-breasted_Scimitar_Babbler/18.wav,Streak-breasted_Scimitar_Babbler,27.0,30.0
../ibc53/Streak-breasted_Scimitar_Babbler/18.wav,Streak-breasted_Scimitar_Babbler,30.0,33.0
../ibc53/Streak-breasted_Scimitar_Babbler/18.wav,Streak-breasted_Scimitar_Babbler,33.0,36.0
../ibc53/Streak-breasted_Scimitar_Babbler/18.wav,Streak-breasted_Scimitar_Babbler,36.0,39.0
../ibc53/Streak-breasted_Scimitar_Babbler/18.wav,Streak-breasted_Scimitar_Babbler,39.0,42.0
../ibc53/Streak-breasted_Scimitar_Babbler/18.wav,Streak-breasted_Scimitar_Babbler,42.0,45.0
../ibc53/Streak-breasted_Scimitar_Babbler/18.wav,Streak-breasted_Scimitar_Babbler,45.0,48.0
../ibc53/Streak-breasted_Scimitar_Babbler/18.wav,Streak-breasted_Scimitar_Babbler,48.0,51.0
../ibc53/Streak-breasted_Scimitar_Babbler/18.wav,Streak-breasted_Scimitar_Babbler,51.0,54.0
../ibc53/Streak-breasted_Scimitar_Babbler/18.wav,Streak-breasted_Scimitar_Babbler,54.0,57.0
../ibc53/Streak-breasted_Scimitar_Babbler/18.wav,Streak-breasted_Scimitar_Babbler,57.0,60.0
../ibc53/Streak-breasted_Scimitar_Babbler/18.wav,Streak-breasted_Scimitar_Babbler,60.0,63.0
../ibc53/Streak-breasted_Scimitar_Babbler/18.wav,Streak-breasted_Scimitar_Babbler,63.0,66.0
../ibc53/Streak-breasted_Scimitar_Babbler/18.wav,Streak-breasted_Scimitar_Babbler,66.0,69.0
../ibc53/Streak-breasted_Scimitar_Babbler/18.wav,Streak-breasted_Scimitar_Babbler,69.0,72.0
../ibc53/Streak-breasted_Scimitar_Babbler/18.wav,Streak-breasted_Scimitar_Babbler,72.0,75.0
../ibc53/Streak-breasted_Scimitar_Babbler/18.wav,Streak-breasted_Scimitar_Babbler,75.0,78.0
../ibc53/Streak-breasted_Scimitar_Babbler/18.wav,Streak-breasted_Scimitar_Babbler,78.0,81.0
../ibc53/Streak-breasted_Scimitar_Babbler/18.wav,Streak-breasted_Scimitar_Babbler,81.0,84.0
../ibc53/Streak-breasted_Scimitar_Babbler/18.wav,Streak-breasted_Scimitar_Babbler,84.0,87.0
../ibc53/Streak-breasted_Scimitar_Babbler/18.wav,Streak-breasted_Scimitar_Babbler,87.0,90.0
../ibc53/Streak-breasted_Scimitar_Babbler/18.wav,Streak-breasted_Scimitar_Babbler,90.0,93.0
../ibc53/Streak-breasted_Scimitar_Babbler/18.wav,Streak-breasted_Scimitar_Babbler,93.0,96.0
../ibc53/Streak-breasted_Scimitar_Babbler/18.wav,Streak-breasted_Scimitar_Babbler,96.0,99.0
../ibc53/Streak-breasted_Scimitar_Babbler/18.wav,Streak-breasted_Scimitar_Babbler,99.0,102.0
../ibc53/Streak-breasted_Scimitar_Babbler/18.wav,Streak-breasted_Scimitar_Babbler,102.0,105.0
../ibc53/Streak-breasted_Scimitar_Babbler/18.wav,Streak-breasted_Scimitar_Babbler,105.0,108.0
../ibc53/Streak-breasted_Scimitar_Babbler/18.wav,Streak-breasted_Scimitar_Babbler,108.0,111.0
../ibc53/Streak-breasted_Scimitar_Babbler/7.wav,Streak-breasted_Scimitar_Babbler,0,3.0
../ibc53/Streak-breasted_Scimitar_Babbler/7.wav,Streak-breasted_Scimitar_Babbler,3.0,6.0
../ibc53/Streak-breasted_Scimitar_Babbler/7.wav,Streak-breasted_Scimitar_Babbler,6.0,9.0
../ibc53/Streak-breasted_Scimitar_Babbler/7.wav,Streak-breasted_Scimitar_Babbler,9.0,12.0
../ibc53/Streak-breasted_Scimitar_Babbler/7.wav,Streak-breasted_Scimitar_Babbler,12.0,15.0
../ibc53/Streak-breasted_Scimitar_Babbler/7.wav,Streak-breasted_Scimitar_Babbler,15.0,18.0
../ibc53/Streak-breasted_Scimitar_Babbler/7.wav,Streak-breasted_Scimitar_Babbler,18.0,21.0
../ibc53/Streak-breasted_Scimitar_Babbler/7.wav,Streak-breasted_Scimitar_Babbler,21.0,24.0
../ibc53/Streak-breasted_Scimitar_Babbler/7.wav,Streak-breasted_Scimitar_Babbler,24.0,27.0
../ibc53/Streak-breasted_Scimitar_Babbler/7.wav,Streak-breasted_Scimitar_Babbler,27.0,30.0
../ibc53/Streak-breasted_Scimitar_Babbler/7.wav,Streak-breasted_Scimitar_Babbler,30.0,33.0
../ibc53/Streak-breasted_Scimitar_Babbler/7.wav,Streak-breasted_Scimitar_Babbler,33.0,36.0
../ibc53/Streak-breasted_Scimitar_Babbler/7.wav,Streak-breasted_Scimitar_Babbler,36.0,39.0
../ibc53/Streak-breasted_Scimitar_Babbler/7.wav,Streak-breasted_Scimitar_Babbler,39.0,42.0
../ibc53/Streak-breasted_Scimitar_Babbler/7.wav,Streak-breasted_Scimitar_Babbler,42.0,45.0
../ibc53/Streak-breasted_Scimitar_Babbler/7.wav,Streak-breasted_Scimitar_Babbler,45.0,48.0
../ibc53/Streak-breasted_Scimitar_Babbler/7.wav,Streak-breasted_Scimitar_Babbler,48.0,51.0
../ibc53/Streak-breasted_Scimitar_Babbler/7.wav,Streak-breasted_Scimitar_Babbler,51.0,54.0
../ibc53/Streak-breasted_Scimitar_Babbler/8.wav,Streak-breasted_Scimitar_Babbler,0,3.0
../ibc53/Streak-breasted_Scimitar_Babbler/8.wav,Streak-breasted_Scimitar_Babbler,3.0,6.0
../ibc53/Streak-breasted_Scimitar_Babbler/8.wav,Streak-breasted_Scimitar_Babbler,6.0,9.0
../ibc53/Streak-breasted_Scimitar_Babbler/8.wav,Streak-breasted_Scimitar_Babbler,9.0,12.0
../ibc53/Streak-breasted_Scimitar_Babbler/8.wav,Streak-breasted_Scimitar_Babbler,12.0,15.0
../ibc53/Streak-breasted_Scimitar_Babbler/25.wav,Streak-breasted_Scimitar_Babbler,0,3.0
../ibc53/Streak-breasted_Scimitar_Babbler/25.wav,Streak-breasted_Scimitar_Babbler,3.0,6.0
../ibc53/Streak-breasted_Scimitar_Babbler/25.wav,Streak-breasted_Scimitar_Babbler,6.0,9.0
../ibc53/Streak-breasted_Scimitar_Babbler/25.wav,Streak-breasted_Scimitar_Babbler,9.0,12.0
../ibc53/Streak-breasted_Scimitar_Babbler/25.wav,Streak-breasted_Scimitar_Babbler,12.0,15.0
../ibc53/Streak-breasted_Scimitar_Babbler/25.wav,Streak-breasted_Scimitar_Babbler,15.0,18.0
../ibc53/Streak-breasted_Scimitar_Babbler/25.wav,Streak-breasted_Scimitar_Babbler,18.0,21.0
../ibc53/Streak-breasted_Scimitar_Babbler/24.wav,Streak-breasted_Scimitar_Babbler,0,3.0
../ibc53/Streak-breasted_Scimitar_Babbler/24.wav,Streak-breasted_Scimitar_Babbler,3.0,6.0
../ibc53/Streak-breasted_Scimitar_Babbler/24.wav,Streak-breasted_Scimitar_Babbler,6.0,9.0
../ibc53/Streak-breasted_Scimitar_Babbler/24.wav,Streak-breasted_Scimitar_Babbler,9.0,12.0
../ibc53/Streak-breasted_Scimitar_Babbler/24.wav,Streak-breasted_Scimitar_Babbler,12.0,15.0
../ibc53/Streak-breasted_Scimitar_Babbler/24.wav,Streak-breasted_Scimitar_Babbler,15.0,18.0
../ibc53/Streak-breasted_Scimitar_Babbler/24.wav,Streak-breasted_Scimitar_Babbler,18.0,21.0
../ibc53/Streak-breasted_Scimitar_Babbler/24.wav,Streak-breasted_Scimitar_Babbler,21.0,24.0
../ibc53/Streak-breasted_Scimitar_Babbler/24.wav,Streak-breasted_Scimitar_Babbler,24.0,27.0
../ibc53/Streak-breasted_Scimitar_Babbler/24.wav,Streak-breasted_Scimitar_Babbler,27.0,30.0
../ibc53/Streak-breasted_Scimitar_Babbler/24.wav,Streak-breasted_Scimitar_Babbler,30.0,33.0
../ibc53/Streak-breasted_Scimitar_Babbler/24.wav,Streak-breasted_Scimitar_Babbler,33.0,36.0
../ibc53/Streak-breasted_Scimitar_Babbler/24.wav,Streak-breasted_Scimitar_Babbler,36.0,39.0
../ibc53/Streak-breasted_Scimitar_Babbler/24.wav,Streak-breasted_Scimitar_Babbler,39.0,42.0
../ibc53/Streak-breasted_Scimitar_Babbler/24.wav,Streak-breasted_Scimitar_Babbler,42.0,45.0
../ibc53/Streak-breasted_Scimitar_Babbler/24.wav,Streak-breasted_Scimitar_Babbler,45.0,48.0
../ibc53/Streak-breasted_Scimitar_Babbler/24.wav,Streak-breasted_Scimitar_Babbler,48.0,51.0
../ibc53/Streak-breasted_Scimitar_Babbler/24.wav,Streak-breasted_Scimitar_Babbler,51.0,54.0
../ibc53/Streak-breasted_Scimitar_Babbler/24.wav,Streak-breasted_Scimitar_Babbler,54.0,57.0
../ibc53/Streak-breasted_Scimitar_Babbler/24.wav,Streak-breasted_Scimitar_Babbler,57.0,60.0
../ibc53/Streak-breasted_Scimitar_Babbler/24.wav,Streak-breasted_Scimitar_Babbler,60.0,63.0
../ibc53/Streak-breasted_Scimitar_Babbler/24.wav,Streak-breasted_Scimitar_Babbler,63.0,66.0
../ibc53/Streak-breasted_Scimitar_Babbler/24.wav,Streak-breasted_Scimitar_Babbler,66.0,69.0
../ibc53/Streak-breasted_Scimitar_Babbler/24.wav,Streak-breasted_Scimitar_Babbler,69.0,72.0
../ibc53/Streak-breasted_Scimitar_Babbler/24.wav,Streak-breasted_Scimitar_Babbler,72.0,75.0
../ibc53/Streak-breasted_Scimitar_Babbler/24.wav,Streak-breasted_Scimitar_Babbler,75.0,78.0
../ibc53/Streak-breasted_Scimitar_Babbler/24.wav,Streak-breasted_Scimitar_Babbler,78.0,81.0
../ibc53/Streak-breasted_Scimitar_Babbler/24.wav,Streak-breasted_Scimitar_Babbler,81.0,84.0
../ibc53/Streak-breasted_Scimitar_Babbler/24.wav,Streak-breasted_Scimitar_Babbler,84.0,87.0
../ibc53/Streak-breasted_Scimitar_Babbler/24.wav,Streak-breasted_Scimitar_Babbler,87.0,90.0
../ibc53/Streak-breasted_Scimitar_Babbler/24.wav,Streak-breasted_Scimitar_Babbler,90.0,93.0
../ibc53/Streak-breasted_Scimitar_Babbler/24.wav,Streak-breasted_Scimitar_Babbler,93.0,96.0
../ibc53/Streak-breasted_Scimitar_Babbler/24.wav,Streak-breasted_Scimitar_Babbler,96.0,99.0
../ibc53/Streak-breasted_Scimitar_Babbler/24.wav,Streak-breasted_Scimitar_Babbler,99.0,102.0
../ibc53/Streak-breasted_Scimitar_Babbler/24.wav,Streak-breasted_Scimitar_Babbler,102.0,105.0
../ibc53/Streak-breasted_Scimitar_Babbler/24.wav,Streak-breasted_Scimitar_Babbler,105.0,108.0
../ibc53/Streak-breasted_Scimitar_Babbler/24.wav,Streak-breasted_Scimitar_Babbler,108.0,111.0
../ibc53/Streak-breasted_Scimitar_Babbler/24.wav,Streak-breasted_Scimitar_Babbler,111.0,114.0
../ibc53/Streak-breasted_Scimitar_Babbler/24.wav,Streak-breasted_Scimitar_Babbler,114.0,117.0
../ibc53/Streak-breasted_Scimitar_Babbler/24.wav,Streak-breasted_Scimitar_Babbler,117.0,120.0
../ibc53/Streak-breasted_Scimitar_Babbler/24.wav,Streak-breasted_Scimitar_Babbler,120.0,123.0
../ibc53/Streak-breasted_Scimitar_Babbler/24.wav,Streak-breasted_Scimitar_Babbler,123.0,126.0
../ibc53/Streak-breasted_Scimitar_Babbler/24.wav,Streak-breasted_Scimitar_Babbler,126.0,129.0
../ibc53/Streak-breasted_Scimitar_Babbler/24.wav,Streak-breasted_Scimitar_Babbler,129.0,132.0
../ibc53/Streak-breasted_Scimitar_Babbler/24.wav,Streak-breasted_Scimitar_Babbler,132.0,135.0
../ibc53/Streak-breasted_Scimitar_Babbler/24.wav,Streak-breasted_Scimitar_Babbler,135.0,138.0
../ibc53/Streak-breasted_Scimitar_Babbler/24.wav,Streak-breasted_Scimitar_Babbler,138.0,141.0
../ibc53/Streak-breasted_Scimitar_Babbler/24.wav,Streak-breasted_Scimitar_Babbler,141.0,144.0
../ibc53/Streak-breasted_Scimitar_Babbler/24.wav,Streak-breasted_Scimitar_Babbler,144.0,147.0
../ibc53/Streak-breasted_Scimitar_Babbler/24.wav,Streak-breasted_Scimitar_Babbler,147.0,150.0
../ibc53/Streak-breasted_Scimitar_Babbler/24.wav,Streak-breasted_Scimitar_Babbler,150.0,153.0
../ibc53/Streak-breasted_Scimitar_Babbler/24.wav,Streak-breasted_Scimitar_Babbler,153.0,156.0
../ibc53/Streak-breasted_Scimitar_Babbler/24.wav,Streak-breasted_Scimitar_Babbler,156.0,159.0
../ibc53/Streak-breasted_Scimitar_Babbler/31.wav,Streak-breasted_Scimitar_Babbler,0,3.0
../ibc53/Streak-breasted_Scimitar_Babbler/31.wav,Streak-breasted_Scimitar_Babbler,3.0,6.0
../ibc53/Streak-breasted_Scimitar_Babbler/31.wav,Streak-breasted_Scimitar_Babbler,6.0,9.0
../ibc53/Streak-breasted_Scimitar_Babbler/31.wav,Streak-breasted_Scimitar_Babbler,9.0,12.0
../ibc53/Streak-breasted_Scimitar_Babbler/31.wav,Streak-breasted_Scimitar_Babbler,12.0,15.0
../ibc53/Streak-breasted_Scimitar_Babbler/31.wav,Streak-breasted_Scimitar_Babbler,15.0,18.0
../ibc53/Streak-breasted_Scimitar_Babbler/31.wav,Streak-breasted_Scimitar_Babbler,18.0,21.0
../ibc53/Streak-breasted_Scimitar_Babbler/31.wav,Streak-breasted_Scimitar_Babbler,21.0,24.0
../ibc53/Streak-breasted_Scimitar_Babbler/31.wav,Streak-breasted_Scimitar_Babbler,24.0,27.0
../ibc53/Streak-breasted_Scimitar_Babbler/31.wav,Streak-breasted_Scimitar_Babbler,27.0,30.0
../ibc53/Streak-breasted_Scimitar_Babbler/31.wav,Streak-breasted_Scimitar_Babbler,30.0,33.0
../ibc53/Streak-breasted_Scimitar_Babbler/31.wav,Streak-breasted_Scimitar_Babbler,33.0,36.0
../ibc53/Streak-breasted_Scimitar_Babbler/17.wav,Streak-breasted_Scimitar_Babbler,0,3.0
../ibc53/Streak-breasted_Scimitar_Babbler/17.wav,Streak-breasted_Scimitar_Babbler,3.0,6.0
../ibc53/Streak-breasted_Scimitar_Babbler/17.wav,Streak-breasted_Scimitar_Babbler,6.0,9.0
../ibc53/Streak-breasted_Scimitar_Babbler/17.wav,Streak-breasted_Scimitar_Babbler,9.0,12.0
../ibc53/Streak-breasted_Scimitar_Babbler/17.wav,Streak-breasted_Scimitar_Babbler,12.0,15.0
../ibc53/Streak-breasted_Scimitar_Babbler/17.wav,Streak-breasted_Scimitar_Babbler,15.0,18.0
../ibc53/Streak-breasted_Scimitar_Babbler/17.wav,Streak-breasted_Scimitar_Babbler,18.0,21.0
../ibc53/Streak-breasted_Scimitar_Babbler/17.wav,Streak-breasted_Scimitar_Babbler,21.0,24.0
../ibc53/Streak-breasted_Scimitar_Babbler/17.wav,Streak-breasted_Scimitar_Babbler,24.0,27.0
../ibc53/Streak-breasted_Scimitar_Babbler/17.wav,Streak-breasted_Scimitar_Babbler,27.0,30.0
../ibc53/Streak-breasted_Scimitar_Babbler/17.wav,Streak-breasted_Scimitar_Babbler,30.0,33.0
../ibc53/Streak-breasted_Scimitar_Babbler/17.wav,Streak-breasted_Scimitar_Babbler,33.0,36.0
../ibc53/Streak-breasted_Scimitar_Babbler/17.wav,Streak-breasted_Scimitar_Babbler,36.0,39.0
../ibc53/Streak-breasted_Scimitar_Babbler/17.wav,Streak-breasted_Scimitar_Babbler,39.0,42.0
../ibc53/Streak-breasted_Scimitar_Babbler/1.wav,Streak-breasted_Scimitar_Babbler,0,3.0
../ibc53/Streak-breasted_Scimitar_Babbler/1.wav,Streak-breasted_Scimitar_Babbler,3.0,6.0
../ibc53/Streak-breasted_Scimitar_Babbler/1.wav,Streak-breasted_Scimitar_Babbler,6.0,9.0
../ibc53/Streak-breasted_Scimitar_Babbler/1.wav,Streak-breasted_Scimitar_Babbler,9.0,12.0
../ibc53/Streak-breasted_Scimitar_Babbler/1.wav,Streak-breasted_Scimitar_Babbler,12.0,15.0
../ibc53/Streak-breasted_Scimitar_Babbler/1.wav,Streak-breasted_Scimitar_Babbler,15.0,18.0
../ibc53/Streak-breasted_Scimitar_Babbler/1.wav,Streak-breasted_Scimitar_Babbler,18.0,21.0
../ibc53/Streak-breasted_Scimitar_Babbler/1.wav,Streak-breasted_Scimitar_Babbler,21.0,24.0
../ibc53/Streak-breasted_Scimitar_Babbler/1.wav,Streak-breasted_Scimitar_Babbler,24.0,27.0
../ibc53/Streak-breasted_Scimitar_Babbler/1.wav,Streak-breasted_Scimitar_Babbler,27.0,30.0
../ibc53/Streak-breasted_Scimitar_Babbler/1.wav,Streak-breasted_Scimitar_Babbler,30.0,33.0
../ibc53/Streak-breasted_Scimitar_Babbler/1.wav,Streak-breasted_Scimitar_Babbler,33.0,36.0
../ibc53/Streak-breasted_Scimitar_Babbler/1.wav,Streak-breasted_Scimitar_Babbler,36.0,39.0
../ibc53/Streak-breasted_Scimitar_Babbler/1.wav,Streak-breasted_Scimitar_Babbler,39.0,42.0
../ibc53/Streak-breasted_Scimitar_Babbler/1.wav,Streak-breasted_Scimitar_Babbler,42.0,45.0
../ibc53/Streak-breasted_Scimitar_Babbler/1.wav,Streak-breasted_Scimitar_Babbler,45.0,48.0
../ibc53/Streak-breasted_Scimitar_Babbler/1.wav,Streak-breasted_Scimitar_Babbler,48.0,51.0
../ibc53/Streak-breasted_Scimitar_Babbler/1.wav,Streak-breasted_Scimitar_Babbler,51.0,54.0
../ibc53/Streak-breasted_Scimitar_Babbler/1.wav,Streak-breasted_Scimitar_Babbler,54.0,57.0
../ibc53/Streak-breasted_Scimitar_Babbler/1.wav,Streak-breasted_Scimitar_Babbler,57.0,60.0
../ibc53/Streak-breasted_Scimitar_Babbler/1.wav,Streak-breasted_Scimitar_Babbler,60.0,63.0
../ibc53/Streak-breasted_Scimitar_Babbler/1.wav,Streak-breasted_Scimitar_Babbler,63.0,66.0
../ibc53/Streak-breasted_Scimitar_Babbler/1.wav,Streak-breasted_Scimitar_Babbler,66.0,69.0
../ibc53/Streak-breasted_Scimitar_Babbler/1.wav,Streak-breasted_Scimitar_Babbler,69.0,72.0
../ibc53/Streak-breasted_Scimitar_Babbler/1.wav,Streak-breasted_Scimitar_Babbler,72.0,75.0
../ibc53/Streak-breasted_Scimitar_Babbler/33.wav,Streak-breasted_Scimitar_Babbler,0,3.0
../ibc53/Streak-breasted_Scimitar_Babbler/33.wav,Streak-breasted_Scimitar_Babbler,3.0,6.0
../ibc53/Streak-breasted_Scimitar_Babbler/33.wav,Streak-breasted_Scimitar_Babbler,6.0,9.0
../ibc53/Streak-breasted_Scimitar_Babbler/33.wav,Streak-breasted_Scimitar_Babbler,9.0,12.0
../ibc53/Streak-breasted_Scimitar_Babbler/33.wav,Streak-breasted_Scimitar_Babbler,12.0,15.0
../ibc53/Streak-breasted_Scimitar_Babbler/33.wav,Streak-breasted_Scimitar_Babbler,15.0,18.0
../ibc53/Streak-breasted_Scimitar_Babbler/33.wav,Streak-breasted_Scimitar_Babbler,18.0,21.0
../ibc53/Streak-breasted_Scimitar_Babbler/33.wav,Streak-breasted_Scimitar_Babbler,21.0,24.0
../ibc53/Streak-breasted_Scimitar_Babbler/33.wav,Streak-breasted_Scimitar_Babbler,24.0,27.0
../ibc53/Streak-breasted_Scimitar_Babbler/33.wav,Streak-breasted_Scimitar_Babbler,27.0,30.0
../ibc53/Streak-breasted_Scimitar_Babbler/13.wav,Streak-breasted_Scimitar_Babbler,0,3.0
../ibc53/Streak-breasted_Scimitar_Babbler/13.wav,Streak-breasted_Scimitar_Babbler,3.0,6.0
../ibc53/Streak-breasted_Scimitar_Babbler/13.wav,Streak-breasted_Scimitar_Babbler,6.0,9.0
../ibc53/Streak-breasted_Scimitar_Babbler/13.wav,Streak-breasted_Scimitar_Babbler,9.0,12.0
../ibc53/Streak-breasted_Scimitar_Babbler/13.wav,Streak-breasted_Scimitar_Babbler,12.0,15.0
../ibc53/Streak-breasted_Scimitar_Babbler/13.wav,Streak-breasted_Scimitar_Babbler,15.0,18.0
../ibc53/Streak-breasted_Scimitar_Babbler/13.wav,Streak-breasted_Scimitar_Babbler,18.0,21.0
../ibc53/Streak-breasted_Scimitar_Babbler/13.wav,Streak-breasted_Scimitar_Babbler,21.0,24.0
../ibc53/Streak-breasted_Scimitar_Babbler/13.wav,Streak-breasted_Scimitar_Babbler,24.0,27.0
../ibc53/Streak-breasted_Scimitar_Babbler/13.wav,Streak-breasted_Scimitar_Babbler,27.0,30.0
../ibc53/Streak-breasted_Scimitar_Babbler/13.wav,Streak-breasted_Scimitar_Babbler,30.0,33.0
../ibc53/Streak-breasted_Scimitar_Babbler/13.wav,Streak-breasted_Scimitar_Babbler,33.0,36.0
../ibc53/Streak-breasted_Scimitar_Babbler/13.wav,Streak-breasted_Scimitar_Babbler,36.0,39.0
../ibc53/Streak-breasted_Scimitar_Babbler/13.wav,Streak-breasted_Scimitar_Babbler,39.0,42.0
../ibc53/Streak-breasted_Scimitar_Babbler/13.wav,Streak-breasted_Scimitar_Babbler,42.0,45.0
../ibc53/Streak-breasted_Scimitar_Babbler/13.wav,Streak-breasted_Scimitar_Babbler,45.0,48.0
../ibc53/Streak-breasted_Scimitar_Babbler/13.wav,Streak-breasted_Scimitar_Babbler,48.0,51.0
../ibc53/Streak-breasted_Scimitar_Babbler/26.wav,Streak-breasted_Scimitar_Babbler,0,3.0
../ibc53/Streak-breasted_Scimitar_Babbler/26.wav,Streak-breasted_Scimitar_Babbler,3.0,6.0
../ibc53/Streak-breasted_Scimitar_Babbler/26.wav,Streak-breasted_Scimitar_Babbler,6.0,9.0
../ibc53/Streak-breasted_Scimitar_Babbler/26.wav,Streak-breasted_Scimitar_Babbler,9.0,12.0
../ibc53/Streak-breasted_Scimitar_Babbler/26.wav,Streak-breasted_Scimitar_Babbler,12.0,15.0
../ibc53/Streak-breasted_Scimitar_Babbler/16.wav,Streak-breasted_Scimitar_Babbler,0,3.0
../ibc53/Streak-breasted_Scimitar_Babbler/16.wav,Streak-breasted_Scimitar_Babbler,3.0,6.0
../ibc53/Streak-breasted_Scimitar_Babbler/16.wav,Streak-breasted_Scimitar_Babbler,6.0,9.0
../ibc53/Streak-breasted_Scimitar_Babbler/16.wav,Streak-breasted_Scimitar_Babbler,9.0,12.0
../ibc53/Streak-breasted_Scimitar_Babbler/16.wav,Streak-breasted_Scimitar_Babbler,12.0,15.0
../ibc53/Streak-breasted_Scimitar_Babbler/16.wav,Streak-breasted_Scimitar_Babbler,15.0,18.0
../ibc53/Streak-breasted_Scimitar_Babbler/16.wav,Streak-breasted_Scimitar_Babbler,18.0,21.0
../ibc53/Streak-breasted_Scimitar_Babbler/16.wav,Streak-breasted_Scimitar_Babbler,21.0,24.0
../ibc53/Streak-breasted_Scimitar_Babbler/16.wav,Streak-breasted_Scimitar_Babbler,24.0,27.0
../ibc53/Streak-breasted_Scimitar_Babbler/16.wav,Streak-breasted_Scimitar_Babbler,27.0,30.0
../ibc53/Streak-breasted_Scimitar_Babbler/16.wav,Streak-breasted_Scimitar_Babbler,30.0,33.0
../ibc53/Streak-breasted_Scimitar_Babbler/16.wav,Streak-breasted_Scimitar_Babbler,33.0,36.0
../ibc53/Streak-breasted_Scimitar_Babbler/16.wav,Streak-breasted_Scimitar_Babbler,36.0,39.0
../ibc53/Streak-breasted_Scimitar_Babbler/16.wav,Streak-breasted_Scimitar_Babbler,39.0,42.0
../ibc53/Streak-breasted_Scimitar_Babbler/16.wav,Streak-breasted_Scimitar_Babbler,42.0,45.0
../ibc53/Streak-breasted_Scimitar_Babbler/16.wav,Streak-breasted_Scimitar_Babbler,45.0,48.0
../ibc53/Streak-breasted_Scimitar_Babbler/16.wav,Streak-breasted_Scimitar_Babbler,48.0,51.0
../ibc53/Streak-breasted_Scimitar_Babbler/36.wav,Streak-breasted_Scimitar_Babbler,0,3.0
../ibc53/Streak-breasted_Scimitar_Babbler/36.wav,Streak-breasted_Scimitar_Babbler,3.0,6.0
../ibc53/Streak-breasted_Scimitar_Babbler/36.wav,Streak-breasted_Scimitar_Babbler,6.0,9.0
../ibc53/Streak-breasted_Scimitar_Babbler/36.wav,Streak-breasted_Scimitar_Babbler,9.0,12.0
../ibc53/Streak-breasted_Scimitar_Babbler/36.wav,Streak-breasted_Scimitar_Babbler,12.0,15.0
../ibc53/Streak-breasted_Scimitar_Babbler/36.wav,Streak-breasted_Scimitar_Babbler,15.0,18.0
../ibc53/Streak-breasted_Scimitar_Babbler/36.wav,Streak-breasted_Scimitar_Babbler,18.0,21.0
../ibc53/Streak-breasted_Scimitar_Babbler/36.wav,Streak-breasted_Scimitar_Babbler,21.0,24.0
../ibc53/Streak-breasted_Scimitar_Babbler/36.wav,Streak-breasted_Scimitar_Babbler,24.0,27.0
../ibc53/Streak-breasted_Scimitar_Babbler/36.wav,Streak-breasted_Scimitar_Babbler,27.0,30.0
../ibc53/Streak-breasted_Scimitar_Babbler/36.wav,Streak-breasted_Scimitar_Babbler,30.0,33.0
../ibc53/Streak-breasted_Scimitar_Babbler/36.wav,Streak-breasted_Scimitar_Babbler,33.0,36.0
../ibc53/Streak-breasted_Scimitar_Babbler/20.wav,Streak-breasted_Scimitar_Babbler,0,3.0
../ibc53/Streak-breasted_Scimitar_Babbler/20.wav,Streak-breasted_Scimitar_Babbler,3.0,6.0
../ibc53/Streak-breasted_Scimitar_Babbler/28.wav,Streak-breasted_Scimitar_Babbler,0,3.0
../ibc53/Streak-breasted_Scimitar_Babbler/28.wav,Streak-breasted_Scimitar_Babbler,3.0,6.0
../ibc53/Streak-breasted_Scimitar_Babbler/28.wav,Streak-breasted_Scimitar_Babbler,6.0,9.0
../ibc53/Streak-breasted_Scimitar_Babbler/28.wav,Streak-breasted_Scimitar_Babbler,9.0,12.0
../ibc53/Streak-breasted_Scimitar_Babbler/28.wav,Streak-breasted_Scimitar_Babbler,12.0,15.0
../ibc53/Streak-breasted_Scimitar_Babbler/28.wav,Streak-breasted_Scimitar_Babbler,15.0,18.0
../ibc53/Streak-breasted_Scimitar_Babbler/28.wav,Streak-breasted_Scimitar_Babbler,18.0,21.0
../ibc53/Streak-breasted_Scimitar_Babbler/28.wav,Streak-breasted_Scimitar_Babbler,21.0,24.0
../ibc53/Streak-breasted_Scimitar_Babbler/28.wav,Streak-breasted_Scimitar_Babbler,24.0,27.0
../ibc53/Streak-breasted_Scimitar_Babbler/21.wav,Streak-breasted_Scimitar_Babbler,0,3.0
../ibc53/Streak-breasted_Scimitar_Babbler/21.wav,Streak-breasted_Scimitar_Babbler,3.0,6.0
../ibc53/Streak-breasted_Scimitar_Babbler/21.wav,Streak-breasted_Scimitar_Babbler,6.0,9.0
../ibc53/Streak-breasted_Scimitar_Babbler/21.wav,Streak-breasted_Scimitar_Babbler,9.0,12.0
../ibc53/Streak-breasted_Scimitar_Babbler/21.wav,Streak-breasted_Scimitar_Babbler,12.0,15.0
../ibc53/Streak-breasted_Scimitar_Babbler/21.wav,Streak-breasted_Scimitar_Babbler,15.0,18.0
../ibc53/Streak-breasted_Scimitar_Babbler/21.wav,Streak-breasted_Scimitar_Babbler,18.0,21.0
../ibc53/Streak-breasted_Scimitar_Babbler/21.wav,Streak-breasted_Scimitar_Babbler,21.0,24.0
../ibc53/Streak-breasted_Scimitar_Babbler/21.wav,Streak-breasted_Scimitar_Babbler,24.0,27.0
../ibc53/Streak-breasted_Scimitar_Babbler/39.wav,Streak-breasted_Scimitar_Babbler,0,3.0
../ibc53/Streak-breasted_Scimitar_Babbler/39.wav,Streak-breasted_Scimitar_Babbler,3.0,6.0
../ibc53/Streak-breasted_Scimitar_Babbler/39.wav,Streak-breasted_Scimitar_Babbler,6.0,9.0
../ibc53/Streak-breasted_Scimitar_Babbler/39.wav,Streak-breasted_Scimitar_Babbler,9.0,12.0
../ibc53/Streak-breasted_Scimitar_Babbler/39.wav,Streak-breasted_Scimitar_Babbler,12.0,15.0
../ibc53/Streak-breasted_Scimitar_Babbler/39.wav,Streak-breasted_Scimitar_Babbler,15.0,18.0
../ibc53/Streak-breasted_Scimitar_Babbler/39.wav,Streak-breasted_Scimitar_Babbler,18.0,21.0
../ibc53/Streak-breasted_Scimitar_Babbler/39.wav,Streak-breasted_Scimitar_Babbler,21.0,24.0
../ibc53/Streak-breasted_Scimitar_Babbler/39.wav,Streak-breasted_Scimitar_Babbler,24.0,27.0
../ibc53/Streak-breasted_Scimitar_Babbler/12.wav,Streak-breasted_Scimitar_Babbler,0,3.0
../ibc53/Streak-breasted_Scimitar_Babbler/12.wav,Streak-breasted_Scimitar_Babbler,3.0,6.0
../ibc53/Streak-breasted_Scimitar_Babbler/12.wav,Streak-breasted_Scimitar_Babbler,6.0,9.0
../ibc53/Streak-breasted_Scimitar_Babbler/12.wav,Streak-breasted_Scimitar_Babbler,9.0,12.0
../ibc53/Streak-breasted_Scimitar_Babbler/12.wav,Streak-breasted_Scimitar_Babbler,12.0,15.0
../ibc53/Streak-breasted_Scimitar_Babbler/2.wav,Streak-breasted_Scimitar_Babbler,0,3.0
../ibc53/Streak-breasted_Scimitar_Babbler/2.wav,Streak-breasted_Scimitar_Babbler,3.0,6.0
../ibc53/Streak-breasted_Scimitar_Babbler/2.wav,Streak-breasted_Scimitar_Babbler,6.0,9.0
../ibc53/Streak-breasted_Scimitar_Babbler/2.wav,Streak-breasted_Scimitar_Babbler,9.0,12.0
../ibc53/Streak-breasted_Scimitar_Babbler/2.wav,Streak-breasted_Scimitar_Babbler,12.0,15.0
../ibc53/Streak-breasted_Scimitar_Babbler/2.wav,Streak-breasted_Scimitar_Babbler,15.0,18.0
../ibc53/Streak-breasted_Scimitar_Babbler/4.wav,Streak-breasted_Scimitar_Babbler,0,3.0
../ibc53/Streak-breasted_Scimitar_Babbler/4.wav,Streak-breasted_Scimitar_Babbler,3.0,6.0
../ibc53/Streak-breasted_Scimitar_Babbler/4.wav,Streak-breasted_Scimitar_Babbler,6.0,9.0
../ibc53/Streak-breasted_Scimitar_Babbler/4.wav,Streak-breasted_Scimitar_Babbler,9.0,12.0
../ibc53/Streak-breasted_Scimitar_Babbler/4.wav,Streak-breasted_Scimitar_Babbler,12.0,15.0
../ibc53/Streak-breasted_Scimitar_Babbler/4.wav,Streak-breasted_Scimitar_Babbler,15.0,18.0
../ibc53/Streak-breasted_Scimitar_Babbler/4.wav,Streak-breasted_Scimitar_Babbler,18.0,21.0
../ibc53/Streak-breasted_Scimitar_Babbler/4.wav,Streak-breasted_Scimitar_Babbler,21.0,24.0
../ibc53/Streak-breasted_Scimitar_Babbler/4.wav,Streak-breasted_Scimitar_Babbler,24.0,27.0
../ibc53/Streak-breasted_Scimitar_Babbler/4.wav,Streak-breasted_Scimitar_Babbler,27.0,30.0
../ibc53/Streak-breasted_Scimitar_Babbler/4.wav,Streak-breasted_Scimitar_Babbler,30.0,33.0
../ibc53/Streak-breasted_Scimitar_Babbler/4.wav,Streak-breasted_Scimitar_Babbler,33.0,36.0
../ibc53/Streak-breasted_Scimitar_Babbler/4.wav,Streak-breasted_Scimitar_Babbler,36.0,39.0
../ibc53/Streak-breasted_Scimitar_Babbler/4.wav,Streak-breasted_Scimitar_Babbler,39.0,42.0
../ibc53/Streak-breasted_Scimitar_Babbler/4.wav,Streak-breasted_Scimitar_Babbler,42.0,45.0
../ibc53/Streak-breasted_Scimitar_Babbler/4.wav,Streak-breasted_Scimitar_Babbler,45.0,48.0
../ibc53/Streak-breasted_Scimitar_Babbler/4.wav,Streak-breasted_Scimitar_Babbler,48.0,51.0
../ibc53/Streak-breasted_Scimitar_Babbler/4.wav,Streak-breasted_Scimitar_Babbler,51.0,54.0
../ibc53/Streak-breasted_Scimitar_Babbler/4.wav,Streak-breasted_Scimitar_Babbler,54.0,57.0
../ibc53/Streak-breasted_Scimitar_Babbler/4.wav,Streak-breasted_Scimitar_Babbler,57.0,60.0
../ibc53/Streak-breasted_Scimitar_Babbler/4.wav,Streak-breasted_Scimitar_Babbler,60.0,63.0
../ibc53/Streak-breasted_Scimitar_Babbler/4.wav,Streak-breasted_Scimitar_Babbler,63.0,66.0
../ibc53/Streak-breasted_Scimitar_Babbler/4.wav,Streak-breasted_Scimitar_Babbler,66.0,69.0
../ibc53/Streak-breasted_Scimitar_Babbler/4.wav,Streak-breasted_Scimitar_Babbler,69.0,72.0
../ibc53/Streak-breasted_Scimitar_Babbler/4.wav,Streak-breasted_Scimitar_Babbler,72.0,75.0
../ibc53/Streak-breasted_Scimitar_Babbler/4.wav,Streak-breasted_Scimitar_Babbler,75.0,78.0
../ibc53/Streak-breasted_Scimitar_Babbler/4.wav,Streak-breasted_Scimitar_Babbler,78.0,81.0
../ibc53/Streak-breasted_Scimitar_Babbler/4.wav,Streak-breasted_Scimitar_Babbler,81.0,84.0
../ibc53/Streak-breasted_Scimitar_Babbler/4.wav,Streak-breasted_Scimitar_Babbler,84.0,87.0
../ibc53/Streak-breasted_Scimitar_Babbler/4.wav,Streak-breasted_Scimitar_Babbler,87.0,90.0
../ibc53/Streak-breasted_Scimitar_Babbler/4.wav,Streak-breasted_Scimitar_Babbler,90.0,93.0
../ibc53/Streak-breasted_Scimitar_Babbler/4.wav,Streak-breasted_Scimitar_Babbler,93.0,96.0
../ibc53/Streak-breasted_Scimitar_Babbler/4.wav,Streak-breasted_Scimitar_Babbler,96.0,99.0
../ibc53/Streak-breasted_Scimitar_Babbler/4.wav,Streak-breasted_Scimitar_Babbler,99.0,102.0
../ibc53/Streak-breasted_Scimitar_Babbler/4.wav,Streak-breasted_Scimitar_Babbler,102.0,105.0
../ibc53/Streak-breasted_Scimitar_Babbler/27.wav,Streak-breasted_Scimitar_Babbler,0,3.0
../ibc53/Streak-breasted_Scimitar_Babbler/27.wav,Streak-breasted_Scimitar_Babbler,3.0,6.0
../ibc53/Streak-breasted_Scimitar_Babbler/27.wav,Streak-breasted_Scimitar_Babbler,6.0,9.0
../ibc53/Streak-breasted_Scimitar_Babbler/27.wav,Streak-breasted_Scimitar_Babbler,9.0,12.0
../ibc53/Streak-breasted_Scimitar_Babbler/27.wav,Streak-breasted_Scimitar_Babbler,12.0,15.0
../ibc53/Streak-breasted_Scimitar_Babbler/27.wav,Streak-breasted_Scimitar_Babbler,15.0,18.0
../ibc53/Streak-breasted_Scimitar_Babbler/27.wav,Streak-breasted_Scimitar_Babbler,18.0,21.0
../ibc53/Streak-breasted_Scimitar_Babbler/27.wav,Streak-breasted_Scimitar_Babbler,21.0,24.0
../ibc53/Streak-breasted_Scimitar_Babbler/27.wav,Streak-breasted_Scimitar_Babbler,24.0,27.0
../ibc53/Streak-breasted_Scimitar_Babbler/27.wav,Streak-breasted_Scimitar_Babbler,27.0,30.0
../ibc53/Streak-breasted_Scimitar_Babbler/27.wav,Streak-breasted_Scimitar_Babbler,30.0,33.0
../ibc53/Streak-breasted_Scimitar_Babbler/27.wav,Streak-breasted_Scimitar_Babbler,33.0,36.0
../ibc53/Streak-breasted_Scimitar_Babbler/27.wav,Streak-breasted_Scimitar_Babbler,36.0,39.0
../ibc53/Streak-breasted_Scimitar_Babbler/27.wav,Streak-breasted_Scimitar_Babbler,39.0,42.0
../ibc53/Streak-breasted_Scimitar_Babbler/27.wav,Streak-breasted_Scimitar_Babbler,42.0,45.0
../ibc53/Streak-breasted_Scimitar_Babbler/27.wav,Streak-breasted_Scimitar_Babbler,45.0,48.0
../ibc53/Streak-breasted_Scimitar_Babbler/14.wav,Streak-breasted_Scimitar_Babbler,0,3.0
../ibc53/Streak-breasted_Scimitar_Babbler/14.wav,Streak-breasted_Scimitar_Babbler,3.0,6.0
../ibc53/Streak-breasted_Scimitar_Babbler/14.wav,Streak-breasted_Scimitar_Babbler,6.0,9.0
../ibc53/Streak-breasted_Scimitar_Babbler/14.wav,Streak-breasted_Scimitar_Babbler,9.0,12.0
../ibc53/Streak-breasted_Scimitar_Babbler/14.wav,Streak-breasted_Scimitar_Babbler,12.0,15.0
../ibc53/Streak-breasted_Scimitar_Babbler/37.wav,Streak-breasted_Scimitar_Babbler,0,3.0
../ibc53/Streak-breasted_Scimitar_Babbler/37.wav,Streak-breasted_Scimitar_Babbler,3.0,6.0
../ibc53/Streak-breasted_Scimitar_Babbler/37.wav,Streak-breasted_Scimitar_Babbler,6.0,9.0
../ibc53/Streak-breasted_Scimitar_Babbler/37.wav,Streak-breasted_Scimitar_Babbler,9.0,12.0
../ibc53/Streak-breasted_Scimitar_Babbler/37.wav,Streak-breasted_Scimitar_Babbler,12.0,15.0
../ibc53/Streak-breasted_Scimitar_Babbler/37.wav,Streak-breasted_Scimitar_Babbler,15.0,18.0
../ibc53/Streak-breasted_Scimitar_Babbler/37.wav,Streak-breasted_Scimitar_Babbler,18.0,21.0
../ibc53/Streak-breasted_Scimitar_Babbler/37.wav,Streak-breasted_Scimitar_Babbler,21.0,24.0
../ibc53/Streak-breasted_Scimitar_Babbler/37.wav,Streak-breasted_Scimitar_Babbler,24.0,27.0
../ibc53/Streak-breasted_Scimitar_Babbler/37.wav,Streak-breasted_Scimitar_Babbler,27.0,30.0
../ibc53/Streak-breasted_Scimitar_Babbler/37.wav,Streak-breasted_Scimitar_Babbler,30.0,33.0
../ibc53/Streak-breasted_Scimitar_Babbler/37.wav,Streak-breasted_Scimitar_Babbler,33.0,36.0
../ibc53/Streak-breasted_Scimitar_Babbler/37.wav,Streak-breasted_Scimitar_Babbler,36.0,39.0
../ibc53/Streak-breasted_Scimitar_Babbler/22.wav,Streak-breasted_Scimitar_Babbler,0,3.0
../ibc53/Streak-breasted_Scimitar_Babbler/22.wav,Streak-breasted_Scimitar_Babbler,3.0,6.0
../ibc53/Streak-breasted_Scimitar_Babbler/22.wav,Streak-breasted_Scimitar_Babbler,6.0,9.0
../ibc53/Streak-breasted_Scimitar_Babbler/22.wav,Streak-breasted_Scimitar_Babbler,9.0,12.0
../ibc53/Streak-breasted_Scimitar_Babbler/10.wav,Streak-breasted_Scimitar_Babbler,0,3.0
../ibc53/Streak-breasted_Scimitar_Babbler/10.wav,Streak-breasted_Scimitar_Babbler,3.0,6.0
../ibc53/Streak-breasted_Scimitar_Babbler/10.wav,Streak-breasted_Scimitar_Babbler,6.0,9.0
../ibc53/Streak-breasted_Scimitar_Babbler/10.wav,Streak-breasted_Scimitar_Babbler,9.0,12.0
../ibc53/Streak-breasted_Scimitar_Babbler/10.wav,Streak-breasted_Scimitar_Babbler,12.0,15.0
../ibc53/Streak-breasted_Scimitar_Babbler/10.wav,Streak-breasted_Scimitar_Babbler,15.0,18.0
../ibc53/Streak-breasted_Scimitar_Babbler/10.wav,Streak-breasted_Scimitar_Babbler,18.0,21.0
../ibc53/Streak-breasted_Scimitar_Babbler/10.wav,Streak-breasted_Scimitar_Babbler,21.0,24.0
../ibc53/Streak-breasted_Scimitar_Babbler/10.wav,Streak-breasted_Scimitar_Babbler,24.0,27.0
../ibc53/Streak-breasted_Scimitar_Babbler/10.wav,Streak-breasted_Scimitar_Babbler,27.0,30.0
../ibc53/Streak-breasted_Scimitar_Babbler/10.wav,Streak-breasted_Scimitar_Babbler,30.0,33.0
../ibc53/Streak-breasted_Scimitar_Babbler/10.wav,Streak-breasted_Scimitar_Babbler,33.0,36.0
../ibc53/Streak-breasted_Scimitar_Babbler/10.wav,Streak-breasted_Scimitar_Babbler,36.0,39.0
../ibc53/Streak-breasted_Scimitar_Babbler/10.wav,Streak-breasted_Scimitar_Babbler,39.0,42.0
../ibc53/Streak-breasted_Scimitar_Babbler/10.wav,Streak-breasted_Scimitar_Babbler,42.0,45.0
../ibc53/Streak-breasted_Scimitar_Babbler/10.wav,Streak-breasted_Scimitar_Babbler,45.0,48.0
../ibc53/Streak-breasted_Scimitar_Babbler/10.wav,Streak-breasted_Scimitar_Babbler,48.0,51.0
../ibc53/Streak-breasted_Scimitar_Babbler/29.wav,Streak-breasted_Scimitar_Babbler,0,3.0
../ibc53/Streak-breasted_Scimitar_Babbler/29.wav,Streak-breasted_Scimitar_Babbler,3.0,6.0
../ibc53/Streak-breasted_Scimitar_Babbler/29.wav,Streak-breasted_Scimitar_Babbler,6.0,9.0
../ibc53/Streak-breasted_Scimitar_Babbler/29.wav,Streak-breasted_Scimitar_Babbler,9.0,12.0
../ibc53/Streak-breasted_Scimitar_Babbler/29.wav,Streak-breasted_Scimitar_Babbler,12.0,15.0
../ibc53/Streak-breasted_Scimitar_Babbler/29.wav,Streak-breasted_Scimitar_Babbler,15.0,18.0
../ibc53/Streak-breasted_Scimitar_Babbler/29.wav,Streak-breasted_Scimitar_Babbler,18.0,21.0
../ibc53/Streak-breasted_Scimitar_Babbler/29.wav,Streak-breasted_Scimitar_Babbler,21.0,24.0
../ibc53/Streak-breasted_Scimitar_Babbler/41.wav,Streak-breasted_Scimitar_Babbler,0,3.0
../ibc53/Streak-breasted_Scimitar_Babbler/41.wav,Streak-breasted_Scimitar_Babbler,3.0,6.0
../ibc53/Streak-breasted_Scimitar_Babbler/41.wav,Streak-breasted_Scimitar_Babbler,6.0,9.0
../ibc53/Streak-breasted_Scimitar_Babbler/41.wav,Streak-breasted_Scimitar_Babbler,9.0,12.0
../ibc53/Streak-breasted_Scimitar_Babbler/41.wav,Streak-breasted_Scimitar_Babbler,12.0,15.0
../ibc53/Streak-breasted_Scimitar_Babbler/41.wav,Streak-breasted_Scimitar_Babbler,15.0,18.0
../ibc53/Streak-breasted_Scimitar_Babbler/41.wav,Streak-breasted_Scimitar_Babbler,18.0,21.0
../ibc53/Streak-breasted_Scimitar_Babbler/41.wav,Streak-breasted_Scimitar_Babbler,21.0,24.0
../ibc53/Streak-breasted_Scimitar_Babbler/41.wav,Streak-breasted_Scimitar_Babbler,24.0,27.0
../ibc53/Streak-breasted_Scimitar_Babbler/41.wav,Streak-breasted_Scimitar_Babbler,27.0,30.0
../ibc53/Streak-breasted_Scimitar_Babbler/41.wav,Streak-breasted_Scimitar_Babbler,30.0,33.0
../ibc53/Streak-breasted_Scimitar_Babbler/41.wav,Streak-breasted_Scimitar_Babbler,33.0,36.0
../ibc53/Streak-breasted_Scimitar_Babbler/41.wav,Streak-breasted_Scimitar_Babbler,36.0,39.0
../ibc53/Streak-breasted_Scimitar_Babbler/41.wav,Streak-breasted_Scimitar_Babbler,39.0,42.0
../ibc53/Streak-breasted_Scimitar_Babbler/40.wav,Streak-breasted_Scimitar_Babbler,0,3.0
../ibc53/Streak-breasted_Scimitar_Babbler/40.wav,Streak-breasted_Scimitar_Babbler,3.0,6.0
../ibc53/Streak-breasted_Scimitar_Babbler/40.wav,Streak-breasted_Scimitar_Babbler,6.0,9.0
../ibc53/Streak-breasted_Scimitar_Babbler/40.wav,Streak-breasted_Scimitar_Babbler,9.0,12.0
../ibc53/Streak-breasted_Scimitar_Babbler/40.wav,Streak-breasted_Scimitar_Babbler,12.0,15.0
../ibc53/Streak-breasted_Scimitar_Babbler/40.wav,Streak-breasted_Scimitar_Babbler,15.0,18.0
../ibc53/Streak-breasted_Scimitar_Babbler/40.wav,Streak-breasted_Scimitar_Babbler,18.0,21.0
../ibc53/Streak-breasted_Scimitar_Babbler/40.wav,Streak-breasted_Scimitar_Babbler,21.0,24.0
../ibc53/Streak-breasted_Scimitar_Babbler/40.wav,Streak-breasted_Scimitar_Babbler,24.0,27.0
../ibc53/Streak-breasted_Scimitar_Babbler/40.wav,Streak-breasted_Scimitar_Babbler,27.0,30.0
../ibc53/Streak-breasted_Scimitar_Babbler/40.wav,Streak-breasted_Scimitar_Babbler,30.0,33.0
../ibc53/Streak-breasted_Scimitar_Babbler/32.wav,Streak-breasted_Scimitar_Babbler,0,3.0
../ibc53/Streak-breasted_Scimitar_Babbler/32.wav,Streak-breasted_Scimitar_Babbler,3.0,6.0
../ibc53/Streak-breasted_Scimitar_Babbler/32.wav,Streak-breasted_Scimitar_Babbler,6.0,9.0
../ibc53/Streak-breasted_Scimitar_Babbler/32.wav,Streak-breasted_Scimitar_Babbler,9.0,12.0
../ibc53/Streak-breasted_Scimitar_Babbler/32.wav,Streak-breasted_Scimitar_Babbler,12.0,15.0
../ibc53/Streak-breasted_Scimitar_Babbler/32.wav,Streak-breasted_Scimitar_Babbler,15.0,18.0
../ibc53/Streak-breasted_Scimitar_Babbler/32.wav,Streak-breasted_Scimitar_Babbler,18.0,21.0
../ibc53/Streak-breasted_Scimitar_Babbler/32.wav,Streak-breasted_Scimitar_Babbler,21.0,24.0
../ibc53/Streak-breasted_Scimitar_Babbler/32.wav,Streak-breasted_Scimitar_Babbler,24.0,27.0
../ibc53/Streak-breasted_Scimitar_Babbler/32.wav,Streak-breasted_Scimitar_Babbler,27.0,30.0
../ibc53/Streak-breasted_Scimitar_Babbler/32.wav,Streak-breasted_Scimitar_Babbler,30.0,33.0
../ibc53/Streak-breasted_Scimitar_Babbler/32.wav,Streak-breasted_Scimitar_Babbler,33.0,36.0
../ibc53/Streak-breasted_Scimitar_Babbler/32.wav,Streak-breasted_Scimitar_Babbler,36.0,39.0
../ibc53/Streak-breasted_Scimitar_Babbler/32.wav,Streak-breasted_Scimitar_Babbler,39.0,42.0
../ibc53/Streak-breasted_Scimitar_Babbler/32.wav,Streak-breasted_Scimitar_Babbler,42.0,45.0
../ibc53/Streak-breasted_Scimitar_Babbler/32.wav,Streak-breasted_Scimitar_Babbler,45.0,48.0
../ibc53/Streak-breasted_Scimitar_Babbler/32.wav,Streak-breasted_Scimitar_Babbler,48.0,51.0
../ibc53/Streak-breasted_Scimitar_Babbler/30.wav,Streak-breasted_Scimitar_Babbler,0,3.0
../ibc53/Streak-breasted_Scimitar_Babbler/30.wav,Streak-breasted_Scimitar_Babbler,3.0,6.0
../ibc53/Streak-breasted_Scimitar_Babbler/30.wav,Streak-breasted_Scimitar_Babbler,6.0,9.0
../ibc53/Streak-breasted_Scimitar_Babbler/30.wav,Streak-breasted_Scimitar_Babbler,9.0,12.0
../ibc53/Streak-breasted_Scimitar_Babbler/30.wav,Streak-breasted_Scimitar_Babbler,12.0,15.0
../ibc53/Streak-breasted_Scimitar_Babbler/30.wav,Streak-breasted_Scimitar_Babbler,15.0,18.0
../ibc53/Streak-breasted_Scimitar_Babbler/30.wav,Streak-breasted_Scimitar_Babbler,18.0,21.0
../ibc53/Streak-breasted_Scimitar_Babbler/30.wav,Streak-breasted_Scimitar_Babbler,21.0,24.0
../ibc53/Streak-breasted_Scimitar_Babbler/30.wav,Streak-breasted_Scimitar_Babbler,24.0,27.0
../ibc53/Streak-breasted_Scimitar_Babbler/30.wav,Streak-breasted_Scimitar_Babbler,27.0,30.0
../ibc53/Streak-breasted_Scimitar_Babbler/30.wav,Streak-breasted_Scimitar_Babbler,30.0,33.0
../ibc53/Streak-breasted_Scimitar_Babbler/30.wav,Streak-breasted_Scimitar_Babbler,33.0,36.0
../ibc53/Streak-breasted_Scimitar_Babbler/30.wav,Streak-breasted_Scimitar_Babbler,36.0,39.0
../ibc53/Streak-breasted_Scimitar_Babbler/30.wav,Streak-breasted_Scimitar_Babbler,39.0,42.0
../ibc53/Streak-breasted_Scimitar_Babbler/19.wav,Streak-breasted_Scimitar_Babbler,0,3.0
../ibc53/Streak-breasted_Scimitar_Babbler/19.wav,Streak-breasted_Scimitar_Babbler,3.0,6.0
../ibc53/Streak-breasted_Scimitar_Babbler/19.wav,Streak-breasted_Scimitar_Babbler,6.0,9.0
../ibc53/Streak-breasted_Scimitar_Babbler/19.wav,Streak-breasted_Scimitar_Babbler,9.0,12.0
../ibc53/Streak-breasted_Scimitar_Babbler/19.wav,Streak-breasted_Scimitar_Babbler,12.0,15.0
../ibc53/Streak-breasted_Scimitar_Babbler/19.wav,Streak-breasted_Scimitar_Babbler,15.0,18.0
../ibc53/Streak-breasted_Scimitar_Babbler/19.wav,Streak-breasted_Scimitar_Babbler,18.0,21.0
../ibc53/Streak-breasted_Scimitar_Babbler/19.wav,Streak-breasted_Scimitar_Babbler,21.0,24.0
../ibc53/Streak-breasted_Scimitar_Babbler/19.wav,Streak-breasted_Scimitar_Babbler,24.0,27.0
../ibc53/Streak-breasted_Scimitar_Babbler/19.wav,Streak-breasted_Scimitar_Babbler,27.0,30.0
../ibc53/Streak-breasted_Scimitar_Babbler/19.wav,Streak-breasted_Scimitar_Babbler,30.0,33.0
../ibc53/Streak-breasted_Scimitar_Babbler/19.wav,Streak-breasted_Scimitar_Babbler,33.0,36.0
../ibc53/Streak-breasted_Scimitar_Babbler/9.wav,Streak-breasted_Scimitar_Babbler,0,3.0
../ibc53/Streak-breasted_Scimitar_Babbler/9.wav,Streak-breasted_Scimitar_Babbler,3.0,6.0
../ibc53/Streak-breasted_Scimitar_Babbler/9.wav,Streak-breasted_Scimitar_Babbler,6.0,9.0
../ibc53/Streak-breasted_Scimitar_Babbler/9.wav,Streak-breasted_Scimitar_Babbler,9.0,12.0
../ibc53/Streak-breasted_Scimitar_Babbler/9.wav,Streak-breasted_Scimitar_Babbler,12.0,15.0
../ibc53/Streak-breasted_Scimitar_Babbler/9.wav,Streak-breasted_Scimitar_Babbler,15.0,18.0
../ibc53/Streak-breasted_Scimitar_Babbler/9.wav,Streak-breasted_Scimitar_Babbler,18.0,21.0
../ibc53/Streak-breasted_Scimitar_Babbler/9.wav,Streak-breasted_Scimitar_Babbler,21.0,24.0
../ibc53/Streak-breasted_Scimitar_Babbler/9.wav,Streak-breasted_Scimitar_Babbler,24.0,27.0
../ibc53/Streak-breasted_Scimitar_Babbler/9.wav,Streak-breasted_Scimitar_Babbler,27.0,30.0
../ibc53/Streak-breasted_Scimitar_Babbler/9.wav,Streak-breasted_Scimitar_Babbler,30.0,33.0
../ibc53/Streak-breasted_Scimitar_Babbler/9.wav,Streak-breasted_Scimitar_Babbler,33.0,36.0
../ibc53/Streak-breasted_Scimitar_Babbler/9.wav,Streak-breasted_Scimitar_Babbler,36.0,39.0
../ibc53/Streak-breasted_Scimitar_Babbler/9.wav,Streak-breasted_Scimitar_Babbler,39.0,42.0
../ibc53/Streak-breasted_Scimitar_Babbler/9.wav,Streak-breasted_Scimitar_Babbler,42.0,45.0
../ibc53/Streak-breasted_Scimitar_Babbler/6.wav,Streak-breasted_Scimitar_Babbler,0,3.0
../ibc53/Streak-breasted_Scimitar_Babbler/6.wav,Streak-breasted_Scimitar_Babbler,3.0,6.0
../ibc53/Streak-breasted_Scimitar_Babbler/6.wav,Streak-breasted_Scimitar_Babbler,6.0,9.0
../ibc53/Streak-breasted_Scimitar_Babbler/6.wav,Streak-breasted_Scimitar_Babbler,9.0,12.0
../ibc53/Streak-breasted_Scimitar_Babbler/6.wav,Streak-breasted_Scimitar_Babbler,12.0,15.0
../ibc53/Streak-breasted_Scimitar_Babbler/6.wav,Streak-breasted_Scimitar_Babbler,15.0,18.0
../ibc53/Streak-breasted_Scimitar_Babbler/6.wav,Streak-breasted_Scimitar_Babbler,18.0,21.0
../ibc53/Streak-breasted_Scimitar_Babbler/6.wav,Streak-breasted_Scimitar_Babbler,21.0,24.0
../ibc53/Streak-breasted_Scimitar_Babbler/6.wav,Streak-breasted_Scimitar_Babbler,24.0,27.0
../ibc53/Streak-breasted_Scimitar_Babbler/6.wav,Streak-breasted_Scimitar_Babbler,27.0,30.0
../ibc53/Streak-breasted_Scimitar_Babbler/6.wav,Streak-breasted_Scimitar_Babbler,30.0,33.0
../ibc53/Streak-breasted_Scimitar_Babbler/6.wav,Streak-breasted_Scimitar_Babbler,33.0,36.0
../ibc53/Streak-breasted_Scimitar_Babbler/6.wav,Streak-breasted_Scimitar_Babbler,36.0,39.0
../ibc53/Streak-breasted_Scimitar_Babbler/6.wav,Streak-breasted_Scimitar_Babbler,39.0,42.0
../ibc53/Streak-breasted_Scimitar_Babbler/6.wav,Streak-breasted_Scimitar_Babbler,42.0,45.0
../ibc53/Streak-breasted_Scimitar_Babbler/6.wav,Streak-breasted_Scimitar_Babbler,45.0,48.0
../ibc53/Streak-breasted_Scimitar_Babbler/6.wav,Streak-breasted_Scimitar_Babbler,48.0,51.0
../ibc53/Streak-breasted_Scimitar_Babbler/11.wav,Streak-breasted_Scimitar_Babbler,0,3.0
../ibc53/Streak-breasted_Scimitar_Babbler/11.wav,Streak-breasted_Scimitar_Babbler,3.0,6.0
../ibc53/Streak-breasted_Scimitar_Babbler/11.wav,Streak-breasted_Scimitar_Babbler,6.0,9.0
../ibc53/Streak-breasted_Scimitar_Babbler/11.wav,Streak-breasted_Scimitar_Babbler,9.0,12.0
../ibc53/Streak-breasted_Scimitar_Babbler/11.wav,Streak-breasted_Scimitar_Babbler,12.0,15.0
../ibc53/Streak-breasted_Scimitar_Babbler/11.wav,Streak-breasted_Scimitar_Babbler,15.0,18.0
../ibc53/Streak-breasted_Scimitar_Babbler/11.wav,Streak-breasted_Scimitar_Babbler,18.0,21.0
../ibc53/Streak-breasted_Scimitar_Babbler/35.wav,Streak-breasted_Scimitar_Babbler,0,3.0
../ibc53/Streak-breasted_Scimitar_Babbler/35.wav,Streak-breasted_Scimitar_Babbler,3.0,6.0
../ibc53/Streak-breasted_Scimitar_Babbler/35.wav,Streak-breasted_Scimitar_Babbler,6.0,9.0
../ibc53/Streak-breasted_Scimitar_Babbler/35.wav,Streak-breasted_Scimitar_Babbler,9.0,12.0
../ibc53/Streak-breasted_Scimitar_Babbler/35.wav,Streak-breasted_Scimitar_Babbler,12.0,15.0
../ibc53/Streak-breasted_Scimitar_Babbler/35.wav,Streak-breasted_Scimitar_Babbler,15.0,18.0
../ibc53/Streak-breasted_Scimitar_Babbler/35.wav,Streak-breasted_Scimitar_Babbler,18.0,21.0
../ibc53/Streak-breasted_Scimitar_Babbler/35.wav,Streak-breasted_Scimitar_Babbler,21.0,24.0
../ibc53/Streak-breasted_Scimitar_Babbler/35.wav,Streak-breasted_Scimitar_Babbler,24.0,27.0
../ibc53/Streak-breasted_Scimitar_Babbler/35.wav,Streak-breasted_Scimitar_Babbler,27.0,30.0
../ibc53/Streak-breasted_Scimitar_Babbler/35.wav,Streak-breasted_Scimitar_Babbler,30.0,33.0
../ibc53/Streak-breasted_Scimitar_Babbler/35.wav,Streak-breasted_Scimitar_Babbler,33.0,36.0
../ibc53/Streak-breasted_Scimitar_Babbler/35.wav,Streak-breasted_Scimitar_Babbler,36.0,39.0
../ibc53/Streak-breasted_Scimitar_Babbler/35.wav,Streak-breasted_Scimitar_Babbler,39.0,42.0
../ibc53/Streak-breasted_Scimitar_Babbler/35.wav,Streak-breasted_Scimitar_Babbler,42.0,45.0
../ibc53/Streak-breasted_Scimitar_Babbler/35.wav,Streak-breasted_Scimitar_Babbler,45.0,48.0
../ibc53/Streak-breasted_Scimitar_Babbler/35.wav,Streak-breasted_Scimitar_Babbler,48.0,51.0
../ibc53/Streak-breasted_Scimitar_Babbler/35.wav,Streak-breasted_Scimitar_Babbler,51.0,54.0
../ibc53/Streak-breasted_Scimitar_Babbler/35.wav,Streak-breasted_Scimitar_Babbler,54.0,57.0
../ibc53/Streak-breasted_Scimitar_Babbler/35.wav,Streak-breasted_Scimitar_Babbler,57.0,60.0
../ibc53/Streak-breasted_Scimitar_Babbler/35.wav,Streak-breasted_Scimitar_Babbler,60.0,63.0
../ibc53/Streak-breasted_Scimitar_Babbler/35.wav,Streak-breasted_Scimitar_Babbler,63.0,66.0
../ibc53/Streak-breasted_Scimitar_Babbler/35.wav,Streak-breasted_Scimitar_Babbler,66.0,69.0
../ibc53/Streak-breasted_Scimitar_Babbler/35.wav,Streak-breasted_Scimitar_Babbler,69.0,72.0
../ibc53/Streak-breasted_Scimitar_Babbler/35.wav,Streak-breasted_Scimitar_Babbler,72.0,75.0
../ibc53/Streak-breasted_Scimitar_Babbler/38.wav,Streak-breasted_Scimitar_Babbler,0,3.0
../ibc53/Streak-breasted_Scimitar_Babbler/38.wav,Streak-breasted_Scimitar_Babbler,3.0,6.0
../ibc53/Streak-breasted_Scimitar_Babbler/38.wav,Streak-breasted_Scimitar_Babbler,6.0,9.0
../ibc53/Streak-breasted_Scimitar_Babbler/38.wav,Streak-breasted_Scimitar_Babbler,9.0,12.0
../ibc53/Streak-breasted_Scimitar_Babbler/38.wav,Streak-breasted_Scimitar_Babbler,12.0,15.0
../ibc53/Streak-breasted_Scimitar_Babbler/38.wav,Streak-breasted_Scimitar_Babbler,15.0,18.0
../ibc53/Streak-breasted_Scimitar_Babbler/23.wav,Streak-breasted_Scimitar_Babbler,0,3.0
../ibc53/Streak-breasted_Scimitar_Babbler/23.wav,Streak-breasted_Scimitar_Babbler,3.0,6.0
../ibc53/Streak-breasted_Scimitar_Babbler/23.wav,Streak-breasted_Scimitar_Babbler,6.0,9.0
../ibc53/Streak-breasted_Scimitar_Babbler/23.wav,Streak-breasted_Scimitar_Babbler,9.0,12.0
../ibc53/Streaked_Spiderhunter/3.wav,Streaked_Spiderhunter,0,3.0
../ibc53/Streaked_Spiderhunter/3.wav,Streaked_Spiderhunter,3.0,6.0
../ibc53/Streaked_Spiderhunter/3.wav,Streaked_Spiderhunter,6.0,9.0
../ibc53/Streaked_Spiderhunter/3.wav,Streaked_Spiderhunter,9.0,12.0
../ibc53/Streaked_Spiderhunter/3.wav,Streaked_Spiderhunter,12.0,15.0
../ibc53/Streaked_Spiderhunter/3.wav,Streaked_Spiderhunter,15.0,18.0
../ibc53/Streaked_Spiderhunter/3.wav,Streaked_Spiderhunter,18.0,21.0
../ibc53/Streaked_Spiderhunter/3.wav,Streaked_Spiderhunter,21.0,24.0
../ibc53/Streaked_Spiderhunter/3.wav,Streaked_Spiderhunter,24.0,27.0
../ibc53/Streaked_Spiderhunter/3.wav,Streaked_Spiderhunter,27.0,30.0
../ibc53/Streaked_Spiderhunter/5.wav,Streaked_Spiderhunter,0,3.0
../ibc53/Streaked_Spiderhunter/5.wav,Streaked_Spiderhunter,3.0,6.0
../ibc53/Streaked_Spiderhunter/5.wav,Streaked_Spiderhunter,6.0,9.0
../ibc53/Streaked_Spiderhunter/7.wav,Streaked_Spiderhunter,0,3.0
../ibc53/Streaked_Spiderhunter/8.wav,Streaked_Spiderhunter,0,3.0
../ibc53/Streaked_Spiderhunter/8.wav,Streaked_Spiderhunter,3.0,6.0
../ibc53/Streaked_Spiderhunter/8.wav,Streaked_Spiderhunter,6.0,9.0
../ibc53/Streaked_Spiderhunter/8.wav,Streaked_Spiderhunter,9.0,12.0
../ibc53/Streaked_Spiderhunter/8.wav,Streaked_Spiderhunter,12.0,15.0
../ibc53/Streaked_Spiderhunter/8.wav,Streaked_Spiderhunter,15.0,18.0
../ibc53/Streaked_Spiderhunter/8.wav,Streaked_Spiderhunter,18.0,21.0
../ibc53/Streaked_Spiderhunter/8.wav,Streaked_Spiderhunter,21.0,24.0
../ibc53/Streaked_Spiderhunter/8.wav,Streaked_Spiderhunter,24.0,27.0
../ibc53/Streaked_Spiderhunter/8.wav,Streaked_Spiderhunter,27.0,30.0
../ibc53/Streaked_Spiderhunter/8.wav,Streaked_Spiderhunter,30.0,33.0
../ibc53/Streaked_Spiderhunter/8.wav,Streaked_Spiderhunter,33.0,36.0
../ibc53/Streaked_Spiderhunter/1.wav,Streaked_Spiderhunter,0,3.0
../ibc53/Streaked_Spiderhunter/1.wav,Streaked_Spiderhunter,3.0,6.0
../ibc53/Streaked_Spiderhunter/1.wav,Streaked_Spiderhunter,6.0,9.0
../ibc53/Streaked_Spiderhunter/1.wav,Streaked_Spiderhunter,9.0,12.0
../ibc53/Streaked_Spiderhunter/1.wav,Streaked_Spiderhunter,12.0,15.0
../ibc53/Streaked_Spiderhunter/1.wav,Streaked_Spiderhunter,15.0,18.0
../ibc53/Streaked_Spiderhunter/1.wav,Streaked_Spiderhunter,18.0,21.0
../ibc53/Streaked_Spiderhunter/1.wav,Streaked_Spiderhunter,21.0,24.0
../ibc53/Streaked_Spiderhunter/1.wav,Streaked_Spiderhunter,24.0,27.0
../ibc53/Streaked_Spiderhunter/1.wav,Streaked_Spiderhunter,27.0,30.0
../ibc53/Streaked_Spiderhunter/1.wav,Streaked_Spiderhunter,30.0,33.0
../ibc53/Streaked_Spiderhunter/1.wav,Streaked_Spiderhunter,33.0,36.0
../ibc53/Streaked_Spiderhunter/1.wav,Streaked_Spiderhunter,36.0,39.0
../ibc53/Streaked_Spiderhunter/1.wav,Streaked_Spiderhunter,39.0,42.0
../ibc53/Streaked_Spiderhunter/1.wav,Streaked_Spiderhunter,42.0,45.0
../ibc53/Streaked_Spiderhunter/1.wav,Streaked_Spiderhunter,45.0,48.0
../ibc53/Streaked_Spiderhunter/1.wav,Streaked_Spiderhunter,48.0,51.0
../ibc53/Streaked_Spiderhunter/2.wav,Streaked_Spiderhunter,0,3.0
../ibc53/Streaked_Spiderhunter/2.wav,Streaked_Spiderhunter,3.0,6.0
../ibc53/Streaked_Spiderhunter/2.wav,Streaked_Spiderhunter,6.0,9.0
../ibc53/Streaked_Spiderhunter/2.wav,Streaked_Spiderhunter,9.0,12.0
../ibc53/Streaked_Spiderhunter/2.wav,Streaked_Spiderhunter,12.0,15.0
../ibc53/Streaked_Spiderhunter/2.wav,Streaked_Spiderhunter,15.0,18.0
../ibc53/Streaked_Spiderhunter/2.wav,Streaked_Spiderhunter,18.0,21.0
../ibc53/Streaked_Spiderhunter/4.wav,Streaked_Spiderhunter,0,3.0
../ibc53/Streaked_Spiderhunter/4.wav,Streaked_Spiderhunter,3.0,6.0
../ibc53/Streaked_Spiderhunter/4.wav,Streaked_Spiderhunter,6.0,9.0
../ibc53/Streaked_Spiderhunter/4.wav,Streaked_Spiderhunter,9.0,12.0
../ibc53/Streaked_Spiderhunter/4.wav,Streaked_Spiderhunter,12.0,15.0
../ibc53/Streaked_Spiderhunter/4.wav,Streaked_Spiderhunter,15.0,18.0
../ibc53/Streaked_Spiderhunter/4.wav,Streaked_Spiderhunter,18.0,21.0
../ibc53/Streaked_Spiderhunter/4.wav,Streaked_Spiderhunter,21.0,24.0
../ibc53/Streaked_Spiderhunter/10.wav,Streaked_Spiderhunter,0,3.0
../ibc53/Streaked_Spiderhunter/10.wav,Streaked_Spiderhunter,3.0,6.0
../ibc53/Streaked_Spiderhunter/10.wav,Streaked_Spiderhunter,6.0,9.0
../ibc53/Streaked_Spiderhunter/10.wav,Streaked_Spiderhunter,9.0,12.0
../ibc53/Streaked_Spiderhunter/10.wav,Streaked_Spiderhunter,12.0,15.0
../ibc53/Streaked_Spiderhunter/10.wav,Streaked_Spiderhunter,15.0,18.0
../ibc53/Streaked_Spiderhunter/9.wav,Streaked_Spiderhunter,0,3.0
../ibc53/Streaked_Spiderhunter/9.wav,Streaked_Spiderhunter,3.0,6.0
../ibc53/Streaked_Spiderhunter/9.wav,Streaked_Spiderhunter,6.0,9.0
../ibc53/Streaked_Spiderhunter/9.wav,Streaked_Spiderhunter,9.0,12.0
../ibc53/Streaked_Spiderhunter/9.wav,Streaked_Spiderhunter,12.0,15.0
../ibc53/Streaked_Spiderhunter/6.wav,Streaked_Spiderhunter,0,3.0
../ibc53/Streaked_Spiderhunter/6.wav,Streaked_Spiderhunter,3.0,6.0
../ibc53/Streaked_Spiderhunter/11.wav,Streaked_Spiderhunter,0,3.0
../ibc53/Streaked_Spiderhunter/11.wav,Streaked_Spiderhunter,3.0,6.0
../ibc53/Streaked_Spiderhunter/11.wav,Streaked_Spiderhunter,6.0,9.0
../ibc53/Streaked_Spiderhunter/11.wav,Streaked_Spiderhunter,9.0,12.0
../ibc53/Streaked_Spiderhunter/11.wav,Streaked_Spiderhunter,12.0,15.0
../ibc53/Streaked_Spiderhunter/11.wav,Streaked_Spiderhunter,15.0,18.0
../ibc53/Streaked_Spiderhunter/11.wav,Streaked_Spiderhunter,18.0,21.0
../ibc53/Tickells_Leaf_Warbler/1.wav,Tickells_Leaf_Warbler,0,3.0
../ibc53/Tickells_Leaf_Warbler/1.wav,Tickells_Leaf_Warbler,3.0,6.0
../ibc53/Tickells_Leaf_Warbler/1.wav,Tickells_Leaf_Warbler,6.0,9.0
../ibc53/Tickells_Leaf_Warbler/1.wav,Tickells_Leaf_Warbler,9.0,12.0
../ibc53/Tickells_Leaf_Warbler/1.wav,Tickells_Leaf_Warbler,12.0,15.0
../ibc53/Tickells_Leaf_Warbler/1.wav,Tickells_Leaf_Warbler,15.0,18.0
../ibc53/Tickells_Leaf_Warbler/1.wav,Tickells_Leaf_Warbler,18.0,21.0
../ibc53/Tickells_Leaf_Warbler/1.wav,Tickells_Leaf_Warbler,21.0,24.0
../ibc53/Tickells_Leaf_Warbler/1.wav,Tickells_Leaf_Warbler,24.0,27.0
../ibc53/Tickells_Leaf_Warbler/1.wav,Tickells_Leaf_Warbler,27.0,30.0
../ibc53/Tickells_Leaf_Warbler/1.wav,Tickells_Leaf_Warbler,30.0,33.0
../ibc53/Tickells_Leaf_Warbler/1.wav,Tickells_Leaf_Warbler,33.0,36.0
../ibc53/Tickells_Leaf_Warbler/1.wav,Tickells_Leaf_Warbler,36.0,39.0
../ibc53/Tickells_Leaf_Warbler/2.wav,Tickells_Leaf_Warbler,0,3.0
../ibc53/Tickells_Leaf_Warbler/2.wav,Tickells_Leaf_Warbler,3.0,6.0
../ibc53/Tickells_Leaf_Warbler/2.wav,Tickells_Leaf_Warbler,6.0,9.0
../ibc53/Tickells_Leaf_Warbler/2.wav,Tickells_Leaf_Warbler,9.0,12.0
../ibc53/Tickells_Leaf_Warbler/2.wav,Tickells_Leaf_Warbler,12.0,15.0
../ibc53/Tickells_Leaf_Warbler/2.wav,Tickells_Leaf_Warbler,15.0,18.0
../ibc53/Tickells_Leaf_Warbler/2.wav,Tickells_Leaf_Warbler,18.0,21.0
../ibc53/Vernal_Hanging_Parrot/34.wav,Vernal_Hanging_Parrot,0,3.0
../ibc53/Vernal_Hanging_Parrot/15.wav,Vernal_Hanging_Parrot,0,3.0
../ibc53/Vernal_Hanging_Parrot/15.wav,Vernal_Hanging_Parrot,3.0,6.0
../ibc53/Vernal_Hanging_Parrot/15.wav,Vernal_Hanging_Parrot,6.0,9.0
../ibc53/Vernal_Hanging_Parrot/15.wav,Vernal_Hanging_Parrot,9.0,12.0
../ibc53/Vernal_Hanging_Parrot/15.wav,Vernal_Hanging_Parrot,12.0,15.0
../ibc53/Vernal_Hanging_Parrot/15.wav,Vernal_Hanging_Parrot,15.0,18.0
../ibc53/Vernal_Hanging_Parrot/15.wav,Vernal_Hanging_Parrot,18.0,21.0
../ibc53/Vernal_Hanging_Parrot/3.wav,Vernal_Hanging_Parrot,0,3.0
../ibc53/Vernal_Hanging_Parrot/5.wav,Vernal_Hanging_Parrot,0,3.0
../ibc53/Vernal_Hanging_Parrot/5.wav,Vernal_Hanging_Parrot,3.0,6.0
../ibc53/Vernal_Hanging_Parrot/5.wav,Vernal_Hanging_Parrot,6.0,9.0
../ibc53/Vernal_Hanging_Parrot/5.wav,Vernal_Hanging_Parrot,9.0,12.0
../ibc53/Vernal_Hanging_Parrot/5.wav,Vernal_Hanging_Parrot,12.0,15.0
../ibc53/Vernal_Hanging_Parrot/5.wav,Vernal_Hanging_Parrot,15.0,18.0
../ibc53/Vernal_Hanging_Parrot/5.wav,Vernal_Hanging_Parrot,18.0,21.0
../ibc53/Vernal_Hanging_Parrot/5.wav,Vernal_Hanging_Parrot,21.0,24.0
../ibc53/Vernal_Hanging_Parrot/5.wav,Vernal_Hanging_Parrot,24.0,27.0
../ibc53/Vernal_Hanging_Parrot/18.wav,Vernal_Hanging_Parrot,0,3.0
../ibc53/Vernal_Hanging_Parrot/18.wav,Vernal_Hanging_Parrot,3.0,6.0
../ibc53/Vernal_Hanging_Parrot/18.wav,Vernal_Hanging_Parrot,6.0,9.0
../ibc53/Vernal_Hanging_Parrot/18.wav,Vernal_Hanging_Parrot,9.0,12.0
../ibc53/Vernal_Hanging_Parrot/18.wav,Vernal_Hanging_Parrot,12.0,15.0
../ibc53/Vernal_Hanging_Parrot/18.wav,Vernal_Hanging_Parrot,15.0,18.0
../ibc53/Vernal_Hanging_Parrot/18.wav,Vernal_Hanging_Parrot,18.0,21.0
../ibc53/Vernal_Hanging_Parrot/18.wav,Vernal_Hanging_Parrot,21.0,24.0
../ibc53/Vernal_Hanging_Parrot/18.wav,Vernal_Hanging_Parrot,24.0,27.0
../ibc53/Vernal_Hanging_Parrot/18.wav,Vernal_Hanging_Parrot,27.0,30.0
../ibc53/Vernal_Hanging_Parrot/18.wav,Vernal_Hanging_Parrot,30.0,33.0
../ibc53/Vernal_Hanging_Parrot/18.wav,Vernal_Hanging_Parrot,33.0,36.0
../ibc53/Vernal_Hanging_Parrot/18.wav,Vernal_Hanging_Parrot,36.0,39.0
../ibc53/Vernal_Hanging_Parrot/7.wav,Vernal_Hanging_Parrot,0,3.0
../ibc53/Vernal_Hanging_Parrot/7.wav,Vernal_Hanging_Parrot,3.0,6.0
../ibc53/Vernal_Hanging_Parrot/7.wav,Vernal_Hanging_Parrot,6.0,9.0
../ibc53/Vernal_Hanging_Parrot/8.wav,Vernal_Hanging_Parrot,0,3.0
../ibc53/Vernal_Hanging_Parrot/8.wav,Vernal_Hanging_Parrot,3.0,6.0
../ibc53/Vernal_Hanging_Parrot/8.wav,Vernal_Hanging_Parrot,6.0,9.0
../ibc53/Vernal_Hanging_Parrot/8.wav,Vernal_Hanging_Parrot,9.0,12.0
../ibc53/Vernal_Hanging_Parrot/8.wav,Vernal_Hanging_Parrot,12.0,15.0
../ibc53/Vernal_Hanging_Parrot/8.wav,Vernal_Hanging_Parrot,15.0,18.0
../ibc53/Vernal_Hanging_Parrot/8.wav,Vernal_Hanging_Parrot,18.0,21.0
../ibc53/Vernal_Hanging_Parrot/8.wav,Vernal_Hanging_Parrot,21.0,24.0
../ibc53/Vernal_Hanging_Parrot/8.wav,Vernal_Hanging_Parrot,24.0,27.0
../ibc53/Vernal_Hanging_Parrot/8.wav,Vernal_Hanging_Parrot,27.0,30.0
../ibc53/Vernal_Hanging_Parrot/8.wav,Vernal_Hanging_Parrot,30.0,33.0
../ibc53/Vernal_Hanging_Parrot/8.wav,Vernal_Hanging_Parrot,33.0,36.0
../ibc53/Vernal_Hanging_Parrot/8.wav,Vernal_Hanging_Parrot,36.0,39.0
../ibc53/Vernal_Hanging_Parrot/8.wav,Vernal_Hanging_Parrot,39.0,42.0
../ibc53/Vernal_Hanging_Parrot/25.wav,Vernal_Hanging_Parrot,0,3.0
../ibc53/Vernal_Hanging_Parrot/25.wav,Vernal_Hanging_Parrot,3.0,6.0
../ibc53/Vernal_Hanging_Parrot/25.wav,Vernal_Hanging_Parrot,6.0,9.0
../ibc53/Vernal_Hanging_Parrot/25.wav,Vernal_Hanging_Parrot,9.0,12.0
../ibc53/Vernal_Hanging_Parrot/25.wav,Vernal_Hanging_Parrot,12.0,15.0
../ibc53/Vernal_Hanging_Parrot/25.wav,Vernal_Hanging_Parrot,15.0,18.0
../ibc53/Vernal_Hanging_Parrot/25.wav,Vernal_Hanging_Parrot,18.0,21.0
../ibc53/Vernal_Hanging_Parrot/25.wav,Vernal_Hanging_Parrot,21.0,24.0
../ibc53/Vernal_Hanging_Parrot/25.wav,Vernal_Hanging_Parrot,24.0,27.0
../ibc53/Vernal_Hanging_Parrot/25.wav,Vernal_Hanging_Parrot,27.0,30.0
../ibc53/Vernal_Hanging_Parrot/25.wav,Vernal_Hanging_Parrot,30.0,33.0
../ibc53/Vernal_Hanging_Parrot/25.wav,Vernal_Hanging_Parrot,33.0,36.0
../ibc53/Vernal_Hanging_Parrot/25.wav,Vernal_Hanging_Parrot,36.0,39.0
../ibc53/Vernal_Hanging_Parrot/25.wav,Vernal_Hanging_Parrot,39.0,42.0
../ibc53/Vernal_Hanging_Parrot/25.wav,Vernal_Hanging_Parrot,42.0,45.0
../ibc53/Vernal_Hanging_Parrot/25.wav,Vernal_Hanging_Parrot,45.0,48.0
../ibc53/Vernal_Hanging_Parrot/25.wav,Vernal_Hanging_Parrot,48.0,51.0
../ibc53/Vernal_Hanging_Parrot/25.wav,Vernal_Hanging_Parrot,51.0,54.0
../ibc53/Vernal_Hanging_Parrot/24.wav,Vernal_Hanging_Parrot,0,3.0
../ibc53/Vernal_Hanging_Parrot/24.wav,Vernal_Hanging_Parrot,3.0,6.0
../ibc53/Vernal_Hanging_Parrot/24.wav,Vernal_Hanging_Parrot,6.0,9.0
../ibc53/Vernal_Hanging_Parrot/24.wav,Vernal_Hanging_Parrot,9.0,12.0
../ibc53/Vernal_Hanging_Parrot/31.wav,Vernal_Hanging_Parrot,0,3.0
../ibc53/Vernal_Hanging_Parrot/17.wav,Vernal_Hanging_Parrot,0,3.0
../ibc53/Vernal_Hanging_Parrot/17.wav,Vernal_Hanging_Parrot,3.0,6.0
../ibc53/Vernal_Hanging_Parrot/17.wav,Vernal_Hanging_Parrot,6.0,9.0
../ibc53/Vernal_Hanging_Parrot/1.wav,Vernal_Hanging_Parrot,0,3.0
../ibc53/Vernal_Hanging_Parrot/1.wav,Vernal_Hanging_Parrot,3.0,6.0
../ibc53/Vernal_Hanging_Parrot/1.wav,Vernal_Hanging_Parrot,6.0,9.0
../ibc53/Vernal_Hanging_Parrot/1.wav,Vernal_Hanging_Parrot,9.0,12.0
../ibc53/Vernal_Hanging_Parrot/1.wav,Vernal_Hanging_Parrot,12.0,15.0
../ibc53/Vernal_Hanging_Parrot/1.wav,Vernal_Hanging_Parrot,15.0,18.0
../ibc53/Vernal_Hanging_Parrot/1.wav,Vernal_Hanging_Parrot,18.0,21.0
../ibc53/Vernal_Hanging_Parrot/1.wav,Vernal_Hanging_Parrot,21.0,24.0
../ibc53/Vernal_Hanging_Parrot/1.wav,Vernal_Hanging_Parrot,24.0,27.0
../ibc53/Vernal_Hanging_Parrot/1.wav,Vernal_Hanging_Parrot,27.0,30.0
../ibc53/Vernal_Hanging_Parrot/1.wav,Vernal_Hanging_Parrot,30.0,33.0
../ibc53/Vernal_Hanging_Parrot/1.wav,Vernal_Hanging_Parrot,33.0,36.0
../ibc53/Vernal_Hanging_Parrot/1.wav,Vernal_Hanging_Parrot,36.0,39.0
../ibc53/Vernal_Hanging_Parrot/1.wav,Vernal_Hanging_Parrot,39.0,42.0
../ibc53/Vernal_Hanging_Parrot/1.wav,Vernal_Hanging_Parrot,42.0,45.0
../ibc53/Vernal_Hanging_Parrot/33.wav,Vernal_Hanging_Parrot,0,3.0
../ibc53/Vernal_Hanging_Parrot/33.wav,Vernal_Hanging_Parrot,3.0,6.0
../ibc53/Vernal_Hanging_Parrot/33.wav,Vernal_Hanging_Parrot,6.0,9.0
../ibc53/Vernal_Hanging_Parrot/33.wav,Vernal_Hanging_Parrot,9.0,12.0
../ibc53/Vernal_Hanging_Parrot/13.wav,Vernal_Hanging_Parrot,0,3.0
../ibc53/Vernal_Hanging_Parrot/26.wav,Vernal_Hanging_Parrot,0,3.0
../ibc53/Vernal_Hanging_Parrot/26.wav,Vernal_Hanging_Parrot,3.0,6.0
../ibc53/Vernal_Hanging_Parrot/26.wav,Vernal_Hanging_Parrot,6.0,9.0
../ibc53/Vernal_Hanging_Parrot/26.wav,Vernal_Hanging_Parrot,9.0,12.0
../ibc53/Vernal_Hanging_Parrot/26.wav,Vernal_Hanging_Parrot,12.0,15.0
../ibc53/Vernal_Hanging_Parrot/26.wav,Vernal_Hanging_Parrot,15.0,18.0
../ibc53/Vernal_Hanging_Parrot/26.wav,Vernal_Hanging_Parrot,18.0,21.0
../ibc53/Vernal_Hanging_Parrot/26.wav,Vernal_Hanging_Parrot,21.0,24.0
../ibc53/Vernal_Hanging_Parrot/26.wav,Vernal_Hanging_Parrot,24.0,27.0
../ibc53/Vernal_Hanging_Parrot/26.wav,Vernal_Hanging_Parrot,27.0,30.0
../ibc53/Vernal_Hanging_Parrot/26.wav,Vernal_Hanging_Parrot,30.0,33.0
../ibc53/Vernal_Hanging_Parrot/26.wav,Vernal_Hanging_Parrot,33.0,36.0
../ibc53/Vernal_Hanging_Parrot/26.wav,Vernal_Hanging_Parrot,36.0,39.0
../ibc53/Vernal_Hanging_Parrot/26.wav,Vernal_Hanging_Parrot,39.0,42.0
../ibc53/Vernal_Hanging_Parrot/26.wav,Vernal_Hanging_Parrot,42.0,45.0
../ibc53/Vernal_Hanging_Parrot/16.wav,Vernal_Hanging_Parrot,0,3.0
../ibc53/Vernal_Hanging_Parrot/16.wav,Vernal_Hanging_Parrot,3.0,6.0
../ibc53/Vernal_Hanging_Parrot/16.wav,Vernal_Hanging_Parrot,6.0,9.0
../ibc53/Vernal_Hanging_Parrot/16.wav,Vernal_Hanging_Parrot,9.0,12.0
../ibc53/Vernal_Hanging_Parrot/16.wav,Vernal_Hanging_Parrot,12.0,15.0
../ibc53/Vernal_Hanging_Parrot/16.wav,Vernal_Hanging_Parrot,15.0,18.0
../ibc53/Vernal_Hanging_Parrot/16.wav,Vernal_Hanging_Parrot,18.0,21.0
../ibc53/Vernal_Hanging_Parrot/16.wav,Vernal_Hanging_Parrot,21.0,24.0
../ibc53/Vernal_Hanging_Parrot/16.wav,Vernal_Hanging_Parrot,24.0,27.0
../ibc53/Vernal_Hanging_Parrot/20.wav,Vernal_Hanging_Parrot,0,3.0
../ibc53/Vernal_Hanging_Parrot/20.wav,Vernal_Hanging_Parrot,3.0,6.0
../ibc53/Vernal_Hanging_Parrot/20.wav,Vernal_Hanging_Parrot,6.0,9.0
../ibc53/Vernal_Hanging_Parrot/20.wav,Vernal_Hanging_Parrot,9.0,12.0
../ibc53/Vernal_Hanging_Parrot/20.wav,Vernal_Hanging_Parrot,12.0,15.0
../ibc53/Vernal_Hanging_Parrot/20.wav,Vernal_Hanging_Parrot,15.0,18.0
../ibc53/Vernal_Hanging_Parrot/28.wav,Vernal_Hanging_Parrot,0,3.0
../ibc53/Vernal_Hanging_Parrot/28.wav,Vernal_Hanging_Parrot,3.0,6.0
../ibc53/Vernal_Hanging_Parrot/28.wav,Vernal_Hanging_Parrot,6.0,9.0
../ibc53/Vernal_Hanging_Parrot/28.wav,Vernal_Hanging_Parrot,9.0,12.0
../ibc53/Vernal_Hanging_Parrot/28.wav,Vernal_Hanging_Parrot,12.0,15.0
../ibc53/Vernal_Hanging_Parrot/28.wav,Vernal_Hanging_Parrot,15.0,18.0
../ibc53/Vernal_Hanging_Parrot/28.wav,Vernal_Hanging_Parrot,18.0,21.0
../ibc53/Vernal_Hanging_Parrot/28.wav,Vernal_Hanging_Parrot,21.0,24.0
../ibc53/Vernal_Hanging_Parrot/28.wav,Vernal_Hanging_Parrot,24.0,27.0
../ibc53/Vernal_Hanging_Parrot/28.wav,Vernal_Hanging_Parrot,27.0,30.0
../ibc53/Vernal_Hanging_Parrot/28.wav,Vernal_Hanging_Parrot,30.0,33.0
../ibc53/Vernal_Hanging_Parrot/28.wav,Vernal_Hanging_Parrot,33.0,36.0
../ibc53/Vernal_Hanging_Parrot/28.wav,Vernal_Hanging_Parrot,36.0,39.0
../ibc53/Vernal_Hanging_Parrot/28.wav,Vernal_Hanging_Parrot,39.0,42.0
../ibc53/Vernal_Hanging_Parrot/28.wav,Vernal_Hanging_Parrot,42.0,45.0
../ibc53/Vernal_Hanging_Parrot/28.wav,Vernal_Hanging_Parrot,45.0,48.0
../ibc53/Vernal_Hanging_Parrot/28.wav,Vernal_Hanging_Parrot,48.0,51.0
../ibc53/Vernal_Hanging_Parrot/28.wav,Vernal_Hanging_Parrot,51.0,54.0
../ibc53/Vernal_Hanging_Parrot/28.wav,Vernal_Hanging_Parrot,54.0,57.0
../ibc53/Vernal_Hanging_Parrot/28.wav,Vernal_Hanging_Parrot,57.0,60.0
../ibc53/Vernal_Hanging_Parrot/28.wav,Vernal_Hanging_Parrot,60.0,63.0
../ibc53/Vernal_Hanging_Parrot/28.wav,Vernal_Hanging_Parrot,63.0,66.0
../ibc53/Vernal_Hanging_Parrot/21.wav,Vernal_Hanging_Parrot,0,3.0
../ibc53/Vernal_Hanging_Parrot/21.wav,Vernal_Hanging_Parrot,3.0,6.0
../ibc53/Vernal_Hanging_Parrot/21.wav,Vernal_Hanging_Parrot,6.0,9.0
../ibc53/Vernal_Hanging_Parrot/21.wav,Vernal_Hanging_Parrot,9.0,12.0
../ibc53/Vernal_Hanging_Parrot/21.wav,Vernal_Hanging_Parrot,12.0,15.0
../ibc53/Vernal_Hanging_Parrot/21.wav,Vernal_Hanging_Parrot,15.0,18.0
../ibc53/Vernal_Hanging_Parrot/21.wav,Vernal_Hanging_Parrot,18.0,21.0
../ibc53/Vernal_Hanging_Parrot/12.wav,Vernal_Hanging_Parrot,0,3.0
../ibc53/Vernal_Hanging_Parrot/2.wav,Vernal_Hanging_Parrot,0,3.0
../ibc53/Vernal_Hanging_Parrot/2.wav,Vernal_Hanging_Parrot,3.0,6.0
../ibc53/Vernal_Hanging_Parrot/4.wav,Vernal_Hanging_Parrot,0,3.0
../ibc53/Vernal_Hanging_Parrot/27.wav,Vernal_Hanging_Parrot,0,3.0
../ibc53/Vernal_Hanging_Parrot/27.wav,Vernal_Hanging_Parrot,3.0,6.0
../ibc53/Vernal_Hanging_Parrot/27.wav,Vernal_Hanging_Parrot,6.0,9.0
../ibc53/Vernal_Hanging_Parrot/27.wav,Vernal_Hanging_Parrot,9.0,12.0
../ibc53/Vernal_Hanging_Parrot/27.wav,Vernal_Hanging_Parrot,12.0,15.0
../ibc53/Vernal_Hanging_Parrot/27.wav,Vernal_Hanging_Parrot,15.0,18.0
../ibc53/Vernal_Hanging_Parrot/27.wav,Vernal_Hanging_Parrot,18.0,21.0
../ibc53/Vernal_Hanging_Parrot/27.wav,Vernal_Hanging_Parrot,21.0,24.0
../ibc53/Vernal_Hanging_Parrot/27.wav,Vernal_Hanging_Parrot,24.0,27.0
../ibc53/Vernal_Hanging_Parrot/27.wav,Vernal_Hanging_Parrot,27.0,30.0
../ibc53/Vernal_Hanging_Parrot/27.wav,Vernal_Hanging_Parrot,30.0,33.0
../ibc53/Vernal_Hanging_Parrot/27.wav,Vernal_Hanging_Parrot,33.0,36.0
../ibc53/Vernal_Hanging_Parrot/27.wav,Vernal_Hanging_Parrot,36.0,39.0
../ibc53/Vernal_Hanging_Parrot/27.wav,Vernal_Hanging_Parrot,39.0,42.0
../ibc53/Vernal_Hanging_Parrot/27.wav,Vernal_Hanging_Parrot,42.0,45.0
../ibc53/Vernal_Hanging_Parrot/27.wav,Vernal_Hanging_Parrot,45.0,48.0
../ibc53/Vernal_Hanging_Parrot/27.wav,Vernal_Hanging_Parrot,48.0,51.0
../ibc53/Vernal_Hanging_Parrot/27.wav,Vernal_Hanging_Parrot,51.0,54.0
../ibc53/Vernal_Hanging_Parrot/27.wav,Vernal_Hanging_Parrot,54.0,57.0
../ibc53/Vernal_Hanging_Parrot/27.wav,Vernal_Hanging_Parrot,57.0,60.0
../ibc53/Vernal_Hanging_Parrot/27.wav,Vernal_Hanging_Parrot,60.0,63.0
../ibc53/Vernal_Hanging_Parrot/27.wav,Vernal_Hanging_Parrot,63.0,66.0
../ibc53/Vernal_Hanging_Parrot/27.wav,Vernal_Hanging_Parrot,66.0,69.0
../ibc53/Vernal_Hanging_Parrot/27.wav,Vernal_Hanging_Parrot,69.0,72.0
../ibc53/Vernal_Hanging_Parrot/27.wav,Vernal_Hanging_Parrot,72.0,75.0
../ibc53/Vernal_Hanging_Parrot/27.wav,Vernal_Hanging_Parrot,75.0,78.0
../ibc53/Vernal_Hanging_Parrot/27.wav,Vernal_Hanging_Parrot,78.0,81.0
../ibc53/Vernal_Hanging_Parrot/27.wav,Vernal_Hanging_Parrot,81.0,84.0
../ibc53/Vernal_Hanging_Parrot/27.wav,Vernal_Hanging_Parrot,84.0,87.0
../ibc53/Vernal_Hanging_Parrot/27.wav,Vernal_Hanging_Parrot,87.0,90.0
../ibc53/Vernal_Hanging_Parrot/27.wav,Vernal_Hanging_Parrot,90.0,93.0
../ibc53/Vernal_Hanging_Parrot/27.wav,Vernal_Hanging_Parrot,93.0,96.0
../ibc53/Vernal_Hanging_Parrot/27.wav,Vernal_Hanging_Parrot,96.0,99.0
../ibc53/Vernal_Hanging_Parrot/27.wav,Vernal_Hanging_Parrot,99.0,102.0
../ibc53/Vernal_Hanging_Parrot/14.wav,Vernal_Hanging_Parrot,0,3.0
../ibc53/Vernal_Hanging_Parrot/14.wav,Vernal_Hanging_Parrot,3.0,6.0
../ibc53/Vernal_Hanging_Parrot/14.wav,Vernal_Hanging_Parrot,6.0,9.0
../ibc53/Vernal_Hanging_Parrot/14.wav,Vernal_Hanging_Parrot,9.0,12.0
../ibc53/Vernal_Hanging_Parrot/14.wav,Vernal_Hanging_Parrot,12.0,15.0
../ibc53/Vernal_Hanging_Parrot/14.wav,Vernal_Hanging_Parrot,15.0,18.0
../ibc53/Vernal_Hanging_Parrot/22.wav,Vernal_Hanging_Parrot,0,3.0
../ibc53/Vernal_Hanging_Parrot/22.wav,Vernal_Hanging_Parrot,3.0,6.0
../ibc53/Vernal_Hanging_Parrot/22.wav,Vernal_Hanging_Parrot,6.0,9.0
../ibc53/Vernal_Hanging_Parrot/22.wav,Vernal_Hanging_Parrot,9.0,12.0
../ibc53/Vernal_Hanging_Parrot/22.wav,Vernal_Hanging_Parrot,12.0,15.0
../ibc53/Vernal_Hanging_Parrot/22.wav,Vernal_Hanging_Parrot,15.0,18.0
../ibc53/Vernal_Hanging_Parrot/22.wav,Vernal_Hanging_Parrot,18.0,21.0
../ibc53/Vernal_Hanging_Parrot/22.wav,Vernal_Hanging_Parrot,21.0,24.0
../ibc53/Vernal_Hanging_Parrot/22.wav,Vernal_Hanging_Parrot,24.0,27.0
../ibc53/Vernal_Hanging_Parrot/22.wav,Vernal_Hanging_Parrot,27.0,30.0
../ibc53/Vernal_Hanging_Parrot/22.wav,Vernal_Hanging_Parrot,30.0,33.0
../ibc53/Vernal_Hanging_Parrot/10.wav,Vernal_Hanging_Parrot,0,3.0
../ibc53/Vernal_Hanging_Parrot/10.wav,Vernal_Hanging_Parrot,3.0,6.0
../ibc53/Vernal_Hanging_Parrot/10.wav,Vernal_Hanging_Parrot,6.0,9.0
../ibc53/Vernal_Hanging_Parrot/10.wav,Vernal_Hanging_Parrot,9.0,12.0
../ibc53/Vernal_Hanging_Parrot/10.wav,Vernal_Hanging_Parrot,12.0,15.0
../ibc53/Vernal_Hanging_Parrot/10.wav,Vernal_Hanging_Parrot,15.0,18.0
../ibc53/Vernal_Hanging_Parrot/10.wav,Vernal_Hanging_Parrot,18.0,21.0
../ibc53/Vernal_Hanging_Parrot/10.wav,Vernal_Hanging_Parrot,21.0,24.0
../ibc53/Vernal_Hanging_Parrot/10.wav,Vernal_Hanging_Parrot,24.0,27.0
../ibc53/Vernal_Hanging_Parrot/10.wav,Vernal_Hanging_Parrot,27.0,30.0
../ibc53/Vernal_Hanging_Parrot/10.wav,Vernal_Hanging_Parrot,30.0,33.0
../ibc53/Vernal_Hanging_Parrot/10.wav,Vernal_Hanging_Parrot,33.0,36.0
../ibc53/Vernal_Hanging_Parrot/10.wav,Vernal_Hanging_Parrot,36.0,39.0
../ibc53/Vernal_Hanging_Parrot/10.wav,Vernal_Hanging_Parrot,39.0,42.0
../ibc53/Vernal_Hanging_Parrot/10.wav,Vernal_Hanging_Parrot,42.0,45.0
../ibc53/Vernal_Hanging_Parrot/10.wav,Vernal_Hanging_Parrot,45.0,48.0
../ibc53/Vernal_Hanging_Parrot/10.wav,Vernal_Hanging_Parrot,48.0,51.0
../ibc53/Vernal_Hanging_Parrot/10.wav,Vernal_Hanging_Parrot,51.0,54.0
../ibc53/Vernal_Hanging_Parrot/10.wav,Vernal_Hanging_Parrot,54.0,57.0
../ibc53/Vernal_Hanging_Parrot/10.wav,Vernal_Hanging_Parrot,57.0,60.0
../ibc53/Vernal_Hanging_Parrot/10.wav,Vernal_Hanging_Parrot,60.0,63.0
../ibc53/Vernal_Hanging_Parrot/10.wav,Vernal_Hanging_Parrot,63.0,66.0
../ibc53/Vernal_Hanging_Parrot/10.wav,Vernal_Hanging_Parrot,66.0,69.0
../ibc53/Vernal_Hanging_Parrot/29.wav,Vernal_Hanging_Parrot,0,3.0
../ibc53/Vernal_Hanging_Parrot/29.wav,Vernal_Hanging_Parrot,3.0,6.0
../ibc53/Vernal_Hanging_Parrot/29.wav,Vernal_Hanging_Parrot,6.0,9.0
../ibc53/Vernal_Hanging_Parrot/29.wav,Vernal_Hanging_Parrot,9.0,12.0
../ibc53/Vernal_Hanging_Parrot/29.wav,Vernal_Hanging_Parrot,12.0,15.0
../ibc53/Vernal_Hanging_Parrot/29.wav,Vernal_Hanging_Parrot,15.0,18.0
../ibc53/Vernal_Hanging_Parrot/29.wav,Vernal_Hanging_Parrot,18.0,21.0
../ibc53/Vernal_Hanging_Parrot/29.wav,Vernal_Hanging_Parrot,21.0,24.0
../ibc53/Vernal_Hanging_Parrot/29.wav,Vernal_Hanging_Parrot,24.0,27.0
../ibc53/Vernal_Hanging_Parrot/29.wav,Vernal_Hanging_Parrot,27.0,30.0
../ibc53/Vernal_Hanging_Parrot/29.wav,Vernal_Hanging_Parrot,30.0,33.0
../ibc53/Vernal_Hanging_Parrot/29.wav,Vernal_Hanging_Parrot,33.0,36.0
../ibc53/Vernal_Hanging_Parrot/29.wav,Vernal_Hanging_Parrot,36.0,39.0
../ibc53/Vernal_Hanging_Parrot/29.wav,Vernal_Hanging_Parrot,39.0,42.0
../ibc53/Vernal_Hanging_Parrot/29.wav,Vernal_Hanging_Parrot,42.0,45.0
../ibc53/Vernal_Hanging_Parrot/29.wav,Vernal_Hanging_Parrot,45.0,48.0
../ibc53/Vernal_Hanging_Parrot/32.wav,Vernal_Hanging_Parrot,0,3.0
../ibc53/Vernal_Hanging_Parrot/32.wav,Vernal_Hanging_Parrot,3.0,6.0
../ibc53/Vernal_Hanging_Parrot/32.wav,Vernal_Hanging_Parrot,6.0,9.0
../ibc53/Vernal_Hanging_Parrot/30.wav,Vernal_Hanging_Parrot,0,3.0
../ibc53/Vernal_Hanging_Parrot/30.wav,Vernal_Hanging_Parrot,3.0,6.0
../ibc53/Vernal_Hanging_Parrot/19.wav,Vernal_Hanging_Parrot,0,3.0
../ibc53/Vernal_Hanging_Parrot/19.wav,Vernal_Hanging_Parrot,3.0,6.0
../ibc53/Vernal_Hanging_Parrot/19.wav,Vernal_Hanging_Parrot,6.0,9.0
../ibc53/Vernal_Hanging_Parrot/19.wav,Vernal_Hanging_Parrot,9.0,12.0
../ibc53/Vernal_Hanging_Parrot/19.wav,Vernal_Hanging_Parrot,12.0,15.0
../ibc53/Vernal_Hanging_Parrot/19.wav,Vernal_Hanging_Parrot,15.0,18.0
../ibc53/Vernal_Hanging_Parrot/19.wav,Vernal_Hanging_Parrot,18.0,21.0
../ibc53/Vernal_Hanging_Parrot/9.wav,Vernal_Hanging_Parrot,0,3.0
../ibc53/Vernal_Hanging_Parrot/9.wav,Vernal_Hanging_Parrot,3.0,6.0
../ibc53/Vernal_Hanging_Parrot/9.wav,Vernal_Hanging_Parrot,6.0,9.0
../ibc53/Vernal_Hanging_Parrot/6.wav,Vernal_Hanging_Parrot,0,3.0
../ibc53/Vernal_Hanging_Parrot/6.wav,Vernal_Hanging_Parrot,3.0,6.0
../ibc53/Vernal_Hanging_Parrot/6.wav,Vernal_Hanging_Parrot,6.0,9.0
../ibc53/Vernal_Hanging_Parrot/6.wav,Vernal_Hanging_Parrot,9.0,12.0
../ibc53/Vernal_Hanging_Parrot/11.wav,Vernal_Hanging_Parrot,0,3.0
../ibc53/Vernal_Hanging_Parrot/11.wav,Vernal_Hanging_Parrot,3.0,6.0
../ibc53/Vernal_Hanging_Parrot/11.wav,Vernal_Hanging_Parrot,6.0,9.0
../ibc53/Vernal_Hanging_Parrot/23.wav,Vernal_Hanging_Parrot,0,3.0
../ibc53/Vernal_Hanging_Parrot/23.wav,Vernal_Hanging_Parrot,3.0,6.0
../ibc53/Vernal_Hanging_Parrot/23.wav,Vernal_Hanging_Parrot,6.0,9.0
../ibc53/Vernal_Hanging_Parrot/23.wav,Vernal_Hanging_Parrot,9.0,12.0
../ibc53/White-tailed_Flycatcher/3.wav,White-tailed_Flycatcher,0,3.0
../ibc53/White-tailed_Flycatcher/3.wav,White-tailed_Flycatcher,3.0,6.0
../ibc53/White-tailed_Flycatcher/3.wav,White-tailed_Flycatcher,6.0,9.0
../ibc53/White-tailed_Flycatcher/1.wav,White-tailed_Flycatcher,0,3.0
../ibc53/White-tailed_Flycatcher/1.wav,White-tailed_Flycatcher,3.0,6.0
../ibc53/White-tailed_Flycatcher/1.wav,White-tailed_Flycatcher,6.0,9.0
../ibc53/White-tailed_Flycatcher/1.wav,White-tailed_Flycatcher,9.0,12.0
../ibc53/White-tailed_Flycatcher/1.wav,White-tailed_Flycatcher,12.0,15.0
../ibc53/White-tailed_Flycatcher/1.wav,White-tailed_Flycatcher,15.0,18.0
../ibc53/White-tailed_Flycatcher/1.wav,White-tailed_Flycatcher,18.0,21.0
../ibc53/White-tailed_Flycatcher/1.wav,White-tailed_Flycatcher,21.0,24.0
../ibc53/White-tailed_Flycatcher/1.wav,White-tailed_Flycatcher,24.0,27.0
../ibc53/White-tailed_Flycatcher/1.wav,White-tailed_Flycatcher,27.0,30.0
../ibc53/White-tailed_Flycatcher/1.wav,White-tailed_Flycatcher,30.0,33.0
../ibc53/White-tailed_Flycatcher/1.wav,White-tailed_Flycatcher,33.0,36.0
../ibc53/White-tailed_Flycatcher/1.wav,White-tailed_Flycatcher,36.0,39.0
../ibc53/White-tailed_Flycatcher/1.wav,White-tailed_Flycatcher,39.0,42.0
../ibc53/White-tailed_Flycatcher/1.wav,White-tailed_Flycatcher,42.0,45.0
../ibc53/White-tailed_Flycatcher/1.wav,White-tailed_Flycatcher,45.0,48.0
../ibc53/White-tailed_Flycatcher/1.wav,White-tailed_Flycatcher,48.0,51.0
../ibc53/White-tailed_Flycatcher/1.wav,White-tailed_Flycatcher,51.0,54.0
../ibc53/White-tailed_Flycatcher/1.wav,White-tailed_Flycatcher,54.0,57.0
../ibc53/White-tailed_Flycatcher/1.wav,White-tailed_Flycatcher,57.0,60.0
../ibc53/White-tailed_Flycatcher/1.wav,White-tailed_Flycatcher,60.0,63.0
../ibc53/White-tailed_Flycatcher/2.wav,White-tailed_Flycatcher,0,3.0
../ibc53/White-tailed_Flycatcher/2.wav,White-tailed_Flycatcher,3.0,6.0
../ibc53/White-tailed_Flycatcher/2.wav,White-tailed_Flycatcher,6.0,9.0
../ibc53/White-tailed_Flycatcher/2.wav,White-tailed_Flycatcher,9.0,12.0
../ibc53/White-tailed_Flycatcher/2.wav,White-tailed_Flycatcher,12.0,15.0
../ibc53/White-tailed_Flycatcher/2.wav,White-tailed_Flycatcher,15.0,18.0
../ibc53/White-tailed_Flycatcher/2.wav,White-tailed_Flycatcher,18.0,21.0
../ibc53/Yellow-bellied_Fantail/15.wav,Yellow-bellied_Fantail,0,3.0
../ibc53/Yellow-bellied_Fantail/15.wav,Yellow-bellied_Fantail,3.0,6.0
../ibc53/Yellow-bellied_Fantail/15.wav,Yellow-bellied_Fantail,6.0,9.0
../ibc53/Yellow-bellied_Fantail/15.wav,Yellow-bellied_Fantail,9.0,12.0
../ibc53/Yellow-bellied_Fantail/15.wav,Yellow-bellied_Fantail,12.0,15.0
../ibc53/Yellow-bellied_Fantail/15.wav,Yellow-bellied_Fantail,15.0,18.0
../ibc53/Yellow-bellied_Fantail/15.wav,Yellow-bellied_Fantail,18.0,21.0
../ibc53/Yellow-bellied_Fantail/15.wav,Yellow-bellied_Fantail,21.0,24.0
../ibc53/Yellow-bellied_Fantail/15.wav,Yellow-bellied_Fantail,24.0,27.0
../ibc53/Yellow-bellied_Fantail/15.wav,Yellow-bellied_Fantail,27.0,30.0
../ibc53/Yellow-bellied_Fantail/15.wav,Yellow-bellied_Fantail,30.0,33.0
../ibc53/Yellow-bellied_Fantail/15.wav,Yellow-bellied_Fantail,33.0,36.0
../ibc53/Yellow-bellied_Fantail/15.wav,Yellow-bellied_Fantail,36.0,39.0
../ibc53/Yellow-bellied_Fantail/15.wav,Yellow-bellied_Fantail,39.0,42.0
../ibc53/Yellow-bellied_Fantail/15.wav,Yellow-bellied_Fantail,42.0,45.0
../ibc53/Yellow-bellied_Fantail/15.wav,Yellow-bellied_Fantail,45.0,48.0
../ibc53/Yellow-bellied_Fantail/15.wav,Yellow-bellied_Fantail,48.0,51.0
../ibc53/Yellow-bellied_Fantail/15.wav,Yellow-bellied_Fantail,51.0,54.0
../ibc53/Yellow-bellied_Fantail/15.wav,Yellow-bellied_Fantail,54.0,57.0
../ibc53/Yellow-bellied_Fantail/15.wav,Yellow-bellied_Fantail,57.0,60.0
../ibc53/Yellow-bellied_Fantail/15.wav,Yellow-bellied_Fantail,60.0,63.0
../ibc53/Yellow-bellied_Fantail/15.wav,Yellow-bellied_Fantail,63.0,66.0
../ibc53/Yellow-bellied_Fantail/3.wav,Yellow-bellied_Fantail,0,3.0
../ibc53/Yellow-bellied_Fantail/3.wav,Yellow-bellied_Fantail,3.0,6.0
../ibc53/Yellow-bellied_Fantail/3.wav,Yellow-bellied_Fantail,6.0,9.0
../ibc53/Yellow-bellied_Fantail/3.wav,Yellow-bellied_Fantail,9.0,12.0
../ibc53/Yellow-bellied_Fantail/3.wav,Yellow-bellied_Fantail,12.0,15.0
../ibc53/Yellow-bellied_Fantail/3.wav,Yellow-bellied_Fantail,15.0,18.0
../ibc53/Yellow-bellied_Fantail/3.wav,Yellow-bellied_Fantail,18.0,21.0
../ibc53/Yellow-bellied_Fantail/3.wav,Yellow-bellied_Fantail,21.0,24.0
../ibc53/Yellow-bellied_Fantail/3.wav,Yellow-bellied_Fantail,24.0,27.0
../ibc53/Yellow-bellied_Fantail/5.wav,Yellow-bellied_Fantail,0,3.0
../ibc53/Yellow-bellied_Fantail/5.wav,Yellow-bellied_Fantail,3.0,6.0
../ibc53/Yellow-bellied_Fantail/5.wav,Yellow-bellied_Fantail,6.0,9.0
../ibc53/Yellow-bellied_Fantail/5.wav,Yellow-bellied_Fantail,9.0,12.0
../ibc53/Yellow-bellied_Fantail/5.wav,Yellow-bellied_Fantail,12.0,15.0
../ibc53/Yellow-bellied_Fantail/5.wav,Yellow-bellied_Fantail,15.0,18.0
../ibc53/Yellow-bellied_Fantail/5.wav,Yellow-bellied_Fantail,18.0,21.0
../ibc53/Yellow-bellied_Fantail/5.wav,Yellow-bellied_Fantail,21.0,24.0
../ibc53/Yellow-bellied_Fantail/5.wav,Yellow-bellied_Fantail,24.0,27.0
../ibc53/Yellow-bellied_Fantail/5.wav,Yellow-bellied_Fantail,27.0,30.0
../ibc53/Yellow-bellied_Fantail/5.wav,Yellow-bellied_Fantail,30.0,33.0
../ibc53/Yellow-bellied_Fantail/7.wav,Yellow-bellied_Fantail,0,3.0
../ibc53/Yellow-bellied_Fantail/7.wav,Yellow-bellied_Fantail,3.0,6.0
../ibc53/Yellow-bellied_Fantail/7.wav,Yellow-bellied_Fantail,6.0,9.0
../ibc53/Yellow-bellied_Fantail/7.wav,Yellow-bellied_Fantail,9.0,12.0
../ibc53/Yellow-bellied_Fantail/7.wav,Yellow-bellied_Fantail,12.0,15.0
../ibc53/Yellow-bellied_Fantail/7.wav,Yellow-bellied_Fantail,15.0,18.0
../ibc53/Yellow-bellied_Fantail/7.wav,Yellow-bellied_Fantail,18.0,21.0
../ibc53/Yellow-bellied_Fantail/7.wav,Yellow-bellied_Fantail,21.0,24.0
../ibc53/Yellow-bellied_Fantail/7.wav,Yellow-bellied_Fantail,24.0,27.0
../ibc53/Yellow-bellied_Fantail/7.wav,Yellow-bellied_Fantail,27.0,30.0
../ibc53/Yellow-bellied_Fantail/7.wav,Yellow-bellied_Fantail,30.0,33.0
../ibc53/Yellow-bellied_Fantail/7.wav,Yellow-bellied_Fantail,33.0,36.0
../ibc53/Yellow-bellied_Fantail/8.wav,Yellow-bellied_Fantail,0,3.0
../ibc53/Yellow-bellied_Fantail/8.wav,Yellow-bellied_Fantail,3.0,6.0
../ibc53/Yellow-bellied_Fantail/8.wav,Yellow-bellied_Fantail,6.0,9.0
../ibc53/Yellow-bellied_Fantail/8.wav,Yellow-bellied_Fantail,9.0,12.0
../ibc53/Yellow-bellied_Fantail/8.wav,Yellow-bellied_Fantail,12.0,15.0
../ibc53/Yellow-bellied_Fantail/8.wav,Yellow-bellied_Fantail,15.0,18.0
../ibc53/Yellow-bellied_Fantail/8.wav,Yellow-bellied_Fantail,18.0,21.0
../ibc53/Yellow-bellied_Fantail/8.wav,Yellow-bellied_Fantail,21.0,24.0
../ibc53/Yellow-bellied_Fantail/1.wav,Yellow-bellied_Fantail,0,3.0
../ibc53/Yellow-bellied_Fantail/1.wav,Yellow-bellied_Fantail,3.0,6.0
../ibc53/Yellow-bellied_Fantail/1.wav,Yellow-bellied_Fantail,6.0,9.0
../ibc53/Yellow-bellied_Fantail/1.wav,Yellow-bellied_Fantail,9.0,12.0
../ibc53/Yellow-bellied_Fantail/1.wav,Yellow-bellied_Fantail,12.0,15.0
../ibc53/Yellow-bellied_Fantail/1.wav,Yellow-bellied_Fantail,15.0,18.0
../ibc53/Yellow-bellied_Fantail/1.wav,Yellow-bellied_Fantail,18.0,21.0
../ibc53/Yellow-bellied_Fantail/1.wav,Yellow-bellied_Fantail,21.0,24.0
../ibc53/Yellow-bellied_Fantail/1.wav,Yellow-bellied_Fantail,24.0,27.0
../ibc53/Yellow-bellied_Fantail/1.wav,Yellow-bellied_Fantail,27.0,30.0
../ibc53/Yellow-bellied_Fantail/1.wav,Yellow-bellied_Fantail,30.0,33.0
../ibc53/Yellow-bellied_Fantail/1.wav,Yellow-bellied_Fantail,33.0,36.0
../ibc53/Yellow-bellied_Fantail/1.wav,Yellow-bellied_Fantail,36.0,39.0
../ibc53/Yellow-bellied_Fantail/1.wav,Yellow-bellied_Fantail,39.0,42.0
../ibc53/Yellow-bellied_Fantail/1.wav,Yellow-bellied_Fantail,42.0,45.0
../ibc53/Yellow-bellied_Fantail/13.wav,Yellow-bellied_Fantail,0,3.0
../ibc53/Yellow-bellied_Fantail/13.wav,Yellow-bellied_Fantail,3.0,6.0
../ibc53/Yellow-bellied_Fantail/13.wav,Yellow-bellied_Fantail,6.0,9.0
../ibc53/Yellow-bellied_Fantail/13.wav,Yellow-bellied_Fantail,9.0,12.0
../ibc53/Yellow-bellied_Fantail/13.wav,Yellow-bellied_Fantail,12.0,15.0
../ibc53/Yellow-bellied_Fantail/13.wav,Yellow-bellied_Fantail,15.0,18.0
../ibc53/Yellow-bellied_Fantail/13.wav,Yellow-bellied_Fantail,18.0,21.0
../ibc53/Yellow-bellied_Fantail/13.wav,Yellow-bellied_Fantail,21.0,24.0
../ibc53/Yellow-bellied_Fantail/13.wav,Yellow-bellied_Fantail,24.0,27.0
../ibc53/Yellow-bellied_Fantail/16.wav,Yellow-bellied_Fantail,0,3.0
../ibc53/Yellow-bellied_Fantail/16.wav,Yellow-bellied_Fantail,3.0,6.0
../ibc53/Yellow-bellied_Fantail/16.wav,Yellow-bellied_Fantail,6.0,9.0
../ibc53/Yellow-bellied_Fantail/16.wav,Yellow-bellied_Fantail,9.0,12.0
../ibc53/Yellow-bellied_Fantail/16.wav,Yellow-bellied_Fantail,12.0,15.0
../ibc53/Yellow-bellied_Fantail/16.wav,Yellow-bellied_Fantail,15.0,18.0
../ibc53/Yellow-bellied_Fantail/16.wav,Yellow-bellied_Fantail,18.0,21.0
../ibc53/Yellow-bellied_Fantail/16.wav,Yellow-bellied_Fantail,21.0,24.0
../ibc53/Yellow-bellied_Fantail/16.wav,Yellow-bellied_Fantail,24.0,27.0
../ibc53/Yellow-bellied_Fantail/16.wav,Yellow-bellied_Fantail,27.0,30.0
../ibc53/Yellow-bellied_Fantail/16.wav,Yellow-bellied_Fantail,30.0,33.0
../ibc53/Yellow-bellied_Fantail/16.wav,Yellow-bellied_Fantail,33.0,36.0
../ibc53/Yellow-bellied_Fantail/12.wav,Yellow-bellied_Fantail,0,3.0
../ibc53/Yellow-bellied_Fantail/12.wav,Yellow-bellied_Fantail,3.0,6.0
../ibc53/Yellow-bellied_Fantail/12.wav,Yellow-bellied_Fantail,6.0,9.0
../ibc53/Yellow-bellied_Fantail/12.wav,Yellow-bellied_Fantail,9.0,12.0
../ibc53/Yellow-bellied_Fantail/12.wav,Yellow-bellied_Fantail,12.0,15.0
../ibc53/Yellow-bellied_Fantail/12.wav,Yellow-bellied_Fantail,15.0,18.0
../ibc53/Yellow-bellied_Fantail/12.wav,Yellow-bellied_Fantail,18.0,21.0
../ibc53/Yellow-bellied_Fantail/12.wav,Yellow-bellied_Fantail,21.0,24.0
../ibc53/Yellow-bellied_Fantail/12.wav,Yellow-bellied_Fantail,24.0,27.0
../ibc53/Yellow-bellied_Fantail/12.wav,Yellow-bellied_Fantail,27.0,30.0
../ibc53/Yellow-bellied_Fantail/12.wav,Yellow-bellied_Fantail,30.0,33.0
../ibc53/Yellow-bellied_Fantail/12.wav,Yellow-bellied_Fantail,33.0,36.0
../ibc53/Yellow-bellied_Fantail/12.wav,Yellow-bellied_Fantail,36.0,39.0
../ibc53/Yellow-bellied_Fantail/12.wav,Yellow-bellied_Fantail,39.0,42.0
../ibc53/Yellow-bellied_Fantail/12.wav,Yellow-bellied_Fantail,42.0,45.0
../ibc53/Yellow-bellied_Fantail/12.wav,Yellow-bellied_Fantail,45.0,48.0
../ibc53/Yellow-bellied_Fantail/12.wav,Yellow-bellied_Fantail,48.0,51.0
../ibc53/Yellow-bellied_Fantail/12.wav,Yellow-bellied_Fantail,51.0,54.0
../ibc53/Yellow-bellied_Fantail/12.wav,Yellow-bellied_Fantail,54.0,57.0
../ibc53/Yellow-bellied_Fantail/12.wav,Yellow-bellied_Fantail,57.0,60.0
../ibc53/Yellow-bellied_Fantail/2.wav,Yellow-bellied_Fantail,0,3.0
../ibc53/Yellow-bellied_Fantail/2.wav,Yellow-bellied_Fantail,3.0,6.0
../ibc53/Yellow-bellied_Fantail/2.wav,Yellow-bellied_Fantail,6.0,9.0
../ibc53/Yellow-bellied_Fantail/4.wav,Yellow-bellied_Fantail,0,3.0
../ibc53/Yellow-bellied_Fantail/4.wav,Yellow-bellied_Fantail,3.0,6.0
../ibc53/Yellow-bellied_Fantail/4.wav,Yellow-bellied_Fantail,6.0,9.0
../ibc53/Yellow-bellied_Fantail/4.wav,Yellow-bellied_Fantail,9.0,12.0
../ibc53/Yellow-bellied_Fantail/4.wav,Yellow-bellied_Fantail,12.0,15.0
../ibc53/Yellow-bellied_Fantail/4.wav,Yellow-bellied_Fantail,15.0,18.0
../ibc53/Yellow-bellied_Fantail/4.wav,Yellow-bellied_Fantail,18.0,21.0
../ibc53/Yellow-bellied_Fantail/4.wav,Yellow-bellied_Fantail,21.0,24.0
../ibc53/Yellow-bellied_Fantail/4.wav,Yellow-bellied_Fantail,24.0,27.0
../ibc53/Yellow-bellied_Fantail/4.wav,Yellow-bellied_Fantail,27.0,30.0
../ibc53/Yellow-bellied_Fantail/4.wav,Yellow-bellied_Fantail,30.0,33.0
../ibc53/Yellow-bellied_Fantail/4.wav,Yellow-bellied_Fantail,33.0,36.0
../ibc53/Yellow-bellied_Fantail/4.wav,Yellow-bellied_Fantail,36.0,39.0
../ibc53/Yellow-bellied_Fantail/4.wav,Yellow-bellied_Fantail,39.0,42.0
../ibc53/Yellow-bellied_Fantail/14.wav,Yellow-bellied_Fantail,0,3.0
../ibc53/Yellow-bellied_Fantail/14.wav,Yellow-bellied_Fantail,3.0,6.0
../ibc53/Yellow-bellied_Fantail/14.wav,Yellow-bellied_Fantail,6.0,9.0
../ibc53/Yellow-bellied_Fantail/14.wav,Yellow-bellied_Fantail,9.0,12.0
../ibc53/Yellow-bellied_Fantail/14.wav,Yellow-bellied_Fantail,12.0,15.0
../ibc53/Yellow-bellied_Fantail/14.wav,Yellow-bellied_Fantail,15.0,18.0
../ibc53/Yellow-bellied_Fantail/14.wav,Yellow-bellied_Fantail,18.0,21.0
../ibc53/Yellow-bellied_Fantail/14.wav,Yellow-bellied_Fantail,21.0,24.0
../ibc53/Yellow-bellied_Fantail/14.wav,Yellow-bellied_Fantail,24.0,27.0
../ibc53/Yellow-bellied_Fantail/14.wav,Yellow-bellied_Fantail,27.0,30.0
../ibc53/Yellow-bellied_Fantail/14.wav,Yellow-bellied_Fantail,30.0,33.0
../ibc53/Yellow-bellied_Fantail/14.wav,Yellow-bellied_Fantail,33.0,36.0
../ibc53/Yellow-bellied_Fantail/14.wav,Yellow-bellied_Fantail,36.0,39.0
../ibc53/Yellow-bellied_Fantail/14.wav,Yellow-bellied_Fantail,39.0,42.0
../ibc53/Yellow-bellied_Fantail/10.wav,Yellow-bellied_Fantail,0,3.0
../ibc53/Yellow-bellied_Fantail/10.wav,Yellow-bellied_Fantail,3.0,6.0
../ibc53/Yellow-bellied_Fantail/10.wav,Yellow-bellied_Fantail,6.0,9.0
../ibc53/Yellow-bellied_Fantail/10.wav,Yellow-bellied_Fantail,9.0,12.0
../ibc53/Yellow-bellied_Fantail/10.wav,Yellow-bellied_Fantail,12.0,15.0
../ibc53/Yellow-bellied_Fantail/10.wav,Yellow-bellied_Fantail,15.0,18.0
../ibc53/Yellow-bellied_Fantail/10.wav,Yellow-bellied_Fantail,18.0,21.0
../ibc53/Yellow-bellied_Fantail/10.wav,Yellow-bellied_Fantail,21.0,24.0
../ibc53/Yellow-bellied_Fantail/10.wav,Yellow-bellied_Fantail,24.0,27.0
../ibc53/Yellow-bellied_Fantail/10.wav,Yellow-bellied_Fantail,27.0,30.0
../ibc53/Yellow-bellied_Fantail/10.wav,Yellow-bellied_Fantail,30.0,33.0
../ibc53/Yellow-bellied_Fantail/10.wav,Yellow-bellied_Fantail,33.0,36.0
../ibc53/Yellow-bellied_Fantail/10.wav,Yellow-bellied_Fantail,36.0,39.0
../ibc53/Yellow-bellied_Fantail/10.wav,Yellow-bellied_Fantail,39.0,42.0
../ibc53/Yellow-bellied_Fantail/10.wav,Yellow-bellied_Fantail,42.0,45.0
../ibc53/Yellow-bellied_Fantail/10.wav,Yellow-bellied_Fantail,45.0,48.0
../ibc53/Yellow-bellied_Fantail/10.wav,Yellow-bellied_Fantail,48.0,51.0
../ibc53/Yellow-bellied_Fantail/10.wav,Yellow-bellied_Fantail,51.0,54.0
../ibc53/Yellow-bellied_Fantail/10.wav,Yellow-bellied_Fantail,54.0,57.0
../ibc53/Yellow-bellied_Fantail/10.wav,Yellow-bellied_Fantail,57.0,60.0
../ibc53/Yellow-bellied_Fantail/10.wav,Yellow-bellied_Fantail,60.0,63.0
../ibc53/Yellow-bellied_Fantail/10.wav,Yellow-bellied_Fantail,63.0,66.0
../ibc53/Yellow-bellied_Fantail/10.wav,Yellow-bellied_Fantail,66.0,69.0
../ibc53/Yellow-bellied_Fantail/10.wav,Yellow-bellied_Fantail,69.0,72.0
../ibc53/Yellow-bellied_Fantail/10.wav,Yellow-bellied_Fantail,72.0,75.0
../ibc53/Yellow-bellied_Fantail/10.wav,Yellow-bellied_Fantail,75.0,78.0
../ibc53/Yellow-bellied_Fantail/10.wav,Yellow-bellied_Fantail,78.0,81.0
../ibc53/Yellow-bellied_Fantail/10.wav,Yellow-bellied_Fantail,81.0,84.0
../ibc53/Yellow-bellied_Fantail/10.wav,Yellow-bellied_Fantail,84.0,87.0
../ibc53/Yellow-bellied_Fantail/10.wav,Yellow-bellied_Fantail,87.0,90.0
../ibc53/Yellow-bellied_Fantail/10.wav,Yellow-bellied_Fantail,90.0,93.0
../ibc53/Yellow-bellied_Fantail/10.wav,Yellow-bellied_Fantail,93.0,96.0
../ibc53/Yellow-bellied_Fantail/10.wav,Yellow-bellied_Fantail,96.0,99.0
../ibc53/Yellow-bellied_Fantail/9.wav,Yellow-bellied_Fantail,0,3.0
../ibc53/Yellow-bellied_Fantail/9.wav,Yellow-bellied_Fantail,3.0,6.0
../ibc53/Yellow-bellied_Fantail/9.wav,Yellow-bellied_Fantail,6.0,9.0
../ibc53/Yellow-bellied_Fantail/9.wav,Yellow-bellied_Fantail,9.0,12.0
../ibc53/Yellow-bellied_Fantail/9.wav,Yellow-bellied_Fantail,12.0,15.0
../ibc53/Yellow-bellied_Fantail/9.wav,Yellow-bellied_Fantail,15.0,18.0
../ibc53/Yellow-bellied_Fantail/9.wav,Yellow-bellied_Fantail,18.0,21.0
../ibc53/Yellow-bellied_Fantail/9.wav,Yellow-bellied_Fantail,21.0,24.0
../ibc53/Yellow-bellied_Fantail/9.wav,Yellow-bellied_Fantail,24.0,27.0
../ibc53/Yellow-bellied_Fantail/9.wav,Yellow-bellied_Fantail,27.0,30.0
../ibc53/Yellow-bellied_Fantail/9.wav,Yellow-bellied_Fantail,30.0,33.0
../ibc53/Yellow-bellied_Fantail/9.wav,Yellow-bellied_Fantail,33.0,36.0
../ibc53/Yellow-bellied_Fantail/9.wav,Yellow-bellied_Fantail,36.0,39.0
../ibc53/Yellow-bellied_Fantail/9.wav,Yellow-bellied_Fantail,39.0,42.0
../ibc53/Yellow-bellied_Fantail/9.wav,Yellow-bellied_Fantail,42.0,45.0
../ibc53/Yellow-bellied_Fantail/9.wav,Yellow-bellied_Fantail,45.0,48.0
../ibc53/Yellow-bellied_Fantail/9.wav,Yellow-bellied_Fantail,48.0,51.0
../ibc53/Yellow-bellied_Fantail/9.wav,Yellow-bellied_Fantail,51.0,54.0
../ibc53/Yellow-bellied_Fantail/9.wav,Yellow-bellied_Fantail,54.0,57.0
../ibc53/Yellow-bellied_Fantail/9.wav,Yellow-bellied_Fantail,57.0,60.0
../ibc53/Yellow-bellied_Fantail/9.wav,Yellow-bellied_Fantail,60.0,63.0
../ibc53/Yellow-bellied_Fantail/9.wav,Yellow-bellied_Fantail,63.0,66.0
../ibc53/Yellow-bellied_Fantail/6.wav,Yellow-bellied_Fantail,0,3.0
../ibc53/Yellow-bellied_Fantail/6.wav,Yellow-bellied_Fantail,3.0,6.0
../ibc53/Yellow-bellied_Fantail/11.wav,Yellow-bellied_Fantail,0,3.0
../ibc53/Yellow-bellied_Fantail/11.wav,Yellow-bellied_Fantail,3.0,6.0
../ibc53/Yellow-bellied_Fantail/11.wav,Yellow-bellied_Fantail,6.0,9.0
../ibc53/Yellow-bellied_Fantail/11.wav,Yellow-bellied_Fantail,9.0,12.0
../ibc53/Yellow-bellied_Fantail/11.wav,Yellow-bellied_Fantail,12.0,15.0
../ibc53/Yellow-bellied_Fantail/11.wav,Yellow-bellied_Fantail,15.0,18.0
../ibc53/Yellow-bellied_Fantail/11.wav,Yellow-bellied_Fantail,18.0,21.0
../ibc53/Yellow-bellied_Fantail/11.wav,Yellow-bellied_Fantail,21.0,24.0
../ibc53/Yellow-bellied_Fantail/11.wav,Yellow-bellied_Fantail,24.0,27.0
../ibc53/Yellow-bellied_Fantail/11.wav,Yellow-bellied_Fantail,27.0,30.0
../ibc53/Yellow-bellied_Fantail/11.wav,Yellow-bellied_Fantail,30.0,33.0
../ibc53/Yellow-bellied_Fantail/11.wav,Yellow-bellied_Fantail,33.0,36.0
../ibc53/Yellow-bellied_Fantail/11.wav,Yellow-bellied_Fantail,36.0,39.0
../ibc53/Yellow-bellied_Fantail/11.wav,Yellow-bellied_Fantail,39.0,42.0
../ibc53/Yellow-browed_Warbler/3.wav,Yellow-browed_Warbler,0,3.0
../ibc53/Yellow-browed_Warbler/3.wav,Yellow-browed_Warbler,3.0,6.0
../ibc53/Yellow-browed_Warbler/3.wav,Yellow-browed_Warbler,6.0,9.0
../ibc53/Yellow-browed_Warbler/3.wav,Yellow-browed_Warbler,9.0,12.0
../ibc53/Yellow-browed_Warbler/3.wav,Yellow-browed_Warbler,12.0,15.0
../ibc53/Yellow-browed_Warbler/3.wav,Yellow-browed_Warbler,15.0,18.0
../ibc53/Yellow-browed_Warbler/3.wav,Yellow-browed_Warbler,18.0,21.0
../ibc53/Yellow-browed_Warbler/3.wav,Yellow-browed_Warbler,21.0,24.0
../ibc53/Yellow-browed_Warbler/3.wav,Yellow-browed_Warbler,24.0,27.0
../ibc53/Yellow-browed_Warbler/3.wav,Yellow-browed_Warbler,27.0,30.0
../ibc53/Yellow-browed_Warbler/3.wav,Yellow-browed_Warbler,30.0,33.0
../ibc53/Yellow-browed_Warbler/3.wav,Yellow-browed_Warbler,33.0,36.0
../ibc53/Yellow-browed_Warbler/3.wav,Yellow-browed_Warbler,36.0,39.0
../ibc53/Yellow-browed_Warbler/3.wav,Yellow-browed_Warbler,39.0,42.0
../ibc53/Yellow-browed_Warbler/5.wav,Yellow-browed_Warbler,0,3.0
../ibc53/Yellow-browed_Warbler/5.wav,Yellow-browed_Warbler,3.0,6.0
../ibc53/Yellow-browed_Warbler/5.wav,Yellow-browed_Warbler,6.0,9.0
../ibc53/Yellow-browed_Warbler/5.wav,Yellow-browed_Warbler,9.0,12.0
../ibc53/Yellow-browed_Warbler/5.wav,Yellow-browed_Warbler,12.0,15.0
../ibc53/Yellow-browed_Warbler/5.wav,Yellow-browed_Warbler,15.0,18.0
../ibc53/Yellow-browed_Warbler/5.wav,Yellow-browed_Warbler,18.0,21.0
../ibc53/Yellow-browed_Warbler/5.wav,Yellow-browed_Warbler,21.0,24.0
../ibc53/Yellow-browed_Warbler/5.wav,Yellow-browed_Warbler,24.0,27.0
../ibc53/Yellow-browed_Warbler/7.wav,Yellow-browed_Warbler,0,3.0
../ibc53/Yellow-browed_Warbler/7.wav,Yellow-browed_Warbler,3.0,6.0
../ibc53/Yellow-browed_Warbler/7.wav,Yellow-browed_Warbler,6.0,9.0
../ibc53/Yellow-browed_Warbler/7.wav,Yellow-browed_Warbler,9.0,12.0
../ibc53/Yellow-browed_Warbler/7.wav,Yellow-browed_Warbler,12.0,15.0
../ibc53/Yellow-browed_Warbler/7.wav,Yellow-browed_Warbler,15.0,18.0
../ibc53/Yellow-browed_Warbler/7.wav,Yellow-browed_Warbler,18.0,21.0
../ibc53/Yellow-browed_Warbler/7.wav,Yellow-browed_Warbler,21.0,24.0
../ibc53/Yellow-browed_Warbler/7.wav,Yellow-browed_Warbler,24.0,27.0
../ibc53/Yellow-browed_Warbler/8.wav,Yellow-browed_Warbler,0,3.0
../ibc53/Yellow-browed_Warbler/8.wav,Yellow-browed_Warbler,3.0,6.0
../ibc53/Yellow-browed_Warbler/8.wav,Yellow-browed_Warbler,6.0,9.0
../ibc53/Yellow-browed_Warbler/8.wav,Yellow-browed_Warbler,9.0,12.0
../ibc53/Yellow-browed_Warbler/8.wav,Yellow-browed_Warbler,12.0,15.0
../ibc53/Yellow-browed_Warbler/8.wav,Yellow-browed_Warbler,15.0,18.0
../ibc53/Yellow-browed_Warbler/8.wav,Yellow-browed_Warbler,18.0,21.0
../ibc53/Yellow-browed_Warbler/8.wav,Yellow-browed_Warbler,21.0,24.0
../ibc53/Yellow-browed_Warbler/8.wav,Yellow-browed_Warbler,24.0,27.0
../ibc53/Yellow-browed_Warbler/8.wav,Yellow-browed_Warbler,27.0,30.0
../ibc53/Yellow-browed_Warbler/8.wav,Yellow-browed_Warbler,30.0,33.0
../ibc53/Yellow-browed_Warbler/8.wav,Yellow-browed_Warbler,33.0,36.0
../ibc53/Yellow-browed_Warbler/8.wav,Yellow-browed_Warbler,36.0,39.0
../ibc53/Yellow-browed_Warbler/8.wav,Yellow-browed_Warbler,39.0,42.0
../ibc53/Yellow-browed_Warbler/8.wav,Yellow-browed_Warbler,42.0,45.0
../ibc53/Yellow-browed_Warbler/8.wav,Yellow-browed_Warbler,45.0,48.0
../ibc53/Yellow-browed_Warbler/8.wav,Yellow-browed_Warbler,48.0,51.0
../ibc53/Yellow-browed_Warbler/8.wav,Yellow-browed_Warbler,51.0,54.0
../ibc53/Yellow-browed_Warbler/8.wav,Yellow-browed_Warbler,54.0,57.0
../ibc53/Yellow-browed_Warbler/8.wav,Yellow-browed_Warbler,57.0,60.0
../ibc53/Yellow-browed_Warbler/8.wav,Yellow-browed_Warbler,60.0,63.0
../ibc53/Yellow-browed_Warbler/8.wav,Yellow-browed_Warbler,63.0,66.0
../ibc53/Yellow-browed_Warbler/1.wav,Yellow-browed_Warbler,0,3.0
../ibc53/Yellow-browed_Warbler/1.wav,Yellow-browed_Warbler,3.0,6.0
../ibc53/Yellow-browed_Warbler/1.wav,Yellow-browed_Warbler,6.0,9.0
../ibc53/Yellow-browed_Warbler/1.wav,Yellow-browed_Warbler,9.0,12.0
../ibc53/Yellow-browed_Warbler/1.wav,Yellow-browed_Warbler,12.0,15.0
../ibc53/Yellow-browed_Warbler/1.wav,Yellow-browed_Warbler,15.0,18.0
../ibc53/Yellow-browed_Warbler/1.wav,Yellow-browed_Warbler,18.0,21.0
../ibc53/Yellow-browed_Warbler/1.wav,Yellow-browed_Warbler,21.0,24.0
../ibc53/Yellow-browed_Warbler/2.wav,Yellow-browed_Warbler,0,3.0
../ibc53/Yellow-browed_Warbler/2.wav,Yellow-browed_Warbler,3.0,6.0
../ibc53/Yellow-browed_Warbler/2.wav,Yellow-browed_Warbler,6.0,9.0
../ibc53/Yellow-browed_Warbler/2.wav,Yellow-browed_Warbler,9.0,12.0
../ibc53/Yellow-browed_Warbler/2.wav,Yellow-browed_Warbler,12.0,15.0
../ibc53/Yellow-browed_Warbler/4.wav,Yellow-browed_Warbler,0,3.0
../ibc53/Yellow-browed_Warbler/4.wav,Yellow-browed_Warbler,3.0,6.0
../ibc53/Yellow-browed_Warbler/4.wav,Yellow-browed_Warbler,6.0,9.0
../ibc53/Yellow-browed_Warbler/4.wav,Yellow-browed_Warbler,9.0,12.0
../ibc53/Yellow-browed_Warbler/4.wav,Yellow-browed_Warbler,12.0,15.0
../ibc53/Yellow-browed_Warbler/4.wav,Yellow-browed_Warbler,15.0,18.0
../ibc53/Yellow-browed_Warbler/4.wav,Yellow-browed_Warbler,18.0,21.0
../ibc53/Yellow-browed_Warbler/4.wav,Yellow-browed_Warbler,21.0,24.0
../ibc53/Yellow-browed_Warbler/4.wav,Yellow-browed_Warbler,24.0,27.0
../ibc53/Yellow-browed_Warbler/4.wav,Yellow-browed_Warbler,27.0,30.0
../ibc53/Yellow-browed_Warbler/4.wav,Yellow-browed_Warbler,30.0,33.0
../ibc53/Yellow-browed_Warbler/10.wav,Yellow-browed_Warbler,0,3.0
../ibc53/Yellow-browed_Warbler/10.wav,Yellow-browed_Warbler,3.0,6.0
../ibc53/Yellow-browed_Warbler/10.wav,Yellow-browed_Warbler,6.0,9.0
../ibc53/Yellow-browed_Warbler/10.wav,Yellow-browed_Warbler,9.0,12.0
../ibc53/Yellow-browed_Warbler/10.wav,Yellow-browed_Warbler,12.0,15.0
../ibc53/Yellow-browed_Warbler/9.wav,Yellow-browed_Warbler,0,3.0
../ibc53/Yellow-browed_Warbler/9.wav,Yellow-browed_Warbler,3.0,6.0
../ibc53/Yellow-browed_Warbler/9.wav,Yellow-browed_Warbler,6.0,9.0
../ibc53/Yellow-browed_Warbler/6.wav,Yellow-browed_Warbler,0,3.0
../ibc53/Yellow-browed_Warbler/6.wav,Yellow-browed_Warbler,3.0,6.0
../ibc53/Yellow-throated_Leaf_Warbler/3.wav,Yellow-throated_Leaf_Warbler,0,3.0
../ibc53/Yellow-throated_Leaf_Warbler/3.wav,Yellow-throated_Leaf_Warbler,3.0,6.0
../ibc53/Yellow-throated_Leaf_Warbler/3.wav,Yellow-throated_Leaf_Warbler,6.0,9.0
../ibc53/Yellow-throated_Leaf_Warbler/3.wav,Yellow-throated_Leaf_Warbler,9.0,12.0
../ibc53/Yellow-throated_Leaf_Warbler/3.wav,Yellow-throated_Leaf_Warbler,12.0,15.0
../ibc53/Yellow-throated_Leaf_Warbler/3.wav,Yellow-throated_Leaf_Warbler,15.0,18.0
../ibc53/Yellow-throated_Leaf_Warbler/3.wav,Yellow-throated_Leaf_Warbler,18.0,21.0
../ibc53/Yellow-throated_Leaf_Warbler/3.wav,Yellow-throated_Leaf_Warbler,21.0,24.0
../ibc53/Yellow-throated_Leaf_Warbler/3.wav,Yellow-throated_Leaf_Warbler,24.0,27.0
../ibc53/Yellow-throated_Leaf_Warbler/3.wav,Yellow-throated_Leaf_Warbler,27.0,30.0
../ibc53/Yellow-throated_Leaf_Warbler/3.wav,Yellow-throated_Leaf_Warbler,30.0,33.0
../ibc53/Yellow-throated_Leaf_Warbler/3.wav,Yellow-throated_Leaf_Warbler,33.0,36.0
../ibc53/Yellow-throated_Leaf_Warbler/3.wav,Yellow-throated_Leaf_Warbler,36.0,39.0
../ibc53/Yellow-throated_Leaf_Warbler/3.wav,Yellow-throated_Leaf_Warbler,39.0,42.0
../ibc53/Yellow-throated_Leaf_Warbler/3.wav,Yellow-throated_Leaf_Warbler,42.0,45.0
../ibc53/Yellow-throated_Leaf_Warbler/3.wav,Yellow-throated_Leaf_Warbler,45.0,48.0
../ibc53/Yellow-throated_Leaf_Warbler/3.wav,Yellow-throated_Leaf_Warbler,48.0,51.0
../ibc53/Yellow-throated_Leaf_Warbler/3.wav,Yellow-throated_Leaf_Warbler,51.0,54.0
../ibc53/Yellow-throated_Leaf_Warbler/3.wav,Yellow-throated_Leaf_Warbler,54.0,57.0
../ibc53/Yellow-throated_Leaf_Warbler/3.wav,Yellow-throated_Leaf_Warbler,57.0,60.0
../ibc53/Yellow-throated_Leaf_Warbler/3.wav,Yellow-throated_Leaf_Warbler,60.0,63.0
../ibc53/Yellow-throated_Leaf_Warbler/3.wav,Yellow-throated_Leaf_Warbler,63.0,66.0
../ibc53/Yellow-throated_Leaf_Warbler/3.wav,Yellow-throated_Leaf_Warbler,66.0,69.0
../ibc53/Yellow-throated_Leaf_Warbler/3.wav,Yellow-throated_Leaf_Warbler,69.0,72.0
../ibc53/Yellow-throated_Leaf_Warbler/3.wav,Yellow-throated_Leaf_Warbler,72.0,75.0
../ibc53/Yellow-throated_Leaf_Warbler/3.wav,Yellow-throated_Leaf_Warbler,75.0,78.0
../ibc53/Yellow-throated_Leaf_Warbler/5.wav,Yellow-throated_Leaf_Warbler,0,3.0
../ibc53/Yellow-throated_Leaf_Warbler/5.wav,Yellow-throated_Leaf_Warbler,3.0,6.0
../ibc53/Yellow-throated_Leaf_Warbler/5.wav,Yellow-throated_Leaf_Warbler,6.0,9.0
../ibc53/Yellow-throated_Leaf_Warbler/5.wav,Yellow-throated_Leaf_Warbler,9.0,12.0
../ibc53/Yellow-throated_Leaf_Warbler/5.wav,Yellow-throated_Leaf_Warbler,12.0,15.0
../ibc53/Yellow-throated_Leaf_Warbler/5.wav,Yellow-throated_Leaf_Warbler,15.0,18.0
../ibc53/Yellow-throated_Leaf_Warbler/5.wav,Yellow-throated_Leaf_Warbler,18.0,21.0
../ibc53/Yellow-throated_Leaf_Warbler/5.wav,Yellow-throated_Leaf_Warbler,21.0,24.0
../ibc53/Yellow-throated_Leaf_Warbler/5.wav,Yellow-throated_Leaf_Warbler,24.0,27.0
../ibc53/Yellow-throated_Leaf_Warbler/5.wav,Yellow-throated_Leaf_Warbler,27.0,30.0
../ibc53/Yellow-throated_Leaf_Warbler/5.wav,Yellow-throated_Leaf_Warbler,30.0,33.0
../ibc53/Yellow-throated_Leaf_Warbler/5.wav,Yellow-throated_Leaf_Warbler,33.0,36.0
../ibc53/Yellow-throated_Leaf_Warbler/5.wav,Yellow-throated_Leaf_Warbler,36.0,39.0
../ibc53/Yellow-throated_Leaf_Warbler/5.wav,Yellow-throated_Leaf_Warbler,39.0,42.0
../ibc53/Yellow-throated_Leaf_Warbler/5.wav,Yellow-throated_Leaf_Warbler,42.0,45.0
../ibc53/Yellow-throated_Leaf_Warbler/5.wav,Yellow-throated_Leaf_Warbler,45.0,48.0
../ibc53/Yellow-throated_Leaf_Warbler/5.wav,Yellow-throated_Leaf_Warbler,48.0,51.0
../ibc53/Yellow-throated_Leaf_Warbler/7.wav,Yellow-throated_Leaf_Warbler,0,3.0
../ibc53/Yellow-throated_Leaf_Warbler/7.wav,Yellow-throated_Leaf_Warbler,3.0,6.0
../ibc53/Yellow-throated_Leaf_Warbler/7.wav,Yellow-throated_Leaf_Warbler,6.0,9.0
../ibc53/Yellow-throated_Leaf_Warbler/7.wav,Yellow-throated_Leaf_Warbler,9.0,12.0
../ibc53/Yellow-throated_Leaf_Warbler/1.wav,Yellow-throated_Leaf_Warbler,0,3.0
../ibc53/Yellow-throated_Leaf_Warbler/1.wav,Yellow-throated_Leaf_Warbler,3.0,6.0
../ibc53/Yellow-throated_Leaf_Warbler/1.wav,Yellow-throated_Leaf_Warbler,6.0,9.0
../ibc53/Yellow-throated_Leaf_Warbler/1.wav,Yellow-throated_Leaf_Warbler,9.0,12.0
../ibc53/Yellow-throated_Leaf_Warbler/1.wav,Yellow-throated_Leaf_Warbler,12.0,15.0
../ibc53/Yellow-throated_Leaf_Warbler/1.wav,Yellow-throated_Leaf_Warbler,15.0,18.0
../ibc53/Yellow-throated_Leaf_Warbler/1.wav,Yellow-throated_Leaf_Warbler,18.0,21.0
../ibc53/Yellow-throated_Leaf_Warbler/1.wav,Yellow-throated_Leaf_Warbler,21.0,24.0
../ibc53/Yellow-throated_Leaf_Warbler/1.wav,Yellow-throated_Leaf_Warbler,24.0,27.0
../ibc53/Yellow-throated_Leaf_Warbler/1.wav,Yellow-throated_Leaf_Warbler,27.0,30.0
../ibc53/Yellow-throated_Leaf_Warbler/1.wav,Yellow-throated_Leaf_Warbler,30.0,33.0
../ibc53/Yellow-throated_Leaf_Warbler/2.wav,Yellow-throated_Leaf_Warbler,0,3.0
../ibc53/Yellow-throated_Leaf_Warbler/2.wav,Yellow-throated_Leaf_Warbler,3.0,6.0
../ibc53/Yellow-throated_Leaf_Warbler/2.wav,Yellow-throated_Leaf_Warbler,6.0,9.0
../ibc53/Yellow-throated_Leaf_Warbler/2.wav,Yellow-throated_Leaf_Warbler,9.0,12.0
../ibc53/Yellow-throated_Leaf_Warbler/2.wav,Yellow-throated_Leaf_Warbler,12.0,15.0
../ibc53/Yellow-throated_Leaf_Warbler/2.wav,Yellow-throated_Leaf_Warbler,15.0,18.0
../ibc53/Yellow-throated_Leaf_Warbler/2.wav,Yellow-throated_Leaf_Warbler,18.0,21.0
../ibc53/Yellow-throated_Leaf_Warbler/2.wav,Yellow-throated_Leaf_Warbler,21.0,24.0
../ibc53/Yellow-throated_Leaf_Warbler/2.wav,Yellow-throated_Leaf_Warbler,24.0,27.0
../ibc53/Yellow-throated_Leaf_Warbler/2.wav,Yellow-throated_Leaf_Warbler,27.0,30.0
../ibc53/Yellow-throated_Leaf_Warbler/2.wav,Yellow-throated_Leaf_Warbler,30.0,33.0
../ibc53/Yellow-throated_Leaf_Warbler/2.wav,Yellow-throated_Leaf_Warbler,33.0,36.0
../ibc53/Yellow-throated_Leaf_Warbler/2.wav,Yellow-throated_Leaf_Warbler,36.0,39.0
../ibc53/Yellow-throated_Leaf_Warbler/4.wav,Yellow-throated_Leaf_Warbler,0,3.0
../ibc53/Yellow-throated_Leaf_Warbler/4.wav,Yellow-throated_Leaf_Warbler,3.0,6.0
../ibc53/Yellow-throated_Leaf_Warbler/4.wav,Yellow-throated_Leaf_Warbler,6.0,9.0
../ibc53/Yellow-throated_Leaf_Warbler/4.wav,Yellow-throated_Leaf_Warbler,9.0,12.0
../ibc53/Yellow-throated_Leaf_Warbler/4.wav,Yellow-throated_Leaf_Warbler,12.0,15.0
../ibc53/Yellow-throated_Leaf_Warbler/4.wav,Yellow-throated_Leaf_Warbler,15.0,18.0
../ibc53/Yellow-throated_Leaf_Warbler/4.wav,Yellow-throated_Leaf_Warbler,18.0,21.0
../ibc53/Yellow-throated_Leaf_Warbler/4.wav,Yellow-throated_Leaf_Warbler,21.0,24.0
../ibc53/Yellow-throated_Leaf_Warbler/4.wav,Yellow-throated_Leaf_Warbler,24.0,27.0
../ibc53/Yellow-throated_Leaf_Warbler/6.wav,Yellow-throated_Leaf_Warbler,0,3.0
../ibc53/Yellow-throated_Leaf_Warbler/6.wav,Yellow-throated_Leaf_Warbler,3.0,6.0
../ibc53/Yellow-throated_Leaf_Warbler/6.wav,Yellow-throated_Leaf_Warbler,6.0,9.0
../ibc53/Yellow-throated_Leaf_Warbler/6.wav,Yellow-throated_Leaf_Warbler,9.0,12.0
../ibc53/Yellow-throated_Leaf_Warbler/6.wav,Yellow-throated_Leaf_Warbler,12.0,15.0
../ibc53/Yellow-vented_Flowerpecker/3.wav,Yellow-vented_Flowerpecker,0,3.0
../ibc53/Yellow-vented_Flowerpecker/3.wav,Yellow-vented_Flowerpecker,3.0,6.0
../ibc53/Yellow-vented_Flowerpecker/3.wav,Yellow-vented_Flowerpecker,6.0,9.0
../ibc53/Yellow-vented_Flowerpecker/3.wav,Yellow-vented_Flowerpecker,9.0,12.0
../ibc53/Yellow-vented_Flowerpecker/1.wav,Yellow-vented_Flowerpecker,0,3.0
../ibc53/Yellow-vented_Flowerpecker/1.wav,Yellow-vented_Flowerpecker,3.0,6.0
../ibc53/Yellow-vented_Flowerpecker/1.wav,Yellow-vented_Flowerpecker,6.0,9.0
../ibc53/Yellow-vented_Flowerpecker/1.wav,Yellow-vented_Flowerpecker,9.0,12.0
../ibc53/Yellow-vented_Flowerpecker/1.wav,Yellow-vented_Flowerpecker,12.0,15.0
../ibc53/Yellow-vented_Flowerpecker/1.wav,Yellow-vented_Flowerpecker,15.0,18.0
../ibc53/Yellow-vented_Flowerpecker/1.wav,Yellow-vented_Flowerpecker,18.0,21.0
../ibc53/Yellow-vented_Flowerpecker/1.wav,Yellow-vented_Flowerpecker,21.0,24.0
../ibc53/Yellow-vented_Flowerpecker/1.wav,Yellow-vented_Flowerpecker,24.0,27.0
../ibc53/Yellow-vented_Flowerpecker/1.wav,Yellow-vented_Flowerpecker,27.0,30.0
../ibc53/Yellow-vented_Flowerpecker/1.wav,Yellow-vented_Flowerpecker,30.0,33.0
../ibc53/Yellow-vented_Flowerpecker/1.wav,Yellow-vented_Flowerpecker,33.0,36.0
../ibc53/Yellow-vented_Flowerpecker/1.wav,Yellow-vented_Flowerpecker,36.0,39.0
../ibc53/Yellow-vented_Flowerpecker/1.wav,Yellow-vented_Flowerpecker,39.0,42.0
../ibc53/Yellow-vented_Flowerpecker/1.wav,Yellow-vented_Flowerpecker,42.0,45.0
../ibc53/Yellow-vented_Flowerpecker/1.wav,Yellow-vented_Flowerpecker,45.0,48.0
../ibc53/Yellow-vented_Flowerpecker/1.wav,Yellow-vented_Flowerpecker,48.0,51.0
../ibc53/Yellow-vented_Flowerpecker/1.wav,Yellow-vented_Flowerpecker,51.0,54.0
../ibc53/Yellow-vented_Flowerpecker/1.wav,Yellow-vented_Flowerpecker,54.0,57.0
../ibc53/Yellow-vented_Flowerpecker/1.wav,Yellow-vented_Flowerpecker,57.0,60.0
../ibc53/Yellow-vented_Flowerpecker/1.wav,Yellow-vented_Flowerpecker,60.0,63.0
../ibc53/Yellow-vented_Flowerpecker/1.wav,Yellow-vented_Flowerpecker,63.0,66.0
../ibc53/Yellow-vented_Flowerpecker/2.wav,Yellow-vented_Flowerpecker,0,3.0
../ibc53/Yellow-vented_Flowerpecker/2.wav,Yellow-vented_Flowerpecker,3.0,6.0
xc_downloads/Asian_Palm_Swift/xc_1160783.mp3,Asian_Palm_Swift,0,3.0
xc_downloads/Asian_Palm_Swift/xc_1160783.mp3,Asian_Palm_Swift,3.0,6.0
xc_downloads/Asian_Palm_Swift/xc_1160783.mp3,Asian_Palm_Swift,6.0,9.0
xc_downloads/Asian_Palm_Swift/xc_1160783.mp3,Asian_Palm_Swift,9.0,12.0
xc_downloads/Asian_Palm_Swift/xc_1160783.mp3,Asian_Palm_Swift,12.0,15.0
xc_downloads/Asian_Palm_Swift/xc_1160783.mp3,Asian_Palm_Swift,15.0,18.0
xc_downloads/Asian_Palm_Swift/xc_1160783.mp3,Asian_Palm_Swift,18.0,21.0
xc_downloads/Asian_Palm_Swift/xc_1160783.mp3,Asian_Palm_Swift,21.0,24.0
xc_downloads/Asian_Palm_Swift/xc_1160783.mp3,Asian_Palm_Swift,24.0,27.0
xc_downloads/Asian_Palm_Swift/xc_1160783.mp3,Asian_Palm_Swift,27.0,30.0
xc_downloads/Asian_Palm_Swift/xc_1160783.mp3,Asian_Palm_Swift,30.0,33.0
xc_downloads/Asian_Palm_Swift/xc_1160783.mp3,Asian_Palm_Swift,33.0,36.0
xc_downloads/Asian_Palm_Swift/xc_1160783.mp3,Asian_Palm_Swift,36.0,39.0
xc_downloads/Asian_Palm_Swift/xc_1160783.mp3,Asian_Palm_Swift,39.0,42.0
xc_downloads/Asian_Palm_Swift/xc_1160783.mp3,Asian_Palm_Swift,42.0,45.0
xc_downloads/Asian_Palm_Swift/xc_1160783.mp3,Asian_Palm_Swift,45.0,48.0
xc_downloads/Asian_Palm_Swift/xc_1160783.mp3,Asian_Palm_Swift,48.0,51.0
xc_downloads/Asian_Palm_Swift/xc_1160783.mp3,Asian_Palm_Swift,51.0,54.0
xc_downloads/Asian_Palm_Swift/xc_1160783.mp3,Asian_Palm_Swift,54.0,57.0
xc_downloads/Asian_Palm_Swift/xc_1160783.mp3,Asian_Palm_Swift,57.0,60.0
xc_downloads/Asian_Palm_Swift/xc_1160783.mp3,Asian_Palm_Swift,60.0,63.0
xc_downloads/Asian_Palm_Swift/xc_1160783.mp3,Asian_Palm_Swift,63.0,66.0
xc_downloads/Asian_Palm_Swift/xc_1160783.mp3,Asian_Palm_Swift,66.0,69.0
xc_downloads/Asian_Palm_Swift/xc_1160783.mp3,Asian_Palm_Swift,69.0,72.0
xc_downloads/Asian_Palm_Swift/xc_1160783.mp3,Asian_Palm_Swift,72.0,75.0
xc_downloads/Asian_Palm_Swift/xc_1160783.mp3,Asian_Palm_Swift,75.0,78.0
xc_downloads/Asian_Palm_Swift/xc_1160783.mp3,Asian_Palm_Swift,78.0,81.0
xc_downloads/Asian_Palm_Swift/xc_1160783.mp3,Asian_Palm_Swift,81.0,84.0
xc_downloads/Asian_Palm_Swift/xc_1160783.mp3,Asian_Palm_Swift,84.0,87.0
xc_downloads/Asian_Palm_Swift/xc_1160783.mp3,Asian_Palm_Swift,87.0,90.0
xc_downloads/Asian_Palm_Swift/xc_1160783.mp3,Asian_Palm_Swift,90.0,93.0
xc_downloads/Asian_Palm_Swift/xc_1160783.mp3,Asian_Palm_Swift,93.0,96.0
xc_downloads/Asian_Palm_Swift/xc_1160783.mp3,Asian_Palm_Swift,96.0,99.0
xc_downloads/Asian_Palm_Swift/xc_1160783.mp3,Asian_Palm_Swift,99.0,102.0
xc_downloads/Asian_Palm_Swift/xc_1160783.mp3,Asian_Palm_Swift,102.0,105.0
xc_downloads/Asian_Palm_Swift/xc_1160783.mp3,Asian_Palm_Swift,105.0,108.0
xc_downloads/Asian_Palm_Swift/xc_1160783.mp3,Asian_Palm_Swift,108.0,111.0
xc_downloads/Asian_Palm_Swift/xc_1160783.mp3,Asian_Palm_Swift,111.0,114.0
xc_downloads/Asian_Palm_Swift/xc_1160783.mp3,Asian_Palm_Swift,114.0,117.0
xc_downloads/Asian_Palm_Swift/xc_711877.mp3,Asian_Palm_Swift,0,3.0
xc_downloads/Asian_Palm_Swift/xc_711877.mp3,Asian_Palm_Swift,3.0,6.0
xc_downloads/Asian_Palm_Swift/xc_711877.mp3,Asian_Palm_Swift,6.0,9.0
xc_downloads/Asian_Palm_Swift/xc_1160532.mp3,Asian_Palm_Swift,0,3.0
xc_downloads/Asian_Palm_Swift/xc_1160532.mp3,Asian_Palm_Swift,3.0,6.0
xc_downloads/Asian_Palm_Swift/xc_286657.mp3,Asian_Palm_Swift,0,3.0
xc_downloads/Asian_Palm_Swift/xc_286657.mp3,Asian_Palm_Swift,3.0,6.0
xc_downloads/Asian_Palm_Swift/xc_286657.mp3,Asian_Palm_Swift,6.0,9.0
xc_downloads/Asian_Palm_Swift/xc_286657.mp3,Asian_Palm_Swift,9.0,12.0
xc_downloads/Asian_Palm_Swift/xc_286657.mp3,Asian_Palm_Swift,12.0,15.0
xc_downloads/Asian_Palm_Swift/xc_286657.mp3,Asian_Palm_Swift,15.0,18.0
xc_downloads/Asian_Palm_Swift/xc_796289.mp3,Asian_Palm_Swift,0,3.0
xc_downloads/Asian_Palm_Swift/xc_796289.mp3,Asian_Palm_Swift,3.0,6.0
xc_downloads/Asian_Palm_Swift/xc_796289.mp3,Asian_Palm_Swift,6.0,9.0
xc_downloads/Asian_Palm_Swift/xc_796289.mp3,Asian_Palm_Swift,9.0,12.0
xc_downloads/Asian_Palm_Swift/xc_1159785.mp3,Asian_Palm_Swift,0,3.0
xc_downloads/Asian_Palm_Swift/xc_1159785.mp3,Asian_Palm_Swift,3.0,6.0
xc_downloads/Asian_Palm_Swift/xc_1159785.mp3,Asian_Palm_Swift,6.0,9.0
xc_downloads/Asian_Palm_Swift/xc_1159785.mp3,Asian_Palm_Swift,9.0,12.0
xc_downloads/Asian_Palm_Swift/xc_283409.mp3,Asian_Palm_Swift,0,3.0
xc_downloads/Asian_Palm_Swift/xc_283409.mp3,Asian_Palm_Swift,3.0,6.0
xc_downloads/Asian_Palm_Swift/xc_283409.mp3,Asian_Palm_Swift,6.0,9.0
xc_downloads/Asian_Palm_Swift/xc_283409.mp3,Asian_Palm_Swift,9.0,12.0
xc_downloads/Asian_Palm_Swift/xc_283409.mp3,Asian_Palm_Swift,12.0,15.0
xc_downloads/Asian_Palm_Swift/xc_283409.mp3,Asian_Palm_Swift,15.0,18.0
xc_downloads/Asian_Palm_Swift/xc_741598.mp3,Asian_Palm_Swift,0,3.0
xc_downloads/Asian_Palm_Swift/xc_741598.mp3,Asian_Palm_Swift,3.0,6.0
xc_downloads/Asian_Palm_Swift/xc_741598.mp3,Asian_Palm_Swift,6.0,9.0
xc_downloads/Asian_Palm_Swift/xc_741598.mp3,Asian_Palm_Swift,9.0,12.0
xc_downloads/Asian_Palm_Swift/xc_741598.mp3,Asian_Palm_Swift,12.0,15.0
xc_downloads/Asian_Palm_Swift/xc_741598.mp3,Asian_Palm_Swift,15.0,18.0
xc_downloads/Asian_Palm_Swift/xc_741598.mp3,Asian_Palm_Swift,18.0,21.0
xc_downloads/Asian_Palm_Swift/xc_741598.mp3,Asian_Palm_Swift,21.0,24.0
xc_downloads/Asian_Palm_Swift/xc_741598.mp3,Asian_Palm_Swift,24.0,27.0
xc_downloads/Asian_Palm_Swift/xc_741598.mp3,Asian_Palm_Swift,27.0,30.0
xc_downloads/Asian_Palm_Swift/xc_741598.mp3,Asian_Palm_Swift,30.0,33.0
xc_downloads/Asian_Palm_Swift/xc_741598.mp3,Asian_Palm_Swift,33.0,36.0
xc_downloads/Asian_Palm_Swift/xc_741598.mp3,Asian_Palm_Swift,36.0,39.0
xc_downloads/Asian_Palm_Swift/xc_741598.mp3,Asian_Palm_Swift,39.0,42.0
xc_downloads/Asian_Palm_Swift/xc_741598.mp3,Asian_Palm_Swift,42.0,45.0
xc_downloads/Asian_Palm_Swift/xc_741598.mp3,Asian_Palm_Swift,45.0,48.0
xc_downloads/Asian_Palm_Swift/xc_741598.mp3,Asian_Palm_Swift,48.0,51.0
xc_downloads/Asian_Palm_Swift/xc_741598.mp3,Asian_Palm_Swift,51.0,54.0
xc_downloads/Asian_Palm_Swift/xc_741598.mp3,Asian_Palm_Swift,54.0,57.0
xc_downloads/Asian_Palm_Swift/xc_741598.mp3,Asian_Palm_Swift,57.0,60.0
xc_downloads/Asian_Palm_Swift/xc_741598.mp3,Asian_Palm_Swift,60.0,63.0
xc_downloads/Asian_Palm_Swift/xc_741598.mp3,Asian_Palm_Swift,63.0,66.0
xc_downloads/Asian_Palm_Swift/xc_99923.mp3,Asian_Palm_Swift,0,3.0
xc_downloads/Asian_Palm_Swift/xc_1160533.mp3,Asian_Palm_Swift,0,3.0
xc_downloads/Asian_Palm_Swift/xc_1160533.mp3,Asian_Palm_Swift,3.0,6.0
xc_downloads/Asian_Palm_Swift/xc_1160533.mp3,Asian_Palm_Swift,6.0,9.0
xc_downloads/Asian_Palm_Swift/xc_1160786.mp3,Asian_Palm_Swift,0,3.0
xc_downloads/Asian_Palm_Swift/xc_1160786.mp3,Asian_Palm_Swift,3.0,6.0
xc_downloads/Asian_Palm_Swift/xc_1160786.mp3,Asian_Palm_Swift,6.0,9.0
xc_downloads/Asian_Palm_Swift/xc_1160786.mp3,Asian_Palm_Swift,9.0,12.0
xc_downloads/Asian_Palm_Swift/xc_1160786.mp3,Asian_Palm_Swift,12.0,15.0
xc_downloads/Asian_Palm_Swift/xc_1160786.mp3,Asian_Palm_Swift,15.0,18.0
xc_downloads/Asian_Palm_Swift/xc_1160786.mp3,Asian_Palm_Swift,18.0,21.0
xc_downloads/Asian_Palm_Swift/xc_1160786.mp3,Asian_Palm_Swift,21.0,24.0
xc_downloads/Asian_Palm_Swift/xc_1160786.mp3,Asian_Palm_Swift,24.0,27.0
xc_downloads/Asian_Palm_Swift/xc_1160786.mp3,Asian_Palm_Swift,27.0,30.0
xc_downloads/Asian_Palm_Swift/xc_1159786.mp3,Asian_Palm_Swift,0,3.0
xc_downloads/Asian_Palm_Swift/xc_1159786.mp3,Asian_Palm_Swift,3.0,6.0
xc_downloads/Asian_Palm_Swift/xc_1159786.mp3,Asian_Palm_Swift,6.0,9.0
xc_downloads/Asian_Palm_Swift/xc_1159786.mp3,Asian_Palm_Swift,9.0,12.0
xc_downloads/Asian_Palm_Swift/xc_1159786.mp3,Asian_Palm_Swift,12.0,15.0
xc_downloads/Asian_Palm_Swift/xc_1159786.mp3,Asian_Palm_Swift,15.0,18.0
xc_downloads/Asian_Palm_Swift/xc_425063.mp3,Asian_Palm_Swift,0,3.0
xc_downloads/Asian_Palm_Swift/xc_425063.mp3,Asian_Palm_Swift,3.0,6.0
xc_downloads/Asian_Palm_Swift/xc_425063.mp3,Asian_Palm_Swift,6.0,9.0
xc_downloads/Asian_Palm_Swift/xc_425063.mp3,Asian_Palm_Swift,9.0,12.0
xc_downloads/Asian_Palm_Swift/xc_425063.mp3,Asian_Palm_Swift,12.0,15.0
xc_downloads/Asian_Palm_Swift/xc_425063.mp3,Asian_Palm_Swift,15.0,18.0
xc_downloads/Asian_Palm_Swift/xc_425063.mp3,Asian_Palm_Swift,18.0,21.0
xc_downloads/Asian_Palm_Swift/xc_425063.mp3,Asian_Palm_Swift,21.0,24.0
xc_downloads/Asian_Palm_Swift/xc_116348.mp3,Asian_Palm_Swift,0,3.0
xc_downloads/Asian_Palm_Swift/xc_116348.mp3,Asian_Palm_Swift,3.0,6.0
xc_downloads/Asian_Palm_Swift/xc_1160971.mp3,Asian_Palm_Swift,0,3.0
xc_downloads/Asian_Palm_Swift/xc_1160971.mp3,Asian_Palm_Swift,3.0,6.0
xc_downloads/Asian_Palm_Swift/xc_1160971.mp3,Asian_Palm_Swift,6.0,9.0
xc_downloads/Asian_Palm_Swift/xc_578477.mp3,Asian_Palm_Swift,0,3.0
xc_downloads/Asian_Palm_Swift/xc_578477.mp3,Asian_Palm_Swift,3.0,6.0
xc_downloads/Asian_Palm_Swift/xc_578477.mp3,Asian_Palm_Swift,6.0,9.0
xc_downloads/Asian_Palm_Swift/xc_578477.mp3,Asian_Palm_Swift,9.0,12.0
xc_downloads/Asian_Palm_Swift/xc_578477.mp3,Asian_Palm_Swift,12.0,15.0
xc_downloads/Asian_Palm_Swift/xc_578477.mp3,Asian_Palm_Swift,15.0,18.0
xc_downloads/Asian_Palm_Swift/xc_578477.mp3,Asian_Palm_Swift,18.0,21.0
xc_downloads/Asian_Palm_Swift/xc_578477.mp3,Asian_Palm_Swift,21.0,24.0
xc_downloads/Asian_Palm_Swift/xc_578477.mp3,Asian_Palm_Swift,24.0,27.0
xc_downloads/Asian_Palm_Swift/xc_578477.mp3,Asian_Palm_Swift,27.0,30.0
xc_downloads/Asian_Palm_Swift/xc_578477.mp3,Asian_Palm_Swift,30.0,33.0
xc_downloads/Asian_Palm_Swift/xc_578477.mp3,Asian_Palm_Swift,33.0,36.0
xc_downloads/Asian_Palm_Swift/xc_578477.mp3,Asian_Palm_Swift,36.0,39.0
xc_downloads/Asian_Palm_Swift/xc_578477.mp3,Asian_Palm_Swift,39.0,42.0
xc_downloads/Asian_Palm_Swift/xc_635742.mp3,Asian_Palm_Swift,0,3.0
xc_downloads/Asian_Palm_Swift/xc_635742.mp3,Asian_Palm_Swift,3.0,6.0
xc_downloads/Asian_Palm_Swift/xc_635742.mp3,Asian_Palm_Swift,6.0,9.0
xc_downloads/Asian_Palm_Swift/xc_635742.mp3,Asian_Palm_Swift,9.0,12.0
xc_downloads/Asian_Palm_Swift/xc_635742.mp3,Asian_Palm_Swift,12.0,15.0
xc_downloads/Asian_Palm_Swift/xc_635742.mp3,Asian_Palm_Swift,15.0,18.0
xc_downloads/Asian_Palm_Swift/xc_635742.mp3,Asian_Palm_Swift,18.0,21.0
xc_downloads/Asian_Palm_Swift/xc_635742.mp3,Asian_Palm_Swift,21.0,24.0
xc_downloads/Asian_Palm_Swift/xc_578478.mp3,Asian_Palm_Swift,0,3.0
xc_downloads/Asian_Palm_Swift/xc_578478.mp3,Asian_Palm_Swift,3.0,6.0
xc_downloads/Asian_Palm_Swift/xc_578478.mp3,Asian_Palm_Swift,6.0,9.0
xc_downloads/Asian_Palm_Swift/xc_578478.mp3,Asian_Palm_Swift,9.0,12.0
xc_downloads/Asian_Palm_Swift/xc_578478.mp3,Asian_Palm_Swift,12.0,15.0
xc_downloads/Asian_Palm_Swift/xc_578478.mp3,Asian_Palm_Swift,15.0,18.0
xc_downloads/Asian_Palm_Swift/xc_578478.mp3,Asian_Palm_Swift,18.0,21.0
xc_downloads/Asian_Palm_Swift/xc_578478.mp3,Asian_Palm_Swift,21.0,24.0
xc_downloads/Asian_Palm_Swift/xc_578478.mp3,Asian_Palm_Swift,24.0,27.0
xc_downloads/Asian_Palm_Swift/xc_578478.mp3,Asian_Palm_Swift,27.0,30.0
xc_downloads/Asian_Palm_Swift/xc_578478.mp3,Asian_Palm_Swift,30.0,33.0
xc_downloads/Asian_Palm_Swift/xc_578478.mp3,Asian_Palm_Swift,33.0,36.0
xc_downloads/Asian_Palm_Swift/xc_578478.mp3,Asian_Palm_Swift,36.0,39.0
xc_downloads/Asian_Palm_Swift/xc_578478.mp3,Asian_Palm_Swift,39.0,42.0
xc_downloads/Asian_Palm_Swift/xc_578478.mp3,Asian_Palm_Swift,42.0,45.0
xc_downloads/Asian_Palm_Swift/xc_578478.mp3,Asian_Palm_Swift,45.0,48.0
xc_downloads/Asian_Palm_Swift/xc_578478.mp3,Asian_Palm_Swift,48.0,51.0
xc_downloads/Asian_Palm_Swift/xc_578478.mp3,Asian_Palm_Swift,51.0,54.0
xc_downloads/Asian_Palm_Swift/xc_578478.mp3,Asian_Palm_Swift,54.0,57.0
xc_downloads/Asian_Palm_Swift/xc_578478.mp3,Asian_Palm_Swift,57.0,60.0
xc_downloads/Asian_Palm_Swift/xc_578478.mp3,Asian_Palm_Swift,60.0,63.0
xc_downloads/Asian_Palm_Swift/xc_578478.mp3,Asian_Palm_Swift,63.0,66.0
xc_downloads/Asian_Palm_Swift/xc_578478.mp3,Asian_Palm_Swift,66.0,69.0
xc_downloads/Asian_Palm_Swift/xc_578478.mp3,Asian_Palm_Swift,69.0,72.0
xc_downloads/Asian_Palm_Swift/xc_578478.mp3,Asian_Palm_Swift,72.0,75.0
xc_downloads/Asian_Palm_Swift/xc_578478.mp3,Asian_Palm_Swift,75.0,78.0
xc_downloads/Asian_Palm_Swift/xc_578478.mp3,Asian_Palm_Swift,78.0,81.0
xc_downloads/Asian_Palm_Swift/xc_578478.mp3,Asian_Palm_Swift,81.0,84.0
xc_downloads/Asian_Palm_Swift/xc_578478.mp3,Asian_Palm_Swift,84.0,87.0
xc_downloads/Asian_Palm_Swift/xc_578478.mp3,Asian_Palm_Swift,87.0,90.0
xc_downloads/Asian_Palm_Swift/xc_578478.mp3,Asian_Palm_Swift,90.0,93.0
xc_downloads/Asian_Palm_Swift/xc_578478.mp3,Asian_Palm_Swift,93.0,96.0
xc_downloads/Asian_Palm_Swift/xc_578478.mp3,Asian_Palm_Swift,96.0,99.0
xc_downloads/Asian_Palm_Swift/xc_578478.mp3,Asian_Palm_Swift,99.0,102.0
xc_downloads/Asian_Palm_Swift/xc_578478.mp3,Asian_Palm_Swift,102.0,105.0
xc_downloads/Asian_Palm_Swift/xc_578478.mp3,Asian_Palm_Swift,105.0,108.0
xc_downloads/Baikal_Bush_Warbler/xc_792570.mp3,Baikal_Bush_Warbler,0,3.0
xc_downloads/Baikal_Bush_Warbler/xc_792570.mp3,Baikal_Bush_Warbler,3.0,6.0
xc_downloads/Baikal_Bush_Warbler/xc_792570.mp3,Baikal_Bush_Warbler,6.0,9.0
xc_downloads/Baikal_Bush_Warbler/xc_792570.mp3,Baikal_Bush_Warbler,9.0,12.0
xc_downloads/Baikal_Bush_Warbler/xc_792570.mp3,Baikal_Bush_Warbler,12.0,15.0
xc_downloads/Baikal_Bush_Warbler/xc_792570.mp3,Baikal_Bush_Warbler,15.0,18.0
xc_downloads/Baikal_Bush_Warbler/xc_792570.mp3,Baikal_Bush_Warbler,18.0,21.0
xc_downloads/Baikal_Bush_Warbler/xc_791558.mp3,Baikal_Bush_Warbler,0,3.0
xc_downloads/Baikal_Bush_Warbler/xc_791558.mp3,Baikal_Bush_Warbler,3.0,6.0
xc_downloads/Baikal_Bush_Warbler/xc_658727.mp3,Baikal_Bush_Warbler,0,3.0
xc_downloads/Baikal_Bush_Warbler/xc_658727.mp3,Baikal_Bush_Warbler,3.0,6.0
xc_downloads/Baikal_Bush_Warbler/xc_292925.mp3,Baikal_Bush_Warbler,0,3.0
xc_downloads/Baikal_Bush_Warbler/xc_292925.mp3,Baikal_Bush_Warbler,3.0,6.0
xc_downloads/Baikal_Bush_Warbler/xc_292925.mp3,Baikal_Bush_Warbler,6.0,9.0
xc_downloads/Baikal_Bush_Warbler/xc_292925.mp3,Baikal_Bush_Warbler,9.0,12.0
xc_downloads/Baikal_Bush_Warbler/xc_292925.mp3,Baikal_Bush_Warbler,12.0,15.0
xc_downloads/Baikal_Bush_Warbler/xc_292925.mp3,Baikal_Bush_Warbler,15.0,18.0
xc_downloads/Baikal_Bush_Warbler/xc_292925.mp3,Baikal_Bush_Warbler,18.0,21.0
xc_downloads/Baikal_Bush_Warbler/xc_292925.mp3,Baikal_Bush_Warbler,21.0,24.0
xc_downloads/Baikal_Bush_Warbler/xc_292925.mp3,Baikal_Bush_Warbler,24.0,27.0
xc_downloads/Baikal_Bush_Warbler/xc_292925.mp3,Baikal_Bush_Warbler,27.0,30.0
xc_downloads/Baikal_Bush_Warbler/xc_292925.mp3,Baikal_Bush_Warbler,30.0,33.0
xc_downloads/Baikal_Bush_Warbler/xc_292925.mp3,Baikal_Bush_Warbler,33.0,36.0
xc_downloads/Baikal_Bush_Warbler/xc_792578.mp3,Baikal_Bush_Warbler,0,3.0
xc_downloads/Baikal_Bush_Warbler/xc_792578.mp3,Baikal_Bush_Warbler,3.0,6.0
xc_downloads/Baikal_Bush_Warbler/xc_792578.mp3,Baikal_Bush_Warbler,6.0,9.0
xc_downloads/Baikal_Bush_Warbler/xc_792578.mp3,Baikal_Bush_Warbler,9.0,12.0
xc_downloads/Baikal_Bush_Warbler/xc_792578.mp3,Baikal_Bush_Warbler,12.0,15.0
xc_downloads/Baikal_Bush_Warbler/xc_792578.mp3,Baikal_Bush_Warbler,15.0,18.0
xc_downloads/Baikal_Bush_Warbler/xc_792578.mp3,Baikal_Bush_Warbler,18.0,21.0
xc_downloads/Baikal_Bush_Warbler/xc_792578.mp3,Baikal_Bush_Warbler,21.0,24.0
xc_downloads/Baikal_Bush_Warbler/xc_792578.mp3,Baikal_Bush_Warbler,24.0,27.0
xc_downloads/Baikal_Bush_Warbler/xc_792578.mp3,Baikal_Bush_Warbler,27.0,30.0
xc_downloads/Baikal_Bush_Warbler/xc_792578.mp3,Baikal_Bush_Warbler,30.0,33.0
xc_downloads/Baikal_Bush_Warbler/xc_792578.mp3,Baikal_Bush_Warbler,33.0,36.0
xc_downloads/Baikal_Bush_Warbler/xc_792578.mp3,Baikal_Bush_Warbler,36.0,39.0
xc_downloads/Baikal_Bush_Warbler/xc_792578.mp3,Baikal_Bush_Warbler,39.0,42.0
xc_downloads/Baikal_Bush_Warbler/xc_792578.mp3,Baikal_Bush_Warbler,42.0,45.0
xc_downloads/Baikal_Bush_Warbler/xc_792578.mp3,Baikal_Bush_Warbler,45.0,48.0
xc_downloads/Baikal_Bush_Warbler/xc_792578.mp3,Baikal_Bush_Warbler,48.0,51.0
xc_downloads/Baikal_Bush_Warbler/xc_792578.mp3,Baikal_Bush_Warbler,51.0,54.0
xc_downloads/Baikal_Bush_Warbler/xc_792582.mp3,Baikal_Bush_Warbler,0,3.0
xc_downloads/Baikal_Bush_Warbler/xc_792582.mp3,Baikal_Bush_Warbler,3.0,6.0
xc_downloads/Baikal_Bush_Warbler/xc_792582.mp3,Baikal_Bush_Warbler,6.0,9.0
xc_downloads/Baikal_Bush_Warbler/xc_792582.mp3,Baikal_Bush_Warbler,9.0,12.0
xc_downloads/Baikal_Bush_Warbler/xc_792582.mp3,Baikal_Bush_Warbler,12.0,15.0
xc_downloads/Baikal_Bush_Warbler/xc_792582.mp3,Baikal_Bush_Warbler,15.0,18.0
xc_downloads/Baikal_Bush_Warbler/xc_792582.mp3,Baikal_Bush_Warbler,18.0,21.0
xc_downloads/Baikal_Bush_Warbler/xc_792582.mp3,Baikal_Bush_Warbler,21.0,24.0
xc_downloads/Baikal_Bush_Warbler/xc_792582.mp3,Baikal_Bush_Warbler,24.0,27.0
xc_downloads/Baikal_Bush_Warbler/xc_792582.mp3,Baikal_Bush_Warbler,27.0,30.0
xc_downloads/Baikal_Bush_Warbler/xc_791581.mp3,Baikal_Bush_Warbler,0,3.0
xc_downloads/Baikal_Bush_Warbler/xc_791581.mp3,Baikal_Bush_Warbler,3.0,6.0
xc_downloads/Baikal_Bush_Warbler/xc_791581.mp3,Baikal_Bush_Warbler,6.0,9.0
xc_downloads/Baikal_Bush_Warbler/xc_791581.mp3,Baikal_Bush_Warbler,9.0,12.0
xc_downloads/Baikal_Bush_Warbler/xc_791581.mp3,Baikal_Bush_Warbler,12.0,15.0
xc_downloads/Baikal_Bush_Warbler/xc_791581.mp3,Baikal_Bush_Warbler,15.0,18.0
xc_downloads/Baikal_Bush_Warbler/xc_791581.mp3,Baikal_Bush_Warbler,18.0,21.0
xc_downloads/Baikal_Bush_Warbler/xc_791581.mp3,Baikal_Bush_Warbler,21.0,24.0
xc_downloads/Baikal_Bush_Warbler/xc_791581.mp3,Baikal_Bush_Warbler,24.0,27.0
xc_downloads/Baikal_Bush_Warbler/xc_791581.mp3,Baikal_Bush_Warbler,27.0,30.0
xc_downloads/Baikal_Bush_Warbler/xc_791581.mp3,Baikal_Bush_Warbler,30.0,33.0
xc_downloads/Baikal_Bush_Warbler/xc_791581.mp3,Baikal_Bush_Warbler,33.0,36.0
xc_downloads/Baikal_Bush_Warbler/xc_791581.mp3,Baikal_Bush_Warbler,36.0,39.0
xc_downloads/Baikal_Bush_Warbler/xc_791581.mp3,Baikal_Bush_Warbler,39.0,42.0
xc_downloads/Baikal_Bush_Warbler/xc_791581.mp3,Baikal_Bush_Warbler,42.0,45.0
xc_downloads/Baikal_Bush_Warbler/xc_791581.mp3,Baikal_Bush_Warbler,45.0,48.0
xc_downloads/Baikal_Bush_Warbler/xc_791581.mp3,Baikal_Bush_Warbler,48.0,51.0
xc_downloads/Baikal_Bush_Warbler/xc_791581.mp3,Baikal_Bush_Warbler,51.0,54.0
xc_downloads/Baikal_Bush_Warbler/xc_791581.mp3,Baikal_Bush_Warbler,54.0,57.0
xc_downloads/Baikal_Bush_Warbler/xc_791581.mp3,Baikal_Bush_Warbler,57.0,60.0
xc_downloads/Baikal_Bush_Warbler/xc_791581.mp3,Baikal_Bush_Warbler,60.0,63.0
xc_downloads/Baikal_Bush_Warbler/xc_791581.mp3,Baikal_Bush_Warbler,63.0,66.0
xc_downloads/Baikal_Bush_Warbler/xc_791581.mp3,Baikal_Bush_Warbler,66.0,69.0
xc_downloads/Baikal_Bush_Warbler/xc_791581.mp3,Baikal_Bush_Warbler,69.0,72.0
xc_downloads/Baikal_Bush_Warbler/xc_791581.mp3,Baikal_Bush_Warbler,72.0,75.0
xc_downloads/Baikal_Bush_Warbler/xc_791581.mp3,Baikal_Bush_Warbler,75.0,78.0
xc_downloads/Baikal_Bush_Warbler/xc_791581.mp3,Baikal_Bush_Warbler,78.0,81.0
xc_downloads/Baikal_Bush_Warbler/xc_791581.mp3,Baikal_Bush_Warbler,81.0,84.0
xc_downloads/Baikal_Bush_Warbler/xc_791581.mp3,Baikal_Bush_Warbler,84.0,87.0
xc_downloads/Baikal_Bush_Warbler/xc_791581.mp3,Baikal_Bush_Warbler,87.0,90.0
xc_downloads/Baikal_Bush_Warbler/xc_646847.mp3,Baikal_Bush_Warbler,0,3.0
xc_downloads/Baikal_Bush_Warbler/xc_646847.mp3,Baikal_Bush_Warbler,3.0,6.0
xc_downloads/Baikal_Bush_Warbler/xc_646847.mp3,Baikal_Bush_Warbler,6.0,9.0
xc_downloads/Baikal_Bush_Warbler/xc_646847.mp3,Baikal_Bush_Warbler,9.0,12.0
xc_downloads/Baikal_Bush_Warbler/xc_646847.mp3,Baikal_Bush_Warbler,12.0,15.0
xc_downloads/Baikal_Bush_Warbler/xc_646847.mp3,Baikal_Bush_Warbler,15.0,18.0
xc_downloads/Baikal_Bush_Warbler/xc_646847.mp3,Baikal_Bush_Warbler,18.0,21.0
xc_downloads/Baikal_Bush_Warbler/xc_646847.mp3,Baikal_Bush_Warbler,21.0,24.0
xc_downloads/Baikal_Bush_Warbler/xc_646847.mp3,Baikal_Bush_Warbler,24.0,27.0
xc_downloads/Baikal_Bush_Warbler/xc_646847.mp3,Baikal_Bush_Warbler,27.0,30.0
xc_downloads/Baikal_Bush_Warbler/xc_646847.mp3,Baikal_Bush_Warbler,30.0,33.0
xc_downloads/Baikal_Bush_Warbler/xc_646847.mp3,Baikal_Bush_Warbler,33.0,36.0
xc_downloads/Baikal_Bush_Warbler/xc_646847.mp3,Baikal_Bush_Warbler,36.0,39.0
xc_downloads/Baikal_Bush_Warbler/xc_791575.mp3,Baikal_Bush_Warbler,0,3.0
xc_downloads/Baikal_Bush_Warbler/xc_791575.mp3,Baikal_Bush_Warbler,3.0,6.0
xc_downloads/Baikal_Bush_Warbler/xc_791575.mp3,Baikal_Bush_Warbler,6.0,9.0
xc_downloads/Baikal_Bush_Warbler/xc_791565.mp3,Baikal_Bush_Warbler,0,3.0
xc_downloads/Baikal_Bush_Warbler/xc_791629.mp3,Baikal_Bush_Warbler,0,3.0
xc_downloads/Baikal_Bush_Warbler/xc_791629.mp3,Baikal_Bush_Warbler,3.0,6.0
xc_downloads/Baikal_Bush_Warbler/xc_791629.mp3,Baikal_Bush_Warbler,6.0,9.0
xc_downloads/Baikal_Bush_Warbler/xc_791629.mp3,Baikal_Bush_Warbler,9.0,12.0
xc_downloads/Baikal_Bush_Warbler/xc_791629.mp3,Baikal_Bush_Warbler,12.0,15.0
xc_downloads/Baikal_Bush_Warbler/xc_791629.mp3,Baikal_Bush_Warbler,15.0,18.0
xc_downloads/Baikal_Bush_Warbler/xc_791629.mp3,Baikal_Bush_Warbler,18.0,21.0
xc_downloads/Baikal_Bush_Warbler/xc_791629.mp3,Baikal_Bush_Warbler,21.0,24.0
xc_downloads/Baikal_Bush_Warbler/xc_791629.mp3,Baikal_Bush_Warbler,24.0,27.0
xc_downloads/Baikal_Bush_Warbler/xc_791629.mp3,Baikal_Bush_Warbler,27.0,30.0
xc_downloads/Baikal_Bush_Warbler/xc_791629.mp3,Baikal_Bush_Warbler,30.0,33.0
xc_downloads/Baikal_Bush_Warbler/xc_791629.mp3,Baikal_Bush_Warbler,33.0,36.0
xc_downloads/Baikal_Bush_Warbler/xc_791629.mp3,Baikal_Bush_Warbler,36.0,39.0
xc_downloads/Baikal_Bush_Warbler/xc_792567.mp3,Baikal_Bush_Warbler,0,3.0
xc_downloads/Baikal_Bush_Warbler/xc_792567.mp3,Baikal_Bush_Warbler,3.0,6.0
xc_downloads/Baikal_Bush_Warbler/xc_792567.mp3,Baikal_Bush_Warbler,6.0,9.0
xc_downloads/Baikal_Bush_Warbler/xc_792567.mp3,Baikal_Bush_Warbler,9.0,12.0
xc_downloads/Baikal_Bush_Warbler/xc_792567.mp3,Baikal_Bush_Warbler,12.0,15.0
xc_downloads/Baikal_Bush_Warbler/xc_792567.mp3,Baikal_Bush_Warbler,15.0,18.0
xc_downloads/Baikal_Bush_Warbler/xc_792567.mp3,Baikal_Bush_Warbler,18.0,21.0
xc_downloads/Baikal_Bush_Warbler/xc_792567.mp3,Baikal_Bush_Warbler,21.0,24.0
xc_downloads/Baikal_Bush_Warbler/xc_792567.mp3,Baikal_Bush_Warbler,24.0,27.0
xc_downloads/Baikal_Bush_Warbler/xc_792567.mp3,Baikal_Bush_Warbler,27.0,30.0
xc_downloads/Baikal_Bush_Warbler/xc_792567.mp3,Baikal_Bush_Warbler,30.0,33.0
xc_downloads/Baikal_Bush_Warbler/xc_792567.mp3,Baikal_Bush_Warbler,33.0,36.0
xc_downloads/Baikal_Bush_Warbler/xc_792567.mp3,Baikal_Bush_Warbler,36.0,39.0
xc_downloads/Baikal_Bush_Warbler/xc_792567.mp3,Baikal_Bush_Warbler,39.0,42.0
xc_downloads/Baikal_Bush_Warbler/xc_646855.mp3,Baikal_Bush_Warbler,0,3.0
xc_downloads/Baikal_Bush_Warbler/xc_646855.mp3,Baikal_Bush_Warbler,3.0,6.0
xc_downloads/Baikal_Bush_Warbler/xc_646855.mp3,Baikal_Bush_Warbler,6.0,9.0
xc_downloads/Baikal_Bush_Warbler/xc_646855.mp3,Baikal_Bush_Warbler,9.0,12.0
xc_downloads/Baikal_Bush_Warbler/xc_646855.mp3,Baikal_Bush_Warbler,12.0,15.0
xc_downloads/Baikal_Bush_Warbler/xc_646855.mp3,Baikal_Bush_Warbler,15.0,18.0
xc_downloads/Baikal_Bush_Warbler/xc_792592.mp3,Baikal_Bush_Warbler,0,3.0
xc_downloads/Baikal_Bush_Warbler/xc_792592.mp3,Baikal_Bush_Warbler,3.0,6.0
xc_downloads/Baikal_Bush_Warbler/xc_792592.mp3,Baikal_Bush_Warbler,6.0,9.0
xc_downloads/Baikal_Bush_Warbler/xc_792592.mp3,Baikal_Bush_Warbler,9.0,12.0
xc_downloads/Baikal_Bush_Warbler/xc_792592.mp3,Baikal_Bush_Warbler,12.0,15.0
xc_downloads/Baikal_Bush_Warbler/xc_792592.mp3,Baikal_Bush_Warbler,15.0,18.0
xc_downloads/Baikal_Bush_Warbler/xc_792592.mp3,Baikal_Bush_Warbler,18.0,21.0
xc_downloads/Baikal_Bush_Warbler/xc_792592.mp3,Baikal_Bush_Warbler,21.0,24.0
xc_downloads/Baikal_Bush_Warbler/xc_792592.mp3,Baikal_Bush_Warbler,24.0,27.0
xc_downloads/Baikal_Bush_Warbler/xc_792568.mp3,Baikal_Bush_Warbler,0,3.0
xc_downloads/Baikal_Bush_Warbler/xc_792568.mp3,Baikal_Bush_Warbler,3.0,6.0
xc_downloads/Baikal_Bush_Warbler/xc_792568.mp3,Baikal_Bush_Warbler,6.0,9.0
xc_downloads/Baikal_Bush_Warbler/xc_792568.mp3,Baikal_Bush_Warbler,9.0,12.0
xc_downloads/Baikal_Bush_Warbler/xc_792568.mp3,Baikal_Bush_Warbler,12.0,15.0
xc_downloads/Baikal_Bush_Warbler/xc_792568.mp3,Baikal_Bush_Warbler,15.0,18.0
xc_downloads/Baikal_Bush_Warbler/xc_792568.mp3,Baikal_Bush_Warbler,18.0,21.0
xc_downloads/Baikal_Bush_Warbler/xc_792568.mp3,Baikal_Bush_Warbler,21.0,24.0
xc_downloads/Baikal_Bush_Warbler/xc_792568.mp3,Baikal_Bush_Warbler,24.0,27.0
xc_downloads/Baikal_Bush_Warbler/xc_792568.mp3,Baikal_Bush_Warbler,27.0,30.0
xc_downloads/Baikal_Bush_Warbler/xc_792568.mp3,Baikal_Bush_Warbler,30.0,33.0
xc_downloads/Baikal_Bush_Warbler/xc_792575.mp3,Baikal_Bush_Warbler,0,3.0
xc_downloads/Baikal_Bush_Warbler/xc_792575.mp3,Baikal_Bush_Warbler,3.0,6.0
xc_downloads/Baikal_Bush_Warbler/xc_792575.mp3,Baikal_Bush_Warbler,6.0,9.0
xc_downloads/Baikal_Bush_Warbler/xc_792575.mp3,Baikal_Bush_Warbler,9.0,12.0
xc_downloads/Baikal_Bush_Warbler/xc_792575.mp3,Baikal_Bush_Warbler,12.0,15.0
xc_downloads/Baikal_Bush_Warbler/xc_792589.mp3,Baikal_Bush_Warbler,0,3.0
xc_downloads/Baikal_Bush_Warbler/xc_792589.mp3,Baikal_Bush_Warbler,3.0,6.0
xc_downloads/Baikal_Bush_Warbler/xc_792589.mp3,Baikal_Bush_Warbler,6.0,9.0
xc_downloads/Baikal_Bush_Warbler/xc_792589.mp3,Baikal_Bush_Warbler,9.0,12.0
xc_downloads/Baikal_Bush_Warbler/xc_792589.mp3,Baikal_Bush_Warbler,12.0,15.0
xc_downloads/Baikal_Bush_Warbler/xc_792589.mp3,Baikal_Bush_Warbler,15.0,18.0
xc_downloads/Baikal_Bush_Warbler/xc_792589.mp3,Baikal_Bush_Warbler,18.0,21.0
xc_downloads/Baikal_Bush_Warbler/xc_792589.mp3,Baikal_Bush_Warbler,21.0,24.0
xc_downloads/Baikal_Bush_Warbler/xc_791554.mp3,Baikal_Bush_Warbler,0,3.0
xc_downloads/Baikal_Bush_Warbler/xc_646848.mp3,Baikal_Bush_Warbler,0,3.0
xc_downloads/Baikal_Bush_Warbler/xc_646848.mp3,Baikal_Bush_Warbler,3.0,6.0
xc_downloads/Baikal_Bush_Warbler/xc_646848.mp3,Baikal_Bush_Warbler,6.0,9.0
xc_downloads/Baikal_Bush_Warbler/xc_646848.mp3,Baikal_Bush_Warbler,9.0,12.0
xc_downloads/Baikal_Bush_Warbler/xc_646848.mp3,Baikal_Bush_Warbler,12.0,15.0
xc_downloads/Baikal_Bush_Warbler/xc_646848.mp3,Baikal_Bush_Warbler,15.0,18.0
xc_downloads/Baikal_Bush_Warbler/xc_646848.mp3,Baikal_Bush_Warbler,18.0,21.0
xc_downloads/Baikal_Bush_Warbler/xc_646848.mp3,Baikal_Bush_Warbler,21.0,24.0
xc_downloads/Baikal_Bush_Warbler/xc_646848.mp3,Baikal_Bush_Warbler,24.0,27.0
xc_downloads/Baikal_Bush_Warbler/xc_791604.mp3,Baikal_Bush_Warbler,0,3.0
xc_downloads/Baikal_Bush_Warbler/xc_791604.mp3,Baikal_Bush_Warbler,3.0,6.0
xc_downloads/Baikal_Bush_Warbler/xc_791604.mp3,Baikal_Bush_Warbler,6.0,9.0
xc_downloads/Baikal_Bush_Warbler/xc_791604.mp3,Baikal_Bush_Warbler,9.0,12.0
xc_downloads/Baikal_Bush_Warbler/xc_791604.mp3,Baikal_Bush_Warbler,12.0,15.0
xc_downloads/Baikal_Bush_Warbler/xc_791604.mp3,Baikal_Bush_Warbler,15.0,18.0
xc_downloads/Baikal_Bush_Warbler/xc_791604.mp3,Baikal_Bush_Warbler,18.0,21.0
xc_downloads/Baikal_Bush_Warbler/xc_791604.mp3,Baikal_Bush_Warbler,21.0,24.0
xc_downloads/Baikal_Bush_Warbler/xc_791604.mp3,Baikal_Bush_Warbler,24.0,27.0
xc_downloads/Baikal_Bush_Warbler/xc_791604.mp3,Baikal_Bush_Warbler,27.0,30.0
xc_downloads/Baikal_Bush_Warbler/xc_791604.mp3,Baikal_Bush_Warbler,30.0,33.0
xc_downloads/Baikal_Bush_Warbler/xc_791604.mp3,Baikal_Bush_Warbler,33.0,36.0
xc_downloads/Baikal_Bush_Warbler/xc_791604.mp3,Baikal_Bush_Warbler,36.0,39.0
xc_downloads/Baikal_Bush_Warbler/xc_791604.mp3,Baikal_Bush_Warbler,39.0,42.0
xc_downloads/Baikal_Bush_Warbler/xc_791604.mp3,Baikal_Bush_Warbler,42.0,45.0
xc_downloads/Baikal_Bush_Warbler/xc_791604.mp3,Baikal_Bush_Warbler,45.0,48.0
xc_downloads/Baikal_Bush_Warbler/xc_791604.mp3,Baikal_Bush_Warbler,48.0,51.0
xc_downloads/Baikal_Bush_Warbler/xc_791604.mp3,Baikal_Bush_Warbler,51.0,54.0
xc_downloads/Baikal_Bush_Warbler/xc_791604.mp3,Baikal_Bush_Warbler,54.0,57.0
xc_downloads/Baikal_Bush_Warbler/xc_791604.mp3,Baikal_Bush_Warbler,57.0,60.0
xc_downloads/Baikal_Bush_Warbler/xc_791604.mp3,Baikal_Bush_Warbler,60.0,63.0
xc_downloads/Baikal_Bush_Warbler/xc_791604.mp3,Baikal_Bush_Warbler,63.0,66.0
xc_downloads/Baikal_Bush_Warbler/xc_791604.mp3,Baikal_Bush_Warbler,66.0,69.0
xc_downloads/Baikal_Bush_Warbler/xc_791604.mp3,Baikal_Bush_Warbler,69.0,72.0
xc_downloads/Baikal_Bush_Warbler/xc_791574.mp3,Baikal_Bush_Warbler,0,3.0
xc_downloads/Baikal_Bush_Warbler/xc_791574.mp3,Baikal_Bush_Warbler,3.0,6.0
xc_downloads/Baikal_Bush_Warbler/xc_791574.mp3,Baikal_Bush_Warbler,6.0,9.0
xc_downloads/Baikal_Bush_Warbler/xc_791574.mp3,Baikal_Bush_Warbler,9.0,12.0
xc_downloads/Baikal_Bush_Warbler/xc_791574.mp3,Baikal_Bush_Warbler,12.0,15.0
xc_downloads/Baikal_Bush_Warbler/xc_791574.mp3,Baikal_Bush_Warbler,15.0,18.0
xc_downloads/Baikal_Bush_Warbler/xc_791574.mp3,Baikal_Bush_Warbler,18.0,21.0
xc_downloads/Baikal_Bush_Warbler/xc_791574.mp3,Baikal_Bush_Warbler,21.0,24.0
xc_downloads/Baikal_Bush_Warbler/xc_791574.mp3,Baikal_Bush_Warbler,24.0,27.0
xc_downloads/Baikal_Bush_Warbler/xc_646853.mp3,Baikal_Bush_Warbler,0,3.0
xc_downloads/Baikal_Bush_Warbler/xc_646853.mp3,Baikal_Bush_Warbler,3.0,6.0
xc_downloads/Baikal_Bush_Warbler/xc_646853.mp3,Baikal_Bush_Warbler,6.0,9.0
xc_downloads/Baikal_Bush_Warbler/xc_646853.mp3,Baikal_Bush_Warbler,9.0,12.0
xc_downloads/Baikal_Bush_Warbler/xc_646853.mp3,Baikal_Bush_Warbler,12.0,15.0
xc_downloads/Baikal_Bush_Warbler/xc_646853.mp3,Baikal_Bush_Warbler,15.0,18.0
xc_downloads/Baikal_Bush_Warbler/xc_646853.mp3,Baikal_Bush_Warbler,18.0,21.0
xc_downloads/Baikal_Bush_Warbler/xc_646853.mp3,Baikal_Bush_Warbler,21.0,24.0
xc_downloads/Baikal_Bush_Warbler/xc_646853.mp3,Baikal_Bush_Warbler,24.0,27.0
xc_downloads/Baikal_Bush_Warbler/xc_646853.mp3,Baikal_Bush_Warbler,27.0,30.0
xc_downloads/Baikal_Bush_Warbler/xc_646853.mp3,Baikal_Bush_Warbler,30.0,33.0
xc_downloads/Baikal_Bush_Warbler/xc_646853.mp3,Baikal_Bush_Warbler,33.0,36.0
xc_downloads/Baikal_Bush_Warbler/xc_646853.mp3,Baikal_Bush_Warbler,36.0,39.0
xc_downloads/Baikal_Bush_Warbler/xc_646853.mp3,Baikal_Bush_Warbler,39.0,42.0
xc_downloads/Baikal_Bush_Warbler/xc_983522.mp3,Baikal_Bush_Warbler,0,3.0
xc_downloads/Baikal_Bush_Warbler/xc_983522.mp3,Baikal_Bush_Warbler,3.0,6.0
xc_downloads/Baikal_Bush_Warbler/xc_983522.mp3,Baikal_Bush_Warbler,6.0,9.0
xc_downloads/Baikal_Bush_Warbler/xc_983522.mp3,Baikal_Bush_Warbler,9.0,12.0
xc_downloads/Baikal_Bush_Warbler/xc_983522.mp3,Baikal_Bush_Warbler,12.0,15.0
xc_downloads/Baikal_Bush_Warbler/xc_983522.mp3,Baikal_Bush_Warbler,15.0,18.0
xc_downloads/Baikal_Bush_Warbler/xc_983522.mp3,Baikal_Bush_Warbler,18.0,21.0
xc_downloads/Baikal_Bush_Warbler/xc_791593.mp3,Baikal_Bush_Warbler,0,3.0
xc_downloads/Baikal_Bush_Warbler/xc_791593.mp3,Baikal_Bush_Warbler,3.0,6.0
xc_downloads/Baikal_Bush_Warbler/xc_791593.mp3,Baikal_Bush_Warbler,6.0,9.0
xc_downloads/Baikal_Bush_Warbler/xc_791593.mp3,Baikal_Bush_Warbler,9.0,12.0
xc_downloads/Baikal_Bush_Warbler/xc_791593.mp3,Baikal_Bush_Warbler,12.0,15.0
xc_downloads/Baikal_Bush_Warbler/xc_791593.mp3,Baikal_Bush_Warbler,15.0,18.0
xc_downloads/Baikal_Bush_Warbler/xc_791593.mp3,Baikal_Bush_Warbler,18.0,21.0
xc_downloads/Baikal_Bush_Warbler/xc_791593.mp3,Baikal_Bush_Warbler,21.0,24.0
xc_downloads/Baikal_Bush_Warbler/xc_791593.mp3,Baikal_Bush_Warbler,24.0,27.0
xc_downloads/Baikal_Bush_Warbler/xc_791593.mp3,Baikal_Bush_Warbler,27.0,30.0
xc_downloads/Baikal_Bush_Warbler/xc_791561.mp3,Baikal_Bush_Warbler,0,3.0
xc_downloads/Baikal_Bush_Warbler/xc_791561.mp3,Baikal_Bush_Warbler,3.0,6.0
xc_downloads/Baikal_Bush_Warbler/xc_791561.mp3,Baikal_Bush_Warbler,6.0,9.0
xc_downloads/Baikal_Bush_Warbler/xc_791561.mp3,Baikal_Bush_Warbler,9.0,12.0
xc_downloads/Baikal_Bush_Warbler/xc_791561.mp3,Baikal_Bush_Warbler,12.0,15.0
xc_downloads/Baikal_Bush_Warbler/xc_791561.mp3,Baikal_Bush_Warbler,15.0,18.0
xc_downloads/Baikal_Bush_Warbler/xc_791561.mp3,Baikal_Bush_Warbler,18.0,21.0
xc_downloads/Baikal_Bush_Warbler/xc_791561.mp3,Baikal_Bush_Warbler,21.0,24.0
xc_downloads/Baikal_Bush_Warbler/xc_298574.mp3,Baikal_Bush_Warbler,0,3.0
xc_downloads/Baikal_Bush_Warbler/xc_298574.mp3,Baikal_Bush_Warbler,3.0,6.0
xc_downloads/Baikal_Bush_Warbler/xc_298574.mp3,Baikal_Bush_Warbler,6.0,9.0
xc_downloads/Baikal_Bush_Warbler/xc_298574.mp3,Baikal_Bush_Warbler,9.0,12.0
xc_downloads/Baikal_Bush_Warbler/xc_298574.mp3,Baikal_Bush_Warbler,12.0,15.0
xc_downloads/Baikal_Bush_Warbler/xc_298574.mp3,Baikal_Bush_Warbler,15.0,18.0
xc_downloads/Baikal_Bush_Warbler/xc_791557.mp3,Baikal_Bush_Warbler,0,3.0
xc_downloads/Baikal_Bush_Warbler/xc_791557.mp3,Baikal_Bush_Warbler,3.0,6.0
xc_downloads/Baikal_Bush_Warbler/xc_791557.mp3,Baikal_Bush_Warbler,6.0,9.0
xc_downloads/Baikal_Bush_Warbler/xc_791557.mp3,Baikal_Bush_Warbler,9.0,12.0
xc_downloads/Baikal_Bush_Warbler/xc_791566.mp3,Baikal_Bush_Warbler,0,3.0
xc_downloads/Baikal_Bush_Warbler/xc_791566.mp3,Baikal_Bush_Warbler,3.0,6.0
xc_downloads/Baikal_Bush_Warbler/xc_791566.mp3,Baikal_Bush_Warbler,6.0,9.0
xc_downloads/Baikal_Bush_Warbler/xc_791566.mp3,Baikal_Bush_Warbler,9.0,12.0
xc_downloads/Baikal_Bush_Warbler/xc_791566.mp3,Baikal_Bush_Warbler,12.0,15.0
xc_downloads/Baikal_Bush_Warbler/xc_496393.mp3,Baikal_Bush_Warbler,0,3.0
xc_downloads/Baikal_Bush_Warbler/xc_496393.mp3,Baikal_Bush_Warbler,3.0,6.0
xc_downloads/Baikal_Bush_Warbler/xc_496393.mp3,Baikal_Bush_Warbler,6.0,9.0
xc_downloads/Baikal_Bush_Warbler/xc_496393.mp3,Baikal_Bush_Warbler,9.0,12.0
xc_downloads/Baikal_Bush_Warbler/xc_496393.mp3,Baikal_Bush_Warbler,12.0,15.0
xc_downloads/Baikal_Bush_Warbler/xc_496393.mp3,Baikal_Bush_Warbler,15.0,18.0
xc_downloads/Baikal_Bush_Warbler/xc_496393.mp3,Baikal_Bush_Warbler,18.0,21.0
xc_downloads/Baikal_Bush_Warbler/xc_496393.mp3,Baikal_Bush_Warbler,21.0,24.0
xc_downloads/Baikal_Bush_Warbler/xc_496393.mp3,Baikal_Bush_Warbler,24.0,27.0
xc_downloads/Baikal_Bush_Warbler/xc_496393.mp3,Baikal_Bush_Warbler,27.0,30.0
xc_downloads/Baikal_Bush_Warbler/xc_792571.mp3,Baikal_Bush_Warbler,0,3.0
xc_downloads/Baikal_Bush_Warbler/xc_792571.mp3,Baikal_Bush_Warbler,3.0,6.0
xc_downloads/Baikal_Bush_Warbler/xc_792571.mp3,Baikal_Bush_Warbler,6.0,9.0
xc_downloads/Baikal_Bush_Warbler/xc_791587.mp3,Baikal_Bush_Warbler,0,3.0
xc_downloads/Baikal_Bush_Warbler/xc_791587.mp3,Baikal_Bush_Warbler,3.0,6.0
xc_downloads/Baikal_Bush_Warbler/xc_791562.mp3,Baikal_Bush_Warbler,0,3.0
xc_downloads/Baikal_Bush_Warbler/xc_791562.mp3,Baikal_Bush_Warbler,3.0,6.0
xc_downloads/Baikal_Bush_Warbler/xc_791562.mp3,Baikal_Bush_Warbler,6.0,9.0
xc_downloads/Baikal_Bush_Warbler/xc_791562.mp3,Baikal_Bush_Warbler,9.0,12.0
xc_downloads/Baikal_Bush_Warbler/xc_791562.mp3,Baikal_Bush_Warbler,12.0,15.0
xc_downloads/Baikal_Bush_Warbler/xc_791562.mp3,Baikal_Bush_Warbler,15.0,18.0
xc_downloads/Baikal_Bush_Warbler/xc_791562.mp3,Baikal_Bush_Warbler,18.0,21.0
xc_downloads/Baikal_Bush_Warbler/xc_791562.mp3,Baikal_Bush_Warbler,21.0,24.0
xc_downloads/Baikal_Bush_Warbler/xc_791562.mp3,Baikal_Bush_Warbler,24.0,27.0
xc_downloads/Baikal_Bush_Warbler/xc_791562.mp3,Baikal_Bush_Warbler,27.0,30.0
xc_downloads/Baikal_Bush_Warbler/xc_791559.mp3,Baikal_Bush_Warbler,0,3.0
xc_downloads/Baikal_Bush_Warbler/xc_791556.mp3,Baikal_Bush_Warbler,0,3.0
xc_downloads/Baikal_Bush_Warbler/xc_791556.mp3,Baikal_Bush_Warbler,3.0,6.0
xc_downloads/Blue-winged_Leafbird/xc_684618.mp3,Blue-winged_Leafbird,0,3.0
xc_downloads/Blue-winged_Leafbird/xc_684618.mp3,Blue-winged_Leafbird,3.0,6.0
xc_downloads/Blue-winged_Leafbird/xc_684618.mp3,Blue-winged_Leafbird,6.0,9.0
xc_downloads/Blue-winged_Leafbird/xc_684618.mp3,Blue-winged_Leafbird,9.0,12.0
xc_downloads/Blue-winged_Leafbird/xc_684618.mp3,Blue-winged_Leafbird,12.0,15.0
xc_downloads/Blue-winged_Leafbird/xc_684618.mp3,Blue-winged_Leafbird,15.0,18.0
xc_downloads/Blue-winged_Leafbird/xc_684618.mp3,Blue-winged_Leafbird,18.0,21.0
xc_downloads/Blue-winged_Leafbird/xc_684618.mp3,Blue-winged_Leafbird,21.0,24.0
xc_downloads/Blue-winged_Leafbird/xc_684618.mp3,Blue-winged_Leafbird,24.0,27.0
xc_downloads/Blue-winged_Leafbird/xc_684618.mp3,Blue-winged_Leafbird,27.0,30.0
xc_downloads/Blue-winged_Leafbird/xc_940768.mp3,Blue-winged_Leafbird,0,3.0
xc_downloads/Blue-winged_Leafbird/xc_940768.mp3,Blue-winged_Leafbird,3.0,6.0
xc_downloads/Blue-winged_Leafbird/xc_940768.mp3,Blue-winged_Leafbird,6.0,9.0
xc_downloads/Blue-winged_Leafbird/xc_940768.mp3,Blue-winged_Leafbird,9.0,12.0
xc_downloads/Blue-winged_Leafbird/xc_1159926.mp3,Blue-winged_Leafbird,0,3.0
xc_downloads/Blue-winged_Leafbird/xc_1159926.mp3,Blue-winged_Leafbird,3.0,6.0
xc_downloads/Blue-winged_Leafbird/xc_1159926.mp3,Blue-winged_Leafbird,6.0,9.0
xc_downloads/Blue-winged_Leafbird/xc_1159926.mp3,Blue-winged_Leafbird,9.0,12.0
xc_downloads/Blue-winged_Leafbird/xc_1159926.mp3,Blue-winged_Leafbird,12.0,15.0
xc_downloads/Blue-winged_Leafbird/xc_1159926.mp3,Blue-winged_Leafbird,15.0,18.0
xc_downloads/Blue-winged_Leafbird/xc_1159926.mp3,Blue-winged_Leafbird,18.0,21.0
xc_downloads/Blue-winged_Leafbird/xc_1159926.mp3,Blue-winged_Leafbird,21.0,24.0
xc_downloads/Blue-winged_Leafbird/xc_1159926.mp3,Blue-winged_Leafbird,24.0,27.0
xc_downloads/Blue-winged_Leafbird/xc_1159926.mp3,Blue-winged_Leafbird,27.0,30.0
xc_downloads/Blue-winged_Leafbird/xc_1159926.mp3,Blue-winged_Leafbird,30.0,33.0
xc_downloads/Blue-winged_Leafbird/xc_1159926.mp3,Blue-winged_Leafbird,33.0,36.0
xc_downloads/Blue-winged_Leafbird/xc_1159926.mp3,Blue-winged_Leafbird,36.0,39.0
xc_downloads/Blue-winged_Leafbird/xc_1159926.mp3,Blue-winged_Leafbird,39.0,42.0
xc_downloads/Blue-winged_Leafbird/xc_1159926.mp3,Blue-winged_Leafbird,42.0,45.0
xc_downloads/Blue-winged_Leafbird/xc_1159926.mp3,Blue-winged_Leafbird,45.0,48.0
xc_downloads/Blue-winged_Leafbird/xc_1159926.mp3,Blue-winged_Leafbird,48.0,51.0
xc_downloads/Blue-winged_Leafbird/xc_1159926.mp3,Blue-winged_Leafbird,51.0,54.0
xc_downloads/Blue-winged_Leafbird/xc_1159926.mp3,Blue-winged_Leafbird,54.0,57.0
xc_downloads/Blue-winged_Leafbird/xc_1159926.mp3,Blue-winged_Leafbird,57.0,60.0
xc_downloads/Blue-winged_Leafbird/xc_1159926.mp3,Blue-winged_Leafbird,60.0,63.0
xc_downloads/Blue-winged_Leafbird/xc_1159926.mp3,Blue-winged_Leafbird,63.0,66.0
xc_downloads/Blue-winged_Leafbird/xc_1159926.mp3,Blue-winged_Leafbird,66.0,69.0
xc_downloads/Blue-winged_Leafbird/xc_1159926.mp3,Blue-winged_Leafbird,69.0,72.0
xc_downloads/Blue-winged_Leafbird/xc_1159926.mp3,Blue-winged_Leafbird,72.0,75.0
xc_downloads/Blue-winged_Leafbird/xc_1159926.mp3,Blue-winged_Leafbird,75.0,78.0
xc_downloads/Blue-winged_Leafbird/xc_1159926.mp3,Blue-winged_Leafbird,78.0,81.0
xc_downloads/Blue-winged_Leafbird/xc_1159926.mp3,Blue-winged_Leafbird,81.0,84.0
xc_downloads/Blue-winged_Leafbird/xc_1159926.mp3,Blue-winged_Leafbird,84.0,87.0
xc_downloads/Blue-winged_Leafbird/xc_1159926.mp3,Blue-winged_Leafbird,87.0,90.0
xc_downloads/Blue-winged_Leafbird/xc_1159926.mp3,Blue-winged_Leafbird,90.0,93.0
xc_downloads/Blue-winged_Leafbird/xc_1159926.mp3,Blue-winged_Leafbird,93.0,96.0
xc_downloads/Blue-winged_Leafbird/xc_1159926.mp3,Blue-winged_Leafbird,96.0,99.0
xc_downloads/Blue-winged_Leafbird/xc_1159926.mp3,Blue-winged_Leafbird,99.0,102.0
xc_downloads/Blue-winged_Leafbird/xc_1159926.mp3,Blue-winged_Leafbird,102.0,105.0
xc_downloads/Blue-winged_Leafbird/xc_1159926.mp3,Blue-winged_Leafbird,105.0,108.0
xc_downloads/Blue-winged_Leafbird/xc_1159926.mp3,Blue-winged_Leafbird,108.0,111.0
xc_downloads/Blue-winged_Leafbird/xc_1078206.mp3,Blue-winged_Leafbird,0,3.0
xc_downloads/Blue-winged_Leafbird/xc_1078206.mp3,Blue-winged_Leafbird,3.0,6.0
xc_downloads/Blue-winged_Leafbird/xc_1078206.mp3,Blue-winged_Leafbird,6.0,9.0
xc_downloads/Blue-winged_Leafbird/xc_1078206.mp3,Blue-winged_Leafbird,9.0,12.0
xc_downloads/Blue-winged_Leafbird/xc_453416.mp3,Blue-winged_Leafbird,0,3.0
xc_downloads/Blue-winged_Leafbird/xc_453416.mp3,Blue-winged_Leafbird,3.0,6.0
xc_downloads/Blue-winged_Leafbird/xc_453416.mp3,Blue-winged_Leafbird,6.0,9.0
xc_downloads/Blue-winged_Leafbird/xc_453416.mp3,Blue-winged_Leafbird,9.0,12.0
xc_downloads/Blue-winged_Leafbird/xc_453416.mp3,Blue-winged_Leafbird,12.0,15.0
xc_downloads/Blue-winged_Leafbird/xc_453416.mp3,Blue-winged_Leafbird,15.0,18.0
xc_downloads/Blue-winged_Leafbird/xc_453416.mp3,Blue-winged_Leafbird,18.0,21.0
xc_downloads/Blue-winged_Leafbird/xc_453416.mp3,Blue-winged_Leafbird,21.0,24.0
xc_downloads/Blue-winged_Leafbird/xc_453416.mp3,Blue-winged_Leafbird,24.0,27.0
xc_downloads/Blue-winged_Leafbird/xc_453416.mp3,Blue-winged_Leafbird,27.0,30.0
xc_downloads/Blue-winged_Leafbird/xc_453416.mp3,Blue-winged_Leafbird,30.0,33.0
xc_downloads/Blue-winged_Leafbird/xc_453416.mp3,Blue-winged_Leafbird,33.0,36.0
xc_downloads/Blue-winged_Leafbird/xc_453416.mp3,Blue-winged_Leafbird,36.0,39.0
xc_downloads/Blue-winged_Leafbird/xc_453416.mp3,Blue-winged_Leafbird,39.0,42.0
xc_downloads/Blue-winged_Leafbird/xc_453416.mp3,Blue-winged_Leafbird,42.0,45.0
xc_downloads/Blue-winged_Leafbird/xc_453416.mp3,Blue-winged_Leafbird,45.0,48.0
xc_downloads/Blue-winged_Leafbird/xc_1159924.mp3,Blue-winged_Leafbird,0,3.0
xc_downloads/Blue-winged_Leafbird/xc_1159924.mp3,Blue-winged_Leafbird,3.0,6.0
xc_downloads/Blue-winged_Leafbird/xc_1159924.mp3,Blue-winged_Leafbird,6.0,9.0
xc_downloads/Blue-winged_Leafbird/xc_1159924.mp3,Blue-winged_Leafbird,9.0,12.0
xc_downloads/Blue-winged_Leafbird/xc_1159924.mp3,Blue-winged_Leafbird,12.0,15.0
xc_downloads/Blue-winged_Leafbird/xc_1159924.mp3,Blue-winged_Leafbird,15.0,18.0
xc_downloads/Blue-winged_Leafbird/xc_1159924.mp3,Blue-winged_Leafbird,18.0,21.0
xc_downloads/Blue-winged_Leafbird/xc_1159924.mp3,Blue-winged_Leafbird,21.0,24.0
xc_downloads/Blue-winged_Leafbird/xc_1159924.mp3,Blue-winged_Leafbird,24.0,27.0
xc_downloads/Blue-winged_Leafbird/xc_1159924.mp3,Blue-winged_Leafbird,27.0,30.0
xc_downloads/Blue-winged_Leafbird/xc_1159924.mp3,Blue-winged_Leafbird,30.0,33.0
xc_downloads/Blue-winged_Leafbird/xc_1159924.mp3,Blue-winged_Leafbird,33.0,36.0
xc_downloads/Blue-winged_Leafbird/xc_1159924.mp3,Blue-winged_Leafbird,36.0,39.0
xc_downloads/Blue-winged_Leafbird/xc_1159924.mp3,Blue-winged_Leafbird,39.0,42.0
xc_downloads/Blue-winged_Leafbird/xc_1159924.mp3,Blue-winged_Leafbird,42.0,45.0
xc_downloads/Blue-winged_Leafbird/xc_1159924.mp3,Blue-winged_Leafbird,45.0,48.0
xc_downloads/Blue-winged_Leafbird/xc_1159924.mp3,Blue-winged_Leafbird,48.0,51.0
xc_downloads/Blue-winged_Leafbird/xc_1159924.mp3,Blue-winged_Leafbird,51.0,54.0
xc_downloads/Blue-winged_Leafbird/xc_1159924.mp3,Blue-winged_Leafbird,54.0,57.0
xc_downloads/Blue-winged_Leafbird/xc_1159924.mp3,Blue-winged_Leafbird,57.0,60.0
xc_downloads/Blue-winged_Leafbird/xc_1159924.mp3,Blue-winged_Leafbird,60.0,63.0
xc_downloads/Blue-winged_Leafbird/xc_1159924.mp3,Blue-winged_Leafbird,63.0,66.0
xc_downloads/Blue-winged_Leafbird/xc_1159924.mp3,Blue-winged_Leafbird,66.0,69.0
xc_downloads/Blue-winged_Leafbird/xc_1159924.mp3,Blue-winged_Leafbird,69.0,72.0
xc_downloads/Blue-winged_Leafbird/xc_1159924.mp3,Blue-winged_Leafbird,72.0,75.0
xc_downloads/Blue-winged_Leafbird/xc_1159924.mp3,Blue-winged_Leafbird,75.0,78.0
xc_downloads/Blue-winged_Leafbird/xc_1159924.mp3,Blue-winged_Leafbird,78.0,81.0
xc_downloads/Blue-winged_Leafbird/xc_1159924.mp3,Blue-winged_Leafbird,81.0,84.0
xc_downloads/Blue-winged_Leafbird/xc_1159924.mp3,Blue-winged_Leafbird,84.0,87.0
xc_downloads/Blue-winged_Leafbird/xc_1159924.mp3,Blue-winged_Leafbird,87.0,90.0
xc_downloads/Blue-winged_Leafbird/xc_1159924.mp3,Blue-winged_Leafbird,90.0,93.0
xc_downloads/Blue-winged_Leafbird/xc_1159924.mp3,Blue-winged_Leafbird,93.0,96.0
xc_downloads/Blue-winged_Leafbird/xc_1159924.mp3,Blue-winged_Leafbird,96.0,99.0
xc_downloads/Blue-winged_Leafbird/xc_1159924.mp3,Blue-winged_Leafbird,99.0,102.0
xc_downloads/Blue-winged_Leafbird/xc_1159924.mp3,Blue-winged_Leafbird,102.0,105.0
xc_downloads/Blue-winged_Leafbird/xc_1159924.mp3,Blue-winged_Leafbird,105.0,108.0
xc_downloads/Blue-winged_Leafbird/xc_1159924.mp3,Blue-winged_Leafbird,108.0,111.0
xc_downloads/Blue-winged_Leafbird/xc_1159924.mp3,Blue-winged_Leafbird,111.0,114.0
xc_downloads/Blue-winged_Leafbird/xc_1159924.mp3,Blue-winged_Leafbird,114.0,117.0
xc_downloads/Blue-winged_Leafbird/xc_1159924.mp3,Blue-winged_Leafbird,117.0,120.0
xc_downloads/Blue-winged_Leafbird/xc_1159924.mp3,Blue-winged_Leafbird,120.0,123.0
xc_downloads/Blue-winged_Leafbird/xc_1159924.mp3,Blue-winged_Leafbird,123.0,126.0
xc_downloads/Blue-winged_Leafbird/xc_1159924.mp3,Blue-winged_Leafbird,126.0,129.0
xc_downloads/Blue-winged_Leafbird/xc_1159924.mp3,Blue-winged_Leafbird,129.0,132.0
xc_downloads/Blue-winged_Leafbird/xc_1159924.mp3,Blue-winged_Leafbird,132.0,135.0
xc_downloads/Blue-winged_Leafbird/xc_1159924.mp3,Blue-winged_Leafbird,135.0,138.0
xc_downloads/Blue-winged_Leafbird/xc_1159925.mp3,Blue-winged_Leafbird,0,3.0
xc_downloads/Blue-winged_Leafbird/xc_1159925.mp3,Blue-winged_Leafbird,3.0,6.0
xc_downloads/Blue-winged_Leafbird/xc_1159925.mp3,Blue-winged_Leafbird,6.0,9.0
xc_downloads/Blue-winged_Leafbird/xc_1159925.mp3,Blue-winged_Leafbird,9.0,12.0
xc_downloads/Blue-winged_Leafbird/xc_1159925.mp3,Blue-winged_Leafbird,12.0,15.0
xc_downloads/Blue-winged_Leafbird/xc_1159925.mp3,Blue-winged_Leafbird,15.0,18.0
xc_downloads/Blue-winged_Leafbird/xc_1159925.mp3,Blue-winged_Leafbird,18.0,21.0
xc_downloads/Blue-winged_Leafbird/xc_1159925.mp3,Blue-winged_Leafbird,21.0,24.0
xc_downloads/Blue-winged_Leafbird/xc_1159925.mp3,Blue-winged_Leafbird,24.0,27.0
xc_downloads/Blue-winged_Leafbird/xc_1159925.mp3,Blue-winged_Leafbird,27.0,30.0
xc_downloads/Blue-winged_Leafbird/xc_1159925.mp3,Blue-winged_Leafbird,30.0,33.0
xc_downloads/Blue-winged_Leafbird/xc_1159925.mp3,Blue-winged_Leafbird,33.0,36.0
xc_downloads/Blue-winged_Leafbird/xc_1159925.mp3,Blue-winged_Leafbird,36.0,39.0
xc_downloads/Blue-winged_Leafbird/xc_1159925.mp3,Blue-winged_Leafbird,39.0,42.0
xc_downloads/Blue-winged_Leafbird/xc_1159925.mp3,Blue-winged_Leafbird,42.0,45.0
xc_downloads/Blue-winged_Leafbird/xc_1159925.mp3,Blue-winged_Leafbird,45.0,48.0
xc_downloads/Blue-winged_Leafbird/xc_1159925.mp3,Blue-winged_Leafbird,48.0,51.0
xc_downloads/Blue-winged_Leafbird/xc_1159925.mp3,Blue-winged_Leafbird,51.0,54.0
xc_downloads/Blue-winged_Leafbird/xc_1159925.mp3,Blue-winged_Leafbird,54.0,57.0
xc_downloads/Blue-winged_Leafbird/xc_1159925.mp3,Blue-winged_Leafbird,57.0,60.0
xc_downloads/Blue-winged_Leafbird/xc_1159925.mp3,Blue-winged_Leafbird,60.0,63.0
xc_downloads/Blue-winged_Leafbird/xc_1159925.mp3,Blue-winged_Leafbird,63.0,66.0
xc_downloads/Blue-winged_Leafbird/xc_1159925.mp3,Blue-winged_Leafbird,66.0,69.0
xc_downloads/Blue-winged_Leafbird/xc_1159925.mp3,Blue-winged_Leafbird,69.0,72.0
xc_downloads/Blue-winged_Leafbird/xc_1159925.mp3,Blue-winged_Leafbird,72.0,75.0
xc_downloads/Blue-winged_Leafbird/xc_1159925.mp3,Blue-winged_Leafbird,75.0,78.0
xc_downloads/Blue-winged_Leafbird/xc_1159925.mp3,Blue-winged_Leafbird,78.0,81.0
xc_downloads/Blue-winged_Leafbird/xc_1159925.mp3,Blue-winged_Leafbird,81.0,84.0
xc_downloads/Blue-winged_Leafbird/xc_1159925.mp3,Blue-winged_Leafbird,84.0,87.0
xc_downloads/Blue-winged_Leafbird/xc_1159925.mp3,Blue-winged_Leafbird,87.0,90.0
xc_downloads/Blue-winged_Leafbird/xc_1159925.mp3,Blue-winged_Leafbird,90.0,93.0
xc_downloads/Blue-winged_Leafbird/xc_1159925.mp3,Blue-winged_Leafbird,93.0,96.0
xc_downloads/Blue-winged_Leafbird/xc_1159925.mp3,Blue-winged_Leafbird,96.0,99.0
xc_downloads/Blue-winged_Leafbird/xc_1159925.mp3,Blue-winged_Leafbird,99.0,102.0
xc_downloads/Blue-winged_Leafbird/xc_1159925.mp3,Blue-winged_Leafbird,102.0,105.0
xc_downloads/Blue-winged_Leafbird/xc_1159925.mp3,Blue-winged_Leafbird,105.0,108.0
xc_downloads/Blue-winged_Leafbird/xc_1159925.mp3,Blue-winged_Leafbird,108.0,111.0
xc_downloads/Blue-winged_Leafbird/xc_1159925.mp3,Blue-winged_Leafbird,111.0,114.0
xc_downloads/Cachar_Bulbul/xc_746517.mp3,Cachar_Bulbul,0,3.0
xc_downloads/Cachar_Bulbul/xc_746517.mp3,Cachar_Bulbul,3.0,6.0
xc_downloads/Cachar_Bulbul/xc_746517.mp3,Cachar_Bulbul,6.0,9.0
xc_downloads/Cachar_Bulbul/xc_746517.mp3,Cachar_Bulbul,9.0,12.0
xc_downloads/Cachar_Bulbul/xc_746517.mp3,Cachar_Bulbul,12.0,15.0
xc_downloads/Cachar_Bulbul/xc_746517.mp3,Cachar_Bulbul,15.0,18.0
xc_downloads/Cachar_Bulbul/xc_746517.mp3,Cachar_Bulbul,18.0,21.0
xc_downloads/Cachar_Bulbul/xc_746517.mp3,Cachar_Bulbul,21.0,24.0
xc_downloads/Cachar_Bulbul/xc_746517.mp3,Cachar_Bulbul,24.0,27.0
xc_downloads/Cachar_Bulbul/xc_746517.mp3,Cachar_Bulbul,27.0,30.0
xc_downloads/Cachar_Bulbul/xc_746517.mp3,Cachar_Bulbul,30.0,33.0
xc_downloads/Cachar_Bulbul/xc_746517.mp3,Cachar_Bulbul,33.0,36.0
xc_downloads/Cachar_Bulbul/xc_746517.mp3,Cachar_Bulbul,36.0,39.0
xc_downloads/Cachar_Bulbul/xc_746517.mp3,Cachar_Bulbul,39.0,42.0
xc_downloads/Cachar_Bulbul/xc_746517.mp3,Cachar_Bulbul,42.0,45.0
xc_downloads/Cachar_Bulbul/xc_284511.mp3,Cachar_Bulbul,0,3.0
xc_downloads/Cachar_Bulbul/xc_284511.mp3,Cachar_Bulbul,3.0,6.0
xc_downloads/Cachar_Bulbul/xc_284511.mp3,Cachar_Bulbul,6.0,9.0
xc_downloads/Cachar_Bulbul/xc_284511.mp3,Cachar_Bulbul,9.0,12.0
xc_downloads/Cachar_Bulbul/xc_284511.mp3,Cachar_Bulbul,12.0,15.0
xc_downloads/Cachar_Bulbul/xc_284511.mp3,Cachar_Bulbul,15.0,18.0
xc_downloads/Cachar_Bulbul/xc_284511.mp3,Cachar_Bulbul,18.0,21.0
xc_downloads/Cachar_Bulbul/xc_679901.mp3,Cachar_Bulbul,0,3.0
xc_downloads/Cachar_Bulbul/xc_679901.mp3,Cachar_Bulbul,3.0,6.0
xc_downloads/Cachar_Bulbul/xc_679901.mp3,Cachar_Bulbul,6.0,9.0
xc_downloads/Cachar_Bulbul/xc_679901.mp3,Cachar_Bulbul,9.0,12.0
xc_downloads/Cachar_Bulbul/xc_679901.mp3,Cachar_Bulbul,12.0,15.0
xc_downloads/Cachar_Bulbul/xc_679901.mp3,Cachar_Bulbul,15.0,18.0
xc_downloads/Cachar_Bulbul/xc_679901.mp3,Cachar_Bulbul,18.0,21.0
xc_downloads/Cachar_Bulbul/xc_679901.mp3,Cachar_Bulbul,21.0,24.0
xc_downloads/Cachar_Bulbul/xc_679901.mp3,Cachar_Bulbul,24.0,27.0
xc_downloads/Cachar_Bulbul/xc_679901.mp3,Cachar_Bulbul,27.0,30.0
xc_downloads/Cachar_Bulbul/xc_679901.mp3,Cachar_Bulbul,30.0,33.0
xc_downloads/Cachar_Bulbul/xc_679901.mp3,Cachar_Bulbul,33.0,36.0
xc_downloads/Cachar_Bulbul/xc_679901.mp3,Cachar_Bulbul,36.0,39.0
xc_downloads/Cachar_Bulbul/xc_336907.mp3,Cachar_Bulbul,0,3.0
xc_downloads/Cachar_Bulbul/xc_336907.mp3,Cachar_Bulbul,3.0,6.0
xc_downloads/Cachar_Bulbul/xc_336907.mp3,Cachar_Bulbul,6.0,9.0
xc_downloads/Cachar_Bulbul/xc_336907.mp3,Cachar_Bulbul,9.0,12.0
xc_downloads/Cachar_Bulbul/xc_336907.mp3,Cachar_Bulbul,12.0,15.0
xc_downloads/Cachar_Bulbul/xc_336907.mp3,Cachar_Bulbul,15.0,18.0
xc_downloads/Cachar_Bulbul/xc_336907.mp3,Cachar_Bulbul,18.0,21.0
xc_downloads/Cachar_Bulbul/xc_336907.mp3,Cachar_Bulbul,21.0,24.0
xc_downloads/Cachar_Bulbul/xc_336907.mp3,Cachar_Bulbul,24.0,27.0
xc_downloads/Cachar_Bulbul/xc_336907.mp3,Cachar_Bulbul,27.0,30.0
xc_downloads/Cachar_Bulbul/xc_336907.mp3,Cachar_Bulbul,30.0,33.0
xc_downloads/Cachar_Bulbul/xc_336907.mp3,Cachar_Bulbul,33.0,36.0
xc_downloads/Cachar_Bulbul/xc_746516.mp3,Cachar_Bulbul,0,3.0
xc_downloads/Cachar_Bulbul/xc_746516.mp3,Cachar_Bulbul,3.0,6.0
xc_downloads/Cachar_Bulbul/xc_746516.mp3,Cachar_Bulbul,6.0,9.0
xc_downloads/Cachar_Bulbul/xc_746516.mp3,Cachar_Bulbul,9.0,12.0
xc_downloads/Cachar_Bulbul/xc_746516.mp3,Cachar_Bulbul,12.0,15.0
xc_downloads/Cachar_Bulbul/xc_746516.mp3,Cachar_Bulbul,15.0,18.0
xc_downloads/Cachar_Bulbul/xc_746516.mp3,Cachar_Bulbul,18.0,21.0
xc_downloads/Cachar_Bulbul/xc_746516.mp3,Cachar_Bulbul,21.0,24.0
xc_downloads/Cachar_Bulbul/xc_746516.mp3,Cachar_Bulbul,24.0,27.0
xc_downloads/Cachar_Bulbul/xc_746516.mp3,Cachar_Bulbul,27.0,30.0
xc_downloads/Cachar_Bulbul/xc_746516.mp3,Cachar_Bulbul,30.0,33.0
xc_downloads/Cachar_Bulbul/xc_746516.mp3,Cachar_Bulbul,33.0,36.0
xc_downloads/Cachar_Bulbul/xc_746516.mp3,Cachar_Bulbul,36.0,39.0
xc_downloads/Cachar_Bulbul/xc_746516.mp3,Cachar_Bulbul,39.0,42.0
xc_downloads/Cachar_Bulbul/xc_746516.mp3,Cachar_Bulbul,42.0,45.0
xc_downloads/Cachar_Bulbul/xc_746516.mp3,Cachar_Bulbul,45.0,48.0
xc_downloads/Cachar_Bulbul/xc_456575.mp3,Cachar_Bulbul,0,3.0
xc_downloads/Cachar_Bulbul/xc_456575.mp3,Cachar_Bulbul,3.0,6.0
xc_downloads/Cachar_Bulbul/xc_456574.mp3,Cachar_Bulbul,0,3.0
xc_downloads/Cachar_Bulbul/xc_456574.mp3,Cachar_Bulbul,3.0,6.0
xc_downloads/Cachar_Bulbul/xc_456574.mp3,Cachar_Bulbul,6.0,9.0
xc_downloads/Cachar_Bulbul/xc_456574.mp3,Cachar_Bulbul,9.0,12.0
xc_downloads/Cachar_Bulbul/xc_456574.mp3,Cachar_Bulbul,12.0,15.0
xc_downloads/Cachar_Bulbul/xc_456574.mp3,Cachar_Bulbul,15.0,18.0
xc_downloads/Cachar_Bulbul/xc_456574.mp3,Cachar_Bulbul,18.0,21.0
xc_downloads/Cachar_Bulbul/xc_336908.mp3,Cachar_Bulbul,0,3.0
xc_downloads/Cachar_Bulbul/xc_336908.mp3,Cachar_Bulbul,3.0,6.0
xc_downloads/Cachar_Bulbul/xc_336908.mp3,Cachar_Bulbul,6.0,9.0
xc_downloads/Cachar_Bulbul/xc_336908.mp3,Cachar_Bulbul,9.0,12.0
xc_downloads/Cachar_Bulbul/xc_336908.mp3,Cachar_Bulbul,12.0,15.0
xc_downloads/Cachar_Bulbul/xc_336908.mp3,Cachar_Bulbul,15.0,18.0
xc_downloads/Cachar_Bulbul/xc_336908.mp3,Cachar_Bulbul,18.0,21.0
xc_downloads/Cachar_Bulbul/xc_336908.mp3,Cachar_Bulbul,21.0,24.0
xc_downloads/Cachar_Bulbul/xc_336908.mp3,Cachar_Bulbul,24.0,27.0
xc_downloads/Cachar_Bulbul/xc_336908.mp3,Cachar_Bulbul,27.0,30.0
xc_downloads/Cachar_Bulbul/xc_336908.mp3,Cachar_Bulbul,30.0,33.0
xc_downloads/Cachar_Bulbul/xc_336908.mp3,Cachar_Bulbul,33.0,36.0
xc_downloads/Cachar_Bulbul/xc_336908.mp3,Cachar_Bulbul,36.0,39.0
xc_downloads/Cachar_Bulbul/xc_336908.mp3,Cachar_Bulbul,39.0,42.0
xc_downloads/Cachar_Bulbul/xc_336908.mp3,Cachar_Bulbul,42.0,45.0
xc_downloads/Cachar_Bulbul/xc_336908.mp3,Cachar_Bulbul,45.0,48.0
xc_downloads/Cachar_Bulbul/xc_336908.mp3,Cachar_Bulbul,48.0,51.0
xc_downloads/Cachar_Bulbul/xc_336908.mp3,Cachar_Bulbul,51.0,54.0
xc_downloads/Cachar_Bulbul/xc_336908.mp3,Cachar_Bulbul,54.0,57.0
xc_downloads/Cachar_Bulbul/xc_336908.mp3,Cachar_Bulbul,57.0,60.0
xc_downloads/Cachar_Bulbul/xc_336908.mp3,Cachar_Bulbul,60.0,63.0
xc_downloads/Cachar_Bulbul/xc_336908.mp3,Cachar_Bulbul,63.0,66.0
xc_downloads/Cachar_Bulbul/xc_336908.mp3,Cachar_Bulbul,66.0,69.0
xc_downloads/Cachar_Bulbul/xc_336908.mp3,Cachar_Bulbul,69.0,72.0
xc_downloads/Cachar_Bulbul/xc_336908.mp3,Cachar_Bulbul,72.0,75.0
xc_downloads/Cachar_Bulbul/xc_336908.mp3,Cachar_Bulbul,75.0,78.0
xc_downloads/Cachar_Bulbul/xc_336908.mp3,Cachar_Bulbul,78.0,81.0
xc_downloads/Cachar_Bulbul/xc_336908.mp3,Cachar_Bulbul,81.0,84.0
xc_downloads/Cachar_Bulbul/xc_336908.mp3,Cachar_Bulbul,84.0,87.0
xc_downloads/Cachar_Bulbul/xc_312422.mp3,Cachar_Bulbul,0,3.0
xc_downloads/Cachar_Bulbul/xc_312422.mp3,Cachar_Bulbul,3.0,6.0
xc_downloads/Cachar_Bulbul/xc_312422.mp3,Cachar_Bulbul,6.0,9.0
xc_downloads/Cachar_Bulbul/xc_312422.mp3,Cachar_Bulbul,9.0,12.0
xc_downloads/Cachar_Bulbul/xc_336904.mp3,Cachar_Bulbul,0,3.0
xc_downloads/Cachar_Bulbul/xc_336904.mp3,Cachar_Bulbul,3.0,6.0
xc_downloads/Cachar_Bulbul/xc_336904.mp3,Cachar_Bulbul,6.0,9.0
xc_downloads/Cachar_Bulbul/xc_336904.mp3,Cachar_Bulbul,9.0,12.0
xc_downloads/Cachar_Bulbul/xc_336904.mp3,Cachar_Bulbul,12.0,15.0
xc_downloads/Cachar_Bulbul/xc_336904.mp3,Cachar_Bulbul,15.0,18.0
xc_downloads/Cachar_Bulbul/xc_336904.mp3,Cachar_Bulbul,18.0,21.0
xc_downloads/Cachar_Bulbul/xc_336904.mp3,Cachar_Bulbul,21.0,24.0
xc_downloads/Cachar_Bulbul/xc_336904.mp3,Cachar_Bulbul,24.0,27.0
xc_downloads/Cachar_Bulbul/xc_336904.mp3,Cachar_Bulbul,27.0,30.0
xc_downloads/Cachar_Bulbul/xc_336904.mp3,Cachar_Bulbul,30.0,33.0
xc_downloads/Cachar_Bulbul/xc_336904.mp3,Cachar_Bulbul,33.0,36.0
xc_downloads/Cachar_Bulbul/xc_1159877.mp3,Cachar_Bulbul,0,3.0
xc_downloads/Cachar_Bulbul/xc_1159877.mp3,Cachar_Bulbul,3.0,6.0
xc_downloads/Cachar_Bulbul/xc_1159877.mp3,Cachar_Bulbul,6.0,9.0
xc_downloads/Cachar_Bulbul/xc_1159877.mp3,Cachar_Bulbul,9.0,12.0
xc_downloads/Cachar_Bulbul/xc_1159877.mp3,Cachar_Bulbul,12.0,15.0
xc_downloads/Cachar_Bulbul/xc_1159877.mp3,Cachar_Bulbul,15.0,18.0
xc_downloads/Cachar_Bulbul/xc_1159877.mp3,Cachar_Bulbul,18.0,21.0
xc_downloads/Cachar_Bulbul/xc_1159877.mp3,Cachar_Bulbul,21.0,24.0
xc_downloads/Cachar_Bulbul/xc_1159877.mp3,Cachar_Bulbul,24.0,27.0
xc_downloads/Cachar_Bulbul/xc_1159877.mp3,Cachar_Bulbul,27.0,30.0
xc_downloads/Cachar_Bulbul/xc_1159877.mp3,Cachar_Bulbul,30.0,33.0
xc_downloads/Cachar_Bulbul/xc_1159877.mp3,Cachar_Bulbul,33.0,36.0
xc_downloads/Cachar_Bulbul/xc_1159877.mp3,Cachar_Bulbul,36.0,39.0
xc_downloads/Cachar_Bulbul/xc_1159877.mp3,Cachar_Bulbul,39.0,42.0
xc_downloads/Cachar_Bulbul/xc_484587.mp3,Cachar_Bulbul,0,3.0
xc_downloads/Cachar_Bulbul/xc_484587.mp3,Cachar_Bulbul,3.0,6.0
xc_downloads/Cachar_Bulbul/xc_484587.mp3,Cachar_Bulbul,6.0,9.0
xc_downloads/Cachar_Bulbul/xc_336906.mp3,Cachar_Bulbul,0,3.0
xc_downloads/Cachar_Bulbul/xc_336906.mp3,Cachar_Bulbul,3.0,6.0
xc_downloads/Cachar_Bulbul/xc_336906.mp3,Cachar_Bulbul,6.0,9.0
xc_downloads/Cachar_Bulbul/xc_336906.mp3,Cachar_Bulbul,9.0,12.0
xc_downloads/Cachar_Bulbul/xc_336906.mp3,Cachar_Bulbul,12.0,15.0
xc_downloads/Cachar_Bulbul/xc_336906.mp3,Cachar_Bulbul,15.0,18.0
xc_downloads/Cachar_Bulbul/xc_336906.mp3,Cachar_Bulbul,18.0,21.0
xc_downloads/Cachar_Bulbul/xc_336906.mp3,Cachar_Bulbul,21.0,24.0
xc_downloads/Cachar_Bulbul/xc_336906.mp3,Cachar_Bulbul,24.0,27.0
xc_downloads/Cachar_Bulbul/xc_336906.mp3,Cachar_Bulbul,27.0,30.0
xc_downloads/Cachar_Bulbul/xc_336906.mp3,Cachar_Bulbul,30.0,33.0
xc_downloads/Cachar_Bulbul/xc_336906.mp3,Cachar_Bulbul,33.0,36.0
xc_downloads/Cachar_Bulbul/xc_336906.mp3,Cachar_Bulbul,36.0,39.0
xc_downloads/Cachar_Bulbul/xc_336906.mp3,Cachar_Bulbul,39.0,42.0
xc_downloads/Cachar_Bulbul/xc_336906.mp3,Cachar_Bulbul,42.0,45.0
xc_downloads/Cachar_Bulbul/xc_336906.mp3,Cachar_Bulbul,45.0,48.0
xc_downloads/Cachar_Bulbul/xc_336906.mp3,Cachar_Bulbul,48.0,51.0
xc_downloads/Cachar_Bulbul/xc_336906.mp3,Cachar_Bulbul,51.0,54.0
xc_downloads/Cachar_Bulbul/xc_336906.mp3,Cachar_Bulbul,54.0,57.0
xc_downloads/Cachar_Bulbul/xc_1159876.mp3,Cachar_Bulbul,0,3.0
xc_downloads/Cachar_Bulbul/xc_1159876.mp3,Cachar_Bulbul,3.0,6.0
xc_downloads/Cachar_Bulbul/xc_1159876.mp3,Cachar_Bulbul,6.0,9.0
xc_downloads/Cachar_Bulbul/xc_1159876.mp3,Cachar_Bulbul,9.0,12.0
xc_downloads/Cachar_Bulbul/xc_1159876.mp3,Cachar_Bulbul,12.0,15.0
xc_downloads/Cachar_Bulbul/xc_1159876.mp3,Cachar_Bulbul,15.0,18.0
xc_downloads/Cachar_Bulbul/xc_1159876.mp3,Cachar_Bulbul,18.0,21.0
xc_downloads/Cachar_Bulbul/xc_1159876.mp3,Cachar_Bulbul,21.0,24.0
xc_downloads/Cachar_Bulbul/xc_1159876.mp3,Cachar_Bulbul,24.0,27.0
xc_downloads/Cachar_Bulbul/xc_1159876.mp3,Cachar_Bulbul,27.0,30.0
xc_downloads/Cachar_Bulbul/xc_1159876.mp3,Cachar_Bulbul,30.0,33.0
xc_downloads/Cachar_Bulbul/xc_1159876.mp3,Cachar_Bulbul,33.0,36.0
xc_downloads/Cachar_Bulbul/xc_1159876.mp3,Cachar_Bulbul,36.0,39.0
xc_downloads/Cachar_Bulbul/xc_1159878.mp3,Cachar_Bulbul,0,3.0
xc_downloads/Cachar_Bulbul/xc_1159878.mp3,Cachar_Bulbul,3.0,6.0
xc_downloads/Cachar_Bulbul/xc_1159878.mp3,Cachar_Bulbul,6.0,9.0
xc_downloads/Cachar_Bulbul/xc_1159878.mp3,Cachar_Bulbul,9.0,12.0
xc_downloads/Cachar_Bulbul/xc_1159878.mp3,Cachar_Bulbul,12.0,15.0
xc_downloads/Cachar_Bulbul/xc_1159878.mp3,Cachar_Bulbul,15.0,18.0
xc_downloads/Cachar_Bulbul/xc_1159878.mp3,Cachar_Bulbul,18.0,21.0
xc_downloads/Cachar_Bulbul/xc_1159878.mp3,Cachar_Bulbul,21.0,24.0
xc_downloads/Cachar_Bulbul/xc_1159878.mp3,Cachar_Bulbul,24.0,27.0
xc_downloads/Cachar_Bulbul/xc_1159878.mp3,Cachar_Bulbul,27.0,30.0
xc_downloads/Cinnamon_Bittern/xc_313198.mp3,Cinnamon_Bittern,0,3.0
xc_downloads/Cinnamon_Bittern/xc_662517.mp3,Cinnamon_Bittern,0,3.0
xc_downloads/Cinnamon_Bittern/xc_662517.mp3,Cinnamon_Bittern,3.0,6.0
xc_downloads/Cinnamon_Bittern/xc_662517.mp3,Cinnamon_Bittern,6.0,9.0
xc_downloads/Cinnamon_Bittern/xc_708956.mp3,Cinnamon_Bittern,0,3.0
xc_downloads/Cinnamon_Bittern/xc_708956.mp3,Cinnamon_Bittern,3.0,6.0
xc_downloads/Cinnamon_Bittern/xc_708956.mp3,Cinnamon_Bittern,6.0,9.0
xc_downloads/Cinnamon_Bittern/xc_708956.mp3,Cinnamon_Bittern,9.0,12.0
xc_downloads/Cinnamon_Bittern/xc_708956.mp3,Cinnamon_Bittern,12.0,15.0
xc_downloads/Cinnamon_Bittern/xc_708956.mp3,Cinnamon_Bittern,15.0,18.0
xc_downloads/Cinnamon_Bittern/xc_708956.mp3,Cinnamon_Bittern,18.0,21.0
xc_downloads/Cinnamon_Bittern/xc_708956.mp3,Cinnamon_Bittern,21.0,24.0
xc_downloads/Cinnamon_Bittern/xc_708956.mp3,Cinnamon_Bittern,24.0,27.0
xc_downloads/Cinnamon_Bittern/xc_708956.mp3,Cinnamon_Bittern,27.0,30.0
xc_downloads/Cinnamon_Bittern/xc_708956.mp3,Cinnamon_Bittern,30.0,33.0
xc_downloads/Cinnamon_Bittern/xc_708956.mp3,Cinnamon_Bittern,33.0,36.0
xc_downloads/Cinnamon_Bittern/xc_708956.mp3,Cinnamon_Bittern,36.0,39.0
xc_downloads/Cinnamon_Bittern/xc_635723.mp3,Cinnamon_Bittern,0,3.0
xc_downloads/Cinnamon_Bittern/xc_635723.mp3,Cinnamon_Bittern,3.0,6.0
xc_downloads/Cinnamon_Bittern/xc_635723.mp3,Cinnamon_Bittern,6.0,9.0
xc_downloads/Grey-throated_Martin/xc_35507.mp3,Grey-throated_Martin,0,3.0
xc_downloads/Grey-throated_Martin/xc_35507.mp3,Grey-throated_Martin,3.0,6.0
xc_downloads/Grey-throated_Martin/xc_35507.mp3,Grey-throated_Martin,6.0,9.0
xc_downloads/Grey-throated_Martin/xc_426882.mp3,Grey-throated_Martin,0,3.0
xc_downloads/Grey-throated_Martin/xc_426882.mp3,Grey-throated_Martin,3.0,6.0
xc_downloads/Grey-throated_Martin/xc_138731.mp3,Grey-throated_Martin,0,3.0
xc_downloads/Grey-throated_Martin/xc_138731.mp3,Grey-throated_Martin,3.0,6.0
xc_downloads/Grey-throated_Martin/xc_138731.mp3,Grey-throated_Martin,6.0,9.0
xc_downloads/Grey-throated_Martin/xc_138731.mp3,Grey-throated_Martin,9.0,12.0
xc_downloads/Grey-throated_Martin/xc_138731.mp3,Grey-throated_Martin,12.0,15.0
xc_downloads/Grey-throated_Martin/xc_138731.mp3,Grey-throated_Martin,15.0,18.0
xc_downloads/Grey-throated_Martin/xc_138731.mp3,Grey-throated_Martin,18.0,21.0
xc_downloads/Grey-throated_Martin/xc_291924.mp3,Grey-throated_Martin,0,3.0
xc_downloads/Grey-throated_Martin/xc_291924.mp3,Grey-throated_Martin,3.0,6.0
xc_downloads/Grey-throated_Martin/xc_291924.mp3,Grey-throated_Martin,6.0,9.0
xc_downloads/Grey-throated_Martin/xc_882259.mp3,Grey-throated_Martin,0,3.0
xc_downloads/Grey-throated_Martin/xc_882259.mp3,Grey-throated_Martin,3.0,6.0
xc_downloads/Grey-throated_Martin/xc_882259.mp3,Grey-throated_Martin,6.0,9.0
xc_downloads/Grey-throated_Martin/xc_882259.mp3,Grey-throated_Martin,9.0,12.0
xc_downloads/Grey-throated_Martin/xc_882259.mp3,Grey-throated_Martin,12.0,15.0
xc_downloads/Grey-throated_Martin/xc_882259.mp3,Grey-throated_Martin,15.0,18.0
xc_downloads/Grey-throated_Martin/xc_882259.mp3,Grey-throated_Martin,18.0,21.0
xc_downloads/Grey-throated_Martin/xc_1030856.mp3,Grey-throated_Martin,0,3.0
xc_downloads/Grey-throated_Martin/xc_1030856.mp3,Grey-throated_Martin,3.0,6.0
xc_downloads/Grey-throated_Martin/xc_1030856.mp3,Grey-throated_Martin,6.0,9.0
xc_downloads/Grey-throated_Martin/xc_1030856.mp3,Grey-throated_Martin,9.0,12.0
xc_downloads/Grey-throated_Martin/xc_1030856.mp3,Grey-throated_Martin,12.0,15.0
xc_downloads/Grey-throated_Martin/xc_1030856.mp3,Grey-throated_Martin,15.0,18.0
xc_downloads/Grey-throated_Martin/xc_1030856.mp3,Grey-throated_Martin,18.0,21.0
xc_downloads/Grey-throated_Martin/xc_1030856.mp3,Grey-throated_Martin,21.0,24.0
xc_downloads/Grey-throated_Martin/xc_1030856.mp3,Grey-throated_Martin,24.0,27.0
xc_downloads/Grey-throated_Martin/xc_845231.mp3,Grey-throated_Martin,0,3.0
xc_downloads/Grey-throated_Martin/xc_845231.mp3,Grey-throated_Martin,3.0,6.0
xc_downloads/Grey-throated_Martin/xc_845231.mp3,Grey-throated_Martin,6.0,9.0
xc_downloads/Grey-throated_Martin/xc_845231.mp3,Grey-throated_Martin,9.0,12.0
xc_downloads/Grey-throated_Martin/xc_845231.mp3,Grey-throated_Martin,12.0,15.0
xc_downloads/Grey-throated_Martin/xc_845231.mp3,Grey-throated_Martin,15.0,18.0
xc_downloads/Grey-throated_Martin/xc_845231.mp3,Grey-throated_Martin,18.0,21.0
xc_downloads/Grey-throated_Martin/xc_845231.mp3,Grey-throated_Martin,21.0,24.0
xc_downloads/Grey-throated_Martin/xc_845231.mp3,Grey-throated_Martin,24.0,27.0
xc_downloads/Grey-throated_Martin/xc_845231.mp3,Grey-throated_Martin,27.0,30.0
xc_downloads/Grey-throated_Martin/xc_116646.mp3,Grey-throated_Martin,0,3.0
xc_downloads/Grey-throated_Martin/xc_116646.mp3,Grey-throated_Martin,3.0,6.0
xc_downloads/Grey-throated_Martin/xc_721548.mp3,Grey-throated_Martin,0,3.0
xc_downloads/Grey-throated_Martin/xc_721548.mp3,Grey-throated_Martin,3.0,6.0
xc_downloads/Grey-throated_Martin/xc_721548.mp3,Grey-throated_Martin,6.0,9.0
xc_downloads/Grey-throated_Martin/xc_721548.mp3,Grey-throated_Martin,9.0,12.0
xc_downloads/Grey-throated_Martin/xc_686124.mp3,Grey-throated_Martin,0,3.0
xc_downloads/Grey-throated_Martin/xc_1030855.mp3,Grey-throated_Martin,0,3.0
xc_downloads/Grey-throated_Martin/xc_1030855.mp3,Grey-throated_Martin,3.0,6.0
xc_downloads/Grey-throated_Martin/xc_1030855.mp3,Grey-throated_Martin,6.0,9.0
xc_downloads/Grey-throated_Martin/xc_1030855.mp3,Grey-throated_Martin,9.0,12.0
xc_downloads/Grey-throated_Martin/xc_1030855.mp3,Grey-throated_Martin,12.0,15.0
xc_downloads/Grey-throated_Martin/xc_1030855.mp3,Grey-throated_Martin,15.0,18.0
xc_downloads/Grey-throated_Martin/xc_1030855.mp3,Grey-throated_Martin,18.0,21.0
xc_downloads/Grey-throated_Martin/xc_1030855.mp3,Grey-throated_Martin,21.0,24.0
xc_downloads/Grey-throated_Martin/xc_1030855.mp3,Grey-throated_Martin,24.0,27.0
xc_downloads/Grey-throated_Martin/xc_1030855.mp3,Grey-throated_Martin,27.0,30.0
xc_downloads/Grey-throated_Martin/xc_1030855.mp3,Grey-throated_Martin,30.0,33.0
xc_downloads/Grey-throated_Martin/xc_1030855.mp3,Grey-throated_Martin,33.0,36.0
xc_downloads/Grey-throated_Martin/xc_1030855.mp3,Grey-throated_Martin,36.0,39.0
xc_downloads/Grey-throated_Martin/xc_882249.mp3,Grey-throated_Martin,0,3.0
xc_downloads/Grey-throated_Martin/xc_882249.mp3,Grey-throated_Martin,3.0,6.0
xc_downloads/Grey-throated_Martin/xc_882249.mp3,Grey-throated_Martin,6.0,9.0
xc_downloads/Grey-throated_Martin/xc_882249.mp3,Grey-throated_Martin,9.0,12.0
xc_downloads/Grey-throated_Martin/xc_882249.mp3,Grey-throated_Martin,12.0,15.0
xc_downloads/Grey-throated_Martin/xc_882249.mp3,Grey-throated_Martin,15.0,18.0
xc_downloads/Grey-throated_Martin/xc_882249.mp3,Grey-throated_Martin,18.0,21.0
xc_downloads/Grey-throated_Martin/xc_882249.mp3,Grey-throated_Martin,21.0,24.0
xc_downloads/Grey-throated_Martin/xc_882249.mp3,Grey-throated_Martin,24.0,27.0
xc_downloads/Grey-throated_Martin/xc_882249.mp3,Grey-throated_Martin,27.0,30.0
xc_downloads/Grey-throated_Martin/xc_882249.mp3,Grey-throated_Martin,30.0,33.0
xc_downloads/Oriental_Dollarbird/xc_685142.mp3,Oriental_Dollarbird,0,3.0
xc_downloads/Oriental_Dollarbird/xc_37994.mp3,Oriental_Dollarbird,0,3.0
xc_downloads/Oriental_Dollarbird/xc_37994.mp3,Oriental_Dollarbird,3.0,6.0
xc_downloads/Oriental_Dollarbird/xc_37994.mp3,Oriental_Dollarbird,6.0,9.0
xc_downloads/Oriental_Dollarbird/xc_37994.mp3,Oriental_Dollarbird,9.0,12.0
xc_downloads/Oriental_Dollarbird/xc_621223.mp3,Oriental_Dollarbird,0,3.0
xc_downloads/Oriental_Dollarbird/xc_621223.mp3,Oriental_Dollarbird,3.0,6.0
xc_downloads/Oriental_Dollarbird/xc_621223.mp3,Oriental_Dollarbird,6.0,9.0
xc_downloads/Oriental_Dollarbird/xc_621223.mp3,Oriental_Dollarbird,9.0,12.0
xc_downloads/Oriental_Dollarbird/xc_621223.mp3,Oriental_Dollarbird,12.0,15.0
xc_downloads/Oriental_Dollarbird/xc_721699.mp3,Oriental_Dollarbird,0,3.0
xc_downloads/Oriental_Dollarbird/xc_721699.mp3,Oriental_Dollarbird,3.0,6.0
xc_downloads/Oriental_Dollarbird/xc_721699.mp3,Oriental_Dollarbird,6.0,9.0
xc_downloads/Oriental_Dollarbird/xc_721699.mp3,Oriental_Dollarbird,9.0,12.0
xc_downloads/Oriental_Dollarbird/xc_721699.mp3,Oriental_Dollarbird,12.0,15.0
xc_downloads/Oriental_Dollarbird/xc_721699.mp3,Oriental_Dollarbird,15.0,18.0
xc_downloads/Oriental_Dollarbird/xc_721699.mp3,Oriental_Dollarbird,18.0,21.0
xc_downloads/Oriental_Dollarbird/xc_721699.mp3,Oriental_Dollarbird,21.0,24.0
xc_downloads/Oriental_Dollarbird/xc_721699.mp3,Oriental_Dollarbird,24.0,27.0
xc_downloads/Oriental_Dollarbird/xc_721699.mp3,Oriental_Dollarbird,27.0,30.0
xc_downloads/Oriental_Dollarbird/xc_721699.mp3,Oriental_Dollarbird,30.0,33.0
xc_downloads/Oriental_Dollarbird/xc_721699.mp3,Oriental_Dollarbird,33.0,36.0
xc_downloads/Oriental_Dollarbird/xc_721699.mp3,Oriental_Dollarbird,36.0,39.0
xc_downloads/Oriental_Dollarbird/xc_426543.mp3,Oriental_Dollarbird,0,3.0
xc_downloads/Oriental_Dollarbird/xc_426543.mp3,Oriental_Dollarbird,3.0,6.0
xc_downloads/Oriental_Dollarbird/xc_426543.mp3,Oriental_Dollarbird,6.0,9.0
xc_downloads/Oriental_Dollarbird/xc_426543.mp3,Oriental_Dollarbird,9.0,12.0
xc_downloads/Oriental_Dollarbird/xc_79815.mp3,Oriental_Dollarbird,0,3.0
xc_downloads/Oriental_Dollarbird/xc_79815.mp3,Oriental_Dollarbird,3.0,6.0
xc_downloads/Oriental_Dollarbird/xc_79815.mp3,Oriental_Dollarbird,6.0,9.0
xc_downloads/Oriental_Dollarbird/xc_79815.mp3,Oriental_Dollarbird,9.0,12.0
xc_downloads/Oriental_Dollarbird/xc_79815.mp3,Oriental_Dollarbird,12.0,15.0
xc_downloads/Oriental_Dollarbird/xc_79815.mp3,Oriental_Dollarbird,15.0,18.0
xc_downloads/Oriental_Dollarbird/xc_79815.mp3,Oriental_Dollarbird,18.0,21.0
xc_downloads/Oriental_Dollarbird/xc_79815.mp3,Oriental_Dollarbird,21.0,24.0
xc_downloads/Oriental_Dollarbird/xc_79815.mp3,Oriental_Dollarbird,24.0,27.0
xc_downloads/Oriental_Dollarbird/xc_79815.mp3,Oriental_Dollarbird,27.0,30.0
xc_downloads/Oriental_Dollarbird/xc_79815.mp3,Oriental_Dollarbird,30.0,33.0
xc_downloads/Oriental_Dollarbird/xc_37448.mp3,Oriental_Dollarbird,0,3.0
xc_downloads/Oriental_Dollarbird/xc_37448.mp3,Oriental_Dollarbird,3.0,6.0
xc_downloads/Oriental_Dollarbird/xc_37448.mp3,Oriental_Dollarbird,6.0,9.0
xc_downloads/Oriental_Dollarbird/xc_37448.mp3,Oriental_Dollarbird,9.0,12.0
xc_downloads/Oriental_Dollarbird/xc_37448.mp3,Oriental_Dollarbird,12.0,15.0
xc_downloads/Oriental_Dollarbird/xc_37448.mp3,Oriental_Dollarbird,15.0,18.0
xc_downloads/Oriental_Dollarbird/xc_37448.mp3,Oriental_Dollarbird,18.0,21.0
xc_downloads/Oriental_Dollarbird/xc_37448.mp3,Oriental_Dollarbird,21.0,24.0
xc_downloads/Oriental_Dollarbird/xc_37448.mp3,Oriental_Dollarbird,24.0,27.0
xc_downloads/Oriental_Dollarbird/xc_37448.mp3,Oriental_Dollarbird,27.0,30.0
xc_downloads/Oriental_Dollarbird/xc_37448.mp3,Oriental_Dollarbird,30.0,33.0
xc_downloads/Oriental_Dollarbird/xc_37448.mp3,Oriental_Dollarbird,33.0,36.0
xc_downloads/Oriental_Dollarbird/xc_37448.mp3,Oriental_Dollarbird,36.0,39.0
xc_downloads/Plain_Flowerpecker/xc_79753.mp3,Plain_Flowerpecker,0,3.0
xc_downloads/Plain_Flowerpecker/xc_79753.mp3,Plain_Flowerpecker,3.0,6.0
xc_downloads/Plain_Flowerpecker/xc_79753.mp3,Plain_Flowerpecker,6.0,9.0
xc_downloads/Plain_Flowerpecker/xc_79753.mp3,Plain_Flowerpecker,9.0,12.0
xc_downloads/Plain_Flowerpecker/xc_79753.mp3,Plain_Flowerpecker,12.0,15.0
xc_downloads/Plain_Flowerpecker/xc_79753.mp3,Plain_Flowerpecker,15.0,18.0
xc_downloads/Plain_Flowerpecker/xc_79753.mp3,Plain_Flowerpecker,18.0,21.0
xc_downloads/Plain_Flowerpecker/xc_79753.mp3,Plain_Flowerpecker,21.0,24.0
xc_downloads/Plain_Flowerpecker/xc_79753.mp3,Plain_Flowerpecker,24.0,27.0
xc_downloads/Plain_Flowerpecker/xc_79753.mp3,Plain_Flowerpecker,27.0,30.0
xc_downloads/Plain_Flowerpecker/xc_79753.mp3,Plain_Flowerpecker,30.0,33.0
xc_downloads/Plain_Flowerpecker/xc_747639.mp3,Plain_Flowerpecker,0,3.0
xc_downloads/Plain_Flowerpecker/xc_747639.mp3,Plain_Flowerpecker,3.0,6.0
xc_downloads/Plain_Flowerpecker/xc_747639.mp3,Plain_Flowerpecker,6.0,9.0
xc_downloads/Plain_Flowerpecker/xc_747639.mp3,Plain_Flowerpecker,9.0,12.0
xc_downloads/Plain_Flowerpecker/xc_747639.mp3,Plain_Flowerpecker,12.0,15.0
xc_downloads/Plain_Flowerpecker/xc_747639.mp3,Plain_Flowerpecker,15.0,18.0
xc_downloads/Plain_Flowerpecker/xc_747639.mp3,Plain_Flowerpecker,18.0,21.0
xc_downloads/Plain_Flowerpecker/xc_747639.mp3,Plain_Flowerpecker,21.0,24.0
xc_downloads/Plain_Flowerpecker/xc_747639.mp3,Plain_Flowerpecker,24.0,27.0
xc_downloads/Plain_Flowerpecker/xc_747639.mp3,Plain_Flowerpecker,27.0,30.0
xc_downloads/Plain_Flowerpecker/xc_747639.mp3,Plain_Flowerpecker,30.0,33.0
xc_downloads/Plain_Flowerpecker/xc_747639.mp3,Plain_Flowerpecker,33.0,36.0
xc_downloads/Plain_Flowerpecker/xc_747639.mp3,Plain_Flowerpecker,36.0,39.0
xc_downloads/Plain_Flowerpecker/xc_652844.mp3,Plain_Flowerpecker,0,3.0
xc_downloads/Plain_Flowerpecker/xc_652844.mp3,Plain_Flowerpecker,3.0,6.0
xc_downloads/Plain_Flowerpecker/xc_652844.mp3,Plain_Flowerpecker,6.0,9.0
xc_downloads/Plain_Flowerpecker/xc_652846.mp3,Plain_Flowerpecker,0,3.0
xc_downloads/Plain_Flowerpecker/xc_652846.mp3,Plain_Flowerpecker,3.0,6.0
xc_downloads/Plain_Flowerpecker/xc_652846.mp3,Plain_Flowerpecker,6.0,9.0
xc_downloads/Plain_Flowerpecker/xc_652846.mp3,Plain_Flowerpecker,9.0,12.0
xc_downloads/Plain_Flowerpecker/xc_659341.mp3,Plain_Flowerpecker,0,3.0
xc_downloads/Plain_Flowerpecker/xc_659341.mp3,Plain_Flowerpecker,3.0,6.0
xc_downloads/Plain_Flowerpecker/xc_659341.mp3,Plain_Flowerpecker,6.0,9.0
xc_downloads/Plain_Flowerpecker/xc_79754.mp3,Plain_Flowerpecker,0,3.0
xc_downloads/Plain_Flowerpecker/xc_79754.mp3,Plain_Flowerpecker,3.0,6.0
xc_downloads/Plain_Flowerpecker/xc_79754.mp3,Plain_Flowerpecker,6.0,9.0
xc_downloads/Plain_Flowerpecker/xc_79754.mp3,Plain_Flowerpecker,9.0,12.0
xc_downloads/Plain_Flowerpecker/xc_79754.mp3,Plain_Flowerpecker,12.0,15.0
xc_downloads/Plain_Flowerpecker/xc_79754.mp3,Plain_Flowerpecker,15.0,18.0
xc_downloads/Plain_Flowerpecker/xc_79754.mp3,Plain_Flowerpecker,18.0,21.0
xc_downloads/Plain_Flowerpecker/xc_79754.mp3,Plain_Flowerpecker,21.0,24.0
xc_downloads/Plain_Flowerpecker/xc_79754.mp3,Plain_Flowerpecker,24.0,27.0
xc_downloads/Plain_Flowerpecker/xc_79754.mp3,Plain_Flowerpecker,27.0,30.0
xc_downloads/Plain_Flowerpecker/xc_426520.mp3,Plain_Flowerpecker,0,3.0
xc_downloads/Plain_Flowerpecker/xc_426520.mp3,Plain_Flowerpecker,3.0,6.0
xc_downloads/Plain_Flowerpecker/xc_426520.mp3,Plain_Flowerpecker,6.0,9.0
xc_downloads/Plain_Flowerpecker/xc_426520.mp3,Plain_Flowerpecker,9.0,12.0
xc_downloads/Plain_Flowerpecker/xc_426520.mp3,Plain_Flowerpecker,12.0,15.0
xc_downloads/Plain_Flowerpecker/xc_208900.mp3,Plain_Flowerpecker,0,3.0
xc_downloads/Plain_Flowerpecker/xc_208900.mp3,Plain_Flowerpecker,3.0,6.0
xc_downloads/Plain_Flowerpecker/xc_208900.mp3,Plain_Flowerpecker,6.0,9.0
xc_downloads/Plain_Flowerpecker/xc_208900.mp3,Plain_Flowerpecker,9.0,12.0
xc_downloads/Plain_Flowerpecker/xc_208900.mp3,Plain_Flowerpecker,12.0,15.0
xc_downloads/Plain_Flowerpecker/xc_208900.mp3,Plain_Flowerpecker,15.0,18.0
xc_downloads/Plain_Flowerpecker/xc_208900.mp3,Plain_Flowerpecker,18.0,21.0
xc_downloads/Plain_Flowerpecker/xc_208900.mp3,Plain_Flowerpecker,21.0,24.0
xc_downloads/Plain_Flowerpecker/xc_208900.mp3,Plain_Flowerpecker,24.0,27.0
xc_downloads/Plain_Flowerpecker/xc_208900.mp3,Plain_Flowerpecker,27.0,30.0
xc_downloads/Plain_Flowerpecker/xc_79755.mp3,Plain_Flowerpecker,0,3.0
xc_downloads/Plain_Flowerpecker/xc_79755.mp3,Plain_Flowerpecker,3.0,6.0
xc_downloads/Plain_Flowerpecker/xc_79755.mp3,Plain_Flowerpecker,6.0,9.0
xc_downloads/Plain_Flowerpecker/xc_79755.mp3,Plain_Flowerpecker,9.0,12.0
xc_downloads/Plain_Flowerpecker/xc_79755.mp3,Plain_Flowerpecker,12.0,15.0
xc_downloads/Plain_Flowerpecker/xc_79755.mp3,Plain_Flowerpecker,15.0,18.0
xc_downloads/Plain_Flowerpecker/xc_1158387.mp3,Plain_Flowerpecker,0,3.0
xc_downloads/Plain_Flowerpecker/xc_1158387.mp3,Plain_Flowerpecker,3.0,6.0
xc_downloads/Plain_Flowerpecker/xc_1158387.mp3,Plain_Flowerpecker,6.0,9.0
xc_downloads/Plain_Flowerpecker/xc_1158387.mp3,Plain_Flowerpecker,9.0,12.0
xc_downloads/Plain_Flowerpecker/xc_1158387.mp3,Plain_Flowerpecker,12.0,15.0
xc_downloads/Plain_Flowerpecker/xc_1158387.mp3,Plain_Flowerpecker,15.0,18.0
xc_downloads/Plain_Flowerpecker/xc_1158387.mp3,Plain_Flowerpecker,18.0,21.0
xc_downloads/Plain_Flowerpecker/xc_1158387.mp3,Plain_Flowerpecker,21.0,24.0
xc_downloads/Plain_Flowerpecker/xc_1158387.mp3,Plain_Flowerpecker,24.0,27.0
xc_downloads/Plain_Flowerpecker/xc_1158387.mp3,Plain_Flowerpecker,27.0,30.0
xc_downloads/Plain_Flowerpecker/xc_1158387.mp3,Plain_Flowerpecker,30.0,33.0
xc_downloads/Plain_Flowerpecker/xc_1158387.mp3,Plain_Flowerpecker,33.0,36.0
xc_downloads/Plain_Flowerpecker/xc_1158387.mp3,Plain_Flowerpecker,36.0,39.0
xc_downloads/Plain_Flowerpecker/xc_1158387.mp3,Plain_Flowerpecker,39.0,42.0
xc_downloads/Plain_Flowerpecker/xc_1158387.mp3,Plain_Flowerpecker,42.0,45.0
xc_downloads/Plain_Flowerpecker/xc_1158387.mp3,Plain_Flowerpecker,45.0,48.0
xc_downloads/Plain_Flowerpecker/xc_1158387.mp3,Plain_Flowerpecker,48.0,51.0
xc_downloads/Plain_Flowerpecker/xc_1158387.mp3,Plain_Flowerpecker,51.0,54.0
xc_downloads/Plain_Flowerpecker/xc_883681.mp3,Plain_Flowerpecker,0,3.0
xc_downloads/Plain_Flowerpecker/xc_883681.mp3,Plain_Flowerpecker,3.0,6.0
xc_downloads/Plain_Flowerpecker/xc_883681.mp3,Plain_Flowerpecker,6.0,9.0
xc_downloads/Plain_Flowerpecker/xc_883681.mp3,Plain_Flowerpecker,9.0,12.0
xc_downloads/Plain_Flowerpecker/xc_883681.mp3,Plain_Flowerpecker,12.0,15.0
xc_downloads/Plain_Flowerpecker/xc_883681.mp3,Plain_Flowerpecker,15.0,18.0
xc_downloads/Plain_Flowerpecker/xc_883681.mp3,Plain_Flowerpecker,18.0,21.0
xc_downloads/Plain_Flowerpecker/xc_883681.mp3,Plain_Flowerpecker,21.0,24.0
xc_downloads/Plain_Flowerpecker/xc_883681.mp3,Plain_Flowerpecker,24.0,27.0
xc_downloads/Plain_Flowerpecker/xc_883681.mp3,Plain_Flowerpecker,27.0,30.0
xc_downloads/Plain_Flowerpecker/xc_883681.mp3,Plain_Flowerpecker,30.0,33.0
xc_downloads/Plain_Flowerpecker/xc_883681.mp3,Plain_Flowerpecker,33.0,36.0
xc_downloads/Ruddy_Kingfisher/xc_720546.mp3,Ruddy_Kingfisher,0,3.0
xc_downloads/Ruddy_Kingfisher/xc_720546.mp3,Ruddy_Kingfisher,3.0,6.0
xc_downloads/Ruddy_Kingfisher/xc_720546.mp3,Ruddy_Kingfisher,6.0,9.0
xc_downloads/Ruddy_Kingfisher/xc_720546.mp3,Ruddy_Kingfisher,9.0,12.0
xc_downloads/Ruddy_Kingfisher/xc_720546.mp3,Ruddy_Kingfisher,12.0,15.0
xc_downloads/Ruddy_Kingfisher/xc_177936.mp3,Ruddy_Kingfisher,0,3.0
xc_downloads/Ruddy_Kingfisher/xc_177936.mp3,Ruddy_Kingfisher,3.0,6.0
xc_downloads/Ruddy_Kingfisher/xc_177936.mp3,Ruddy_Kingfisher,6.0,9.0
xc_downloads/Ruddy_Kingfisher/xc_473908.mp3,Ruddy_Kingfisher,0,3.0
xc_downloads/Ruddy_Kingfisher/xc_473908.mp3,Ruddy_Kingfisher,3.0,6.0
xc_downloads/Ruddy_Kingfisher/xc_473908.mp3,Ruddy_Kingfisher,6.0,9.0
xc_downloads/Ruddy_Kingfisher/xc_473908.mp3,Ruddy_Kingfisher,9.0,12.0
xc_downloads/Ruddy_Kingfisher/xc_473908.mp3,Ruddy_Kingfisher,12.0,15.0
xc_downloads/Ruddy_Kingfisher/xc_369245.mp3,Ruddy_Kingfisher,0,3.0
xc_downloads/Ruddy_Kingfisher/xc_369245.mp3,Ruddy_Kingfisher,3.0,6.0
xc_downloads/Ruddy_Kingfisher/xc_369246.mp3,Ruddy_Kingfisher,0,3.0
xc_downloads/Ruddy_Kingfisher/xc_369246.mp3,Ruddy_Kingfisher,3.0,6.0
xc_downloads/Ruddy_Kingfisher/xc_369246.mp3,Ruddy_Kingfisher,6.0,9.0
xc_downloads/Ruddy_Kingfisher/xc_369246.mp3,Ruddy_Kingfisher,9.0,12.0
xc_downloads/Ruddy_Kingfisher/xc_369246.mp3,Ruddy_Kingfisher,12.0,15.0
xc_downloads/Ruddy_Kingfisher/xc_24110.mp3,Ruddy_Kingfisher,0,3.0
xc_downloads/Ruddy_Kingfisher/xc_24110.mp3,Ruddy_Kingfisher,3.0,6.0
xc_downloads/Ruddy_Kingfisher/xc_24110.mp3,Ruddy_Kingfisher,6.0,9.0
xc_downloads/Ruddy_Kingfisher/xc_24110.mp3,Ruddy_Kingfisher,9.0,12.0
xc_downloads/Ruddy_Kingfisher/xc_24110.mp3,Ruddy_Kingfisher,12.0,15.0
xc_downloads/Ruddy_Kingfisher/xc_24110.mp3,Ruddy_Kingfisher,15.0,18.0
xc_downloads/Ruddy_Kingfisher/xc_447971.mp3,Ruddy_Kingfisher,0,3.0
xc_downloads/Ruddy_Kingfisher/xc_447971.mp3,Ruddy_Kingfisher,3.0,6.0
xc_downloads/Ruddy_Kingfisher/xc_447971.mp3,Ruddy_Kingfisher,6.0,9.0
xc_downloads/Ruddy_Kingfisher/xc_447971.mp3,Ruddy_Kingfisher,9.0,12.0
xc_downloads/Ruddy_Kingfisher/xc_493897.mp3,Ruddy_Kingfisher,0,3.0
xc_downloads/Ruddy_Kingfisher/xc_493897.mp3,Ruddy_Kingfisher,3.0,6.0
xc_downloads/Ruddy_Kingfisher/xc_493897.mp3,Ruddy_Kingfisher,6.0,9.0
xc_downloads/Ruddy_Kingfisher/xc_493897.mp3,Ruddy_Kingfisher,9.0,12.0
xc_downloads/Ruddy_Kingfisher/xc_493897.mp3,Ruddy_Kingfisher,12.0,15.0
xc_downloads/Ruddy_Kingfisher/xc_493897.mp3,Ruddy_Kingfisher,15.0,18.0
xc_downloads/Ruddy_Kingfisher/xc_771394.mp3,Ruddy_Kingfisher,0,3.0
xc_downloads/Ruddy_Kingfisher/xc_473907.mp3,Ruddy_Kingfisher,0,3.0
xc_downloads/Ruddy_Kingfisher/xc_473907.mp3,Ruddy_Kingfisher,3.0,6.0
xc_downloads/Ruddy_Kingfisher/xc_473907.mp3,Ruddy_Kingfisher,6.0,9.0
xc_downloads/Ruddy_Kingfisher/xc_473907.mp3,Ruddy_Kingfisher,9.0,12.0
xc_downloads/Ruddy_Kingfisher/xc_473907.mp3,Ruddy_Kingfisher,12.0,15.0
xc_downloads/Ruddy_Kingfisher/xc_473907.mp3,Ruddy_Kingfisher,15.0,18.0
xc_downloads/Ruddy_Kingfisher/xc_493883.mp3,Ruddy_Kingfisher,0,3.0
xc_downloads/Ruddy_Kingfisher/xc_493883.mp3,Ruddy_Kingfisher,3.0,6.0
xc_downloads/Scarlet-backed_Flowerpecker/xc_711705.mp3,Scarlet-backed_Flowerpecker,0,3.0
xc_downloads/Scarlet-backed_Flowerpecker/xc_711705.mp3,Scarlet-backed_Flowerpecker,3.0,6.0
xc_downloads/Scarlet-backed_Flowerpecker/xc_711705.mp3,Scarlet-backed_Flowerpecker,6.0,9.0
xc_downloads/Scarlet-backed_Flowerpecker/xc_711705.mp3,Scarlet-backed_Flowerpecker,9.0,12.0
xc_downloads/Scarlet-backed_Flowerpecker/xc_711705.mp3,Scarlet-backed_Flowerpecker,12.0,15.0
xc_downloads/Scarlet-backed_Flowerpecker/xc_711705.mp3,Scarlet-backed_Flowerpecker,15.0,18.0
xc_downloads/Scarlet-backed_Flowerpecker/xc_711705.mp3,Scarlet-backed_Flowerpecker,18.0,21.0
xc_downloads/Scarlet-backed_Flowerpecker/xc_711705.mp3,Scarlet-backed_Flowerpecker,21.0,24.0
xc_downloads/Scarlet-backed_Flowerpecker/xc_711705.mp3,Scarlet-backed_Flowerpecker,24.0,27.0
xc_downloads/Scarlet-backed_Flowerpecker/xc_79709.mp3,Scarlet-backed_Flowerpecker,0,3.0
xc_downloads/Scarlet-backed_Flowerpecker/xc_79709.mp3,Scarlet-backed_Flowerpecker,3.0,6.0
xc_downloads/Scarlet-backed_Flowerpecker/xc_79709.mp3,Scarlet-backed_Flowerpecker,6.0,9.0
xc_downloads/Scarlet-backed_Flowerpecker/xc_79709.mp3,Scarlet-backed_Flowerpecker,9.0,12.0
xc_downloads/Scarlet-backed_Flowerpecker/xc_79709.mp3,Scarlet-backed_Flowerpecker,12.0,15.0
xc_downloads/Scarlet-backed_Flowerpecker/xc_79709.mp3,Scarlet-backed_Flowerpecker,15.0,18.0
xc_downloads/Scarlet-backed_Flowerpecker/xc_79709.mp3,Scarlet-backed_Flowerpecker,18.0,21.0
xc_downloads/Scarlet-backed_Flowerpecker/xc_79709.mp3,Scarlet-backed_Flowerpecker,21.0,24.0
xc_downloads/Scarlet-backed_Flowerpecker/xc_79709.mp3,Scarlet-backed_Flowerpecker,24.0,27.0
xc_downloads/Scarlet-backed_Flowerpecker/xc_79709.mp3,Scarlet-backed_Flowerpecker,27.0,30.0
xc_downloads/Scarlet-backed_Flowerpecker/xc_79709.mp3,Scarlet-backed_Flowerpecker,30.0,33.0
xc_downloads/Scarlet-backed_Flowerpecker/xc_79709.mp3,Scarlet-backed_Flowerpecker,33.0,36.0
xc_downloads/Scarlet-backed_Flowerpecker/xc_79709.mp3,Scarlet-backed_Flowerpecker,36.0,39.0
xc_downloads/Scarlet-backed_Flowerpecker/xc_79709.mp3,Scarlet-backed_Flowerpecker,39.0,42.0
xc_downloads/Scarlet-backed_Flowerpecker/xc_79709.mp3,Scarlet-backed_Flowerpecker,42.0,45.0
xc_downloads/Scarlet-backed_Flowerpecker/xc_79709.mp3,Scarlet-backed_Flowerpecker,45.0,48.0
xc_downloads/Scarlet-backed_Flowerpecker/xc_79709.mp3,Scarlet-backed_Flowerpecker,48.0,51.0
xc_downloads/Scarlet-backed_Flowerpecker/xc_79709.mp3,Scarlet-backed_Flowerpecker,51.0,54.0
xc_downloads/Scarlet-backed_Flowerpecker/xc_79709.mp3,Scarlet-backed_Flowerpecker,54.0,57.0
xc_downloads/Scarlet-backed_Flowerpecker/xc_79709.mp3,Scarlet-backed_Flowerpecker,57.0,60.0
xc_downloads/Scarlet-backed_Flowerpecker/xc_79709.mp3,Scarlet-backed_Flowerpecker,60.0,63.0
xc_downloads/Scarlet-backed_Flowerpecker/xc_79709.mp3,Scarlet-backed_Flowerpecker,63.0,66.0
xc_downloads/Scarlet-backed_Flowerpecker/xc_79709.mp3,Scarlet-backed_Flowerpecker,66.0,69.0
xc_downloads/Scarlet-backed_Flowerpecker/xc_79709.mp3,Scarlet-backed_Flowerpecker,69.0,72.0
xc_downloads/Scarlet-backed_Flowerpecker/xc_79709.mp3,Scarlet-backed_Flowerpecker,72.0,75.0
xc_downloads/Scarlet-backed_Flowerpecker/xc_79709.mp3,Scarlet-backed_Flowerpecker,75.0,78.0
xc_downloads/Scarlet-backed_Flowerpecker/xc_79709.mp3,Scarlet-backed_Flowerpecker,78.0,81.0
xc_downloads/Scarlet-backed_Flowerpecker/xc_116899.mp3,Scarlet-backed_Flowerpecker,0,3.0
xc_downloads/Scarlet-backed_Flowerpecker/xc_116900.mp3,Scarlet-backed_Flowerpecker,0,3.0
xc_downloads/Scarlet-backed_Flowerpecker/xc_116900.mp3,Scarlet-backed_Flowerpecker,3.0,6.0
xc_downloads/Scarlet-backed_Flowerpecker/xc_116900.mp3,Scarlet-backed_Flowerpecker,6.0,9.0
xc_downloads/Scarlet-backed_Flowerpecker/xc_116900.mp3,Scarlet-backed_Flowerpecker,9.0,12.0
xc_downloads/Scarlet-backed_Flowerpecker/xc_116900.mp3,Scarlet-backed_Flowerpecker,12.0,15.0
xc_downloads/Scarlet-backed_Flowerpecker/xc_116900.mp3,Scarlet-backed_Flowerpecker,15.0,18.0
xc_downloads/Scarlet-backed_Flowerpecker/xc_116900.mp3,Scarlet-backed_Flowerpecker,18.0,21.0
xc_downloads/Scarlet-backed_Flowerpecker/xc_116900.mp3,Scarlet-backed_Flowerpecker,21.0,24.0
xc_downloads/Scarlet-backed_Flowerpecker/xc_116900.mp3,Scarlet-backed_Flowerpecker,24.0,27.0
xc_downloads/Scarlet-backed_Flowerpecker/xc_913939.mp3,Scarlet-backed_Flowerpecker,0,3.0
xc_downloads/Scarlet-backed_Flowerpecker/xc_913939.mp3,Scarlet-backed_Flowerpecker,3.0,6.0
xc_downloads/Scarlet-backed_Flowerpecker/xc_913939.mp3,Scarlet-backed_Flowerpecker,6.0,9.0
xc_downloads/Scarlet-backed_Flowerpecker/xc_1159209.mp3,Scarlet-backed_Flowerpecker,0,3.0
xc_downloads/Scarlet-backed_Flowerpecker/xc_1159209.mp3,Scarlet-backed_Flowerpecker,3.0,6.0
xc_downloads/Scarlet-backed_Flowerpecker/xc_1159209.mp3,Scarlet-backed_Flowerpecker,6.0,9.0
xc_downloads/Scarlet-backed_Flowerpecker/xc_1159209.mp3,Scarlet-backed_Flowerpecker,9.0,12.0
xc_downloads/Scarlet-backed_Flowerpecker/xc_1159209.mp3,Scarlet-backed_Flowerpecker,12.0,15.0
xc_downloads/Scarlet-backed_Flowerpecker/xc_1159209.mp3,Scarlet-backed_Flowerpecker,15.0,18.0
xc_downloads/Scarlet-backed_Flowerpecker/xc_1159209.mp3,Scarlet-backed_Flowerpecker,18.0,21.0
xc_downloads/Scarlet-backed_Flowerpecker/xc_1159209.mp3,Scarlet-backed_Flowerpecker,21.0,24.0
xc_downloads/Scarlet-backed_Flowerpecker/xc_1159209.mp3,Scarlet-backed_Flowerpecker,24.0,27.0
xc_downloads/Scarlet-backed_Flowerpecker/xc_1159209.mp3,Scarlet-backed_Flowerpecker,27.0,30.0
xc_downloads/Scarlet-backed_Flowerpecker/xc_1159209.mp3,Scarlet-backed_Flowerpecker,30.0,33.0
xc_downloads/Scarlet-backed_Flowerpecker/xc_1159209.mp3,Scarlet-backed_Flowerpecker,33.0,36.0
xc_downloads/Scarlet-backed_Flowerpecker/xc_1159209.mp3,Scarlet-backed_Flowerpecker,36.0,39.0
xc_downloads/Scarlet-backed_Flowerpecker/xc_1159209.mp3,Scarlet-backed_Flowerpecker,39.0,42.0
xc_downloads/Scarlet-backed_Flowerpecker/xc_1159209.mp3,Scarlet-backed_Flowerpecker,42.0,45.0
xc_downloads/Scarlet-backed_Flowerpecker/xc_1159209.mp3,Scarlet-backed_Flowerpecker,45.0,48.0
xc_downloads/Scarlet-backed_Flowerpecker/xc_1159209.mp3,Scarlet-backed_Flowerpecker,48.0,51.0
xc_downloads/Scarlet-backed_Flowerpecker/xc_1159209.mp3,Scarlet-backed_Flowerpecker,51.0,54.0
xc_downloads/Scarlet-backed_Flowerpecker/xc_1159209.mp3,Scarlet-backed_Flowerpecker,54.0,57.0
xc_downloads/Scarlet-backed_Flowerpecker/xc_1159209.mp3,Scarlet-backed_Flowerpecker,57.0,60.0
xc_downloads/Scarlet-backed_Flowerpecker/xc_1159209.mp3,Scarlet-backed_Flowerpecker,60.0,63.0
xc_downloads/Scarlet-backed_Flowerpecker/xc_1159209.mp3,Scarlet-backed_Flowerpecker,63.0,66.0
xc_downloads/Scarlet-backed_Flowerpecker/xc_1159209.mp3,Scarlet-backed_Flowerpecker,66.0,69.0
xc_downloads/Scarlet-backed_Flowerpecker/xc_1159209.mp3,Scarlet-backed_Flowerpecker,69.0,72.0
xc_downloads/Scarlet-backed_Flowerpecker/xc_1159209.mp3,Scarlet-backed_Flowerpecker,72.0,75.0
xc_downloads/Scarlet-backed_Flowerpecker/xc_1159209.mp3,Scarlet-backed_Flowerpecker,75.0,78.0
xc_downloads/Scarlet-backed_Flowerpecker/xc_1159209.mp3,Scarlet-backed_Flowerpecker,78.0,81.0
xc_downloads/Scarlet-backed_Flowerpecker/xc_1159209.mp3,Scarlet-backed_Flowerpecker,81.0,84.0
xc_downloads/Scarlet-backed_Flowerpecker/xc_1159209.mp3,Scarlet-backed_Flowerpecker,84.0,87.0
xc_downloads/Scarlet-backed_Flowerpecker/xc_1159209.mp3,Scarlet-backed_Flowerpecker,87.0,90.0
xc_downloads/Scarlet-backed_Flowerpecker/xc_1159209.mp3,Scarlet-backed_Flowerpecker,90.0,93.0
xc_downloads/Scarlet-backed_Flowerpecker/xc_637351.mp3,Scarlet-backed_Flowerpecker,0,3.0
xc_downloads/Scarlet-backed_Flowerpecker/xc_1019146.mp3,Scarlet-backed_Flowerpecker,0,3.0
xc_downloads/Scarlet-backed_Flowerpecker/xc_1019146.mp3,Scarlet-backed_Flowerpecker,3.0,6.0
xc_downloads/Scarlet-backed_Flowerpecker/xc_1019146.mp3,Scarlet-backed_Flowerpecker,6.0,9.0
xc_downloads/Scarlet-backed_Flowerpecker/xc_1019146.mp3,Scarlet-backed_Flowerpecker,9.0,12.0
xc_downloads/Scarlet-backed_Flowerpecker/xc_1019146.mp3,Scarlet-backed_Flowerpecker,12.0,15.0
xc_downloads/Scarlet-backed_Flowerpecker/xc_1019146.mp3,Scarlet-backed_Flowerpecker,15.0,18.0
xc_downloads/Scarlet-backed_Flowerpecker/xc_1019146.mp3,Scarlet-backed_Flowerpecker,18.0,21.0
xc_downloads/Scarlet-backed_Flowerpecker/xc_1019146.mp3,Scarlet-backed_Flowerpecker,21.0,24.0
xc_downloads/Scarlet-backed_Flowerpecker/xc_1019146.mp3,Scarlet-backed_Flowerpecker,24.0,27.0
xc_downloads/Scarlet-backed_Flowerpecker/xc_1019146.mp3,Scarlet-backed_Flowerpecker,27.0,30.0
xc_downloads/Scarlet-backed_Flowerpecker/xc_1019146.mp3,Scarlet-backed_Flowerpecker,30.0,33.0
xc_downloads/Scarlet-backed_Flowerpecker/xc_474674.mp3,Scarlet-backed_Flowerpecker,0,3.0
xc_downloads/Scarlet-backed_Flowerpecker/xc_474674.mp3,Scarlet-backed_Flowerpecker,3.0,6.0
xc_downloads/Scarlet-backed_Flowerpecker/xc_474674.mp3,Scarlet-backed_Flowerpecker,6.0,9.0
xc_downloads/Scarlet-backed_Flowerpecker/xc_474741.mp3,Scarlet-backed_Flowerpecker,0,3.0
xc_downloads/Scarlet-backed_Flowerpecker/xc_474741.mp3,Scarlet-backed_Flowerpecker,3.0,6.0
xc_downloads/Scarlet-backed_Flowerpecker/xc_474741.mp3,Scarlet-backed_Flowerpecker,6.0,9.0
xc_downloads/Scarlet-backed_Flowerpecker/xc_474741.mp3,Scarlet-backed_Flowerpecker,9.0,12.0
xc_downloads/Scarlet-backed_Flowerpecker/xc_474741.mp3,Scarlet-backed_Flowerpecker,12.0,15.0
xc_downloads/Scarlet-backed_Flowerpecker/xc_474741.mp3,Scarlet-backed_Flowerpecker,15.0,18.0
xc_downloads/Scarlet-backed_Flowerpecker/xc_474741.mp3,Scarlet-backed_Flowerpecker,18.0,21.0
xc_downloads/Scarlet-backed_Flowerpecker/xc_474741.mp3,Scarlet-backed_Flowerpecker,21.0,24.0
xc_downloads/Scarlet-backed_Flowerpecker/xc_474741.mp3,Scarlet-backed_Flowerpecker,24.0,27.0
xc_downloads/Scarlet-backed_Flowerpecker/xc_474741.mp3,Scarlet-backed_Flowerpecker,27.0,30.0
xc_downloads/Scarlet-backed_Flowerpecker/xc_474741.mp3,Scarlet-backed_Flowerpecker,30.0,33.0
xc_downloads/Scarlet-backed_Flowerpecker/xc_684469.mp3,Scarlet-backed_Flowerpecker,0,3.0
xc_downloads/Scarlet-backed_Flowerpecker/xc_684469.mp3,Scarlet-backed_Flowerpecker,3.0,6.0
xc_downloads/Scarlet-backed_Flowerpecker/xc_684469.mp3,Scarlet-backed_Flowerpecker,6.0,9.0
xc_downloads/Scarlet-backed_Flowerpecker/xc_684469.mp3,Scarlet-backed_Flowerpecker,9.0,12.0
xc_downloads/Scarlet-backed_Flowerpecker/xc_684469.mp3,Scarlet-backed_Flowerpecker,12.0,15.0
xc_downloads/Scarlet-backed_Flowerpecker/xc_684469.mp3,Scarlet-backed_Flowerpecker,15.0,18.0
xc_downloads/Scarlet-backed_Flowerpecker/xc_684469.mp3,Scarlet-backed_Flowerpecker,18.0,21.0
xc_downloads/Scarlet-backed_Flowerpecker/xc_684469.mp3,Scarlet-backed_Flowerpecker,21.0,24.0
xc_downloads/Scarlet-backed_Flowerpecker/xc_116898.mp3,Scarlet-backed_Flowerpecker,0,3.0
xc_downloads/Scarlet-backed_Flowerpecker/xc_912234.mp3,Scarlet-backed_Flowerpecker,0,3.0
xc_downloads/Scarlet-backed_Flowerpecker/xc_912234.mp3,Scarlet-backed_Flowerpecker,3.0,6.0
xc_downloads/Scarlet-backed_Flowerpecker/xc_912234.mp3,Scarlet-backed_Flowerpecker,6.0,9.0
xc_downloads/Spot-breasted_Parrotbill/xc_239913.mp3,Spot-breasted_Parrotbill,0,3.0
xc_downloads/Spot-breasted_Parrotbill/xc_239913.mp3,Spot-breasted_Parrotbill,3.0,6.0
xc_downloads/Spot-breasted_Parrotbill/xc_239913.mp3,Spot-breasted_Parrotbill,6.0,9.0
xc_downloads/Spot-breasted_Parrotbill/xc_239913.mp3,Spot-breasted_Parrotbill,9.0,12.0
xc_downloads/Spot-breasted_Parrotbill/xc_239913.mp3,Spot-breasted_Parrotbill,12.0,15.0
xc_downloads/Spot-breasted_Parrotbill/xc_239913.mp3,Spot-breasted_Parrotbill,15.0,18.0
xc_downloads/Spot-breasted_Parrotbill/xc_239913.mp3,Spot-breasted_Parrotbill,18.0,21.0
xc_downloads/Spot-breasted_Parrotbill/xc_239913.mp3,Spot-breasted_Parrotbill,21.0,24.0
xc_downloads/Spot-breasted_Parrotbill/xc_239913.mp3,Spot-breasted_Parrotbill,24.0,27.0
xc_downloads/Spot-breasted_Parrotbill/xc_239913.mp3,Spot-breasted_Parrotbill,27.0,30.0
xc_downloads/Spot-breasted_Parrotbill/xc_239913.mp3,Spot-breasted_Parrotbill,30.0,33.0
xc_downloads/Spot-breasted_Parrotbill/xc_239913.mp3,Spot-breasted_Parrotbill,33.0,36.0
xc_downloads/Spot-breasted_Parrotbill/xc_239913.mp3,Spot-breasted_Parrotbill,36.0,39.0
xc_downloads/Spot-breasted_Parrotbill/xc_239913.mp3,Spot-breasted_Parrotbill,39.0,42.0
xc_downloads/Spot-breasted_Parrotbill/xc_239913.mp3,Spot-breasted_Parrotbill,42.0,45.0
xc_downloads/Spot-breasted_Parrotbill/xc_239913.mp3,Spot-breasted_Parrotbill,45.0,48.0
xc_downloads/Spot-breasted_Parrotbill/xc_239913.mp3,Spot-breasted_Parrotbill,48.0,51.0
xc_downloads/Spot-breasted_Parrotbill/xc_684133.mp3,Spot-breasted_Parrotbill,0,3.0
xc_downloads/Spot-breasted_Parrotbill/xc_684133.mp3,Spot-breasted_Parrotbill,3.0,6.0
xc_downloads/Spot-breasted_Parrotbill/xc_684133.mp3,Spot-breasted_Parrotbill,6.0,9.0
xc_downloads/Spot-breasted_Parrotbill/xc_684133.mp3,Spot-breasted_Parrotbill,9.0,12.0
xc_downloads/Spot-breasted_Parrotbill/xc_684133.mp3,Spot-breasted_Parrotbill,12.0,15.0
xc_downloads/Spot-breasted_Parrotbill/xc_684133.mp3,Spot-breasted_Parrotbill,15.0,18.0
xc_downloads/Spot-breasted_Parrotbill/xc_684133.mp3,Spot-breasted_Parrotbill,18.0,21.0
xc_downloads/Spot-breasted_Parrotbill/xc_684133.mp3,Spot-breasted_Parrotbill,21.0,24.0
xc_downloads/Spot-breasted_Parrotbill/xc_685956.mp3,Spot-breasted_Parrotbill,0,3.0
xc_downloads/Spot-breasted_Parrotbill/xc_685956.mp3,Spot-breasted_Parrotbill,3.0,6.0
xc_downloads/Spot-breasted_Parrotbill/xc_685956.mp3,Spot-breasted_Parrotbill,6.0,9.0
xc_downloads/Spot-breasted_Parrotbill/xc_685956.mp3,Spot-breasted_Parrotbill,9.0,12.0
xc_downloads/Spot-breasted_Parrotbill/xc_685956.mp3,Spot-breasted_Parrotbill,12.0,15.0
xc_downloads/Spot-breasted_Parrotbill/xc_685956.mp3,Spot-breasted_Parrotbill,15.0,18.0
xc_downloads/Spot-breasted_Parrotbill/xc_685956.mp3,Spot-breasted_Parrotbill,18.0,21.0
xc_downloads/Spot-breasted_Parrotbill/xc_685956.mp3,Spot-breasted_Parrotbill,21.0,24.0
xc_downloads/Spot-breasted_Parrotbill/xc_685956.mp3,Spot-breasted_Parrotbill,24.0,27.0
xc_downloads/Spot-breasted_Parrotbill/xc_21859.mp3,Spot-breasted_Parrotbill,0,3.0
xc_downloads/Spot-breasted_Parrotbill/xc_21859.mp3,Spot-breasted_Parrotbill,3.0,6.0
xc_downloads/Spot-breasted_Parrotbill/xc_21859.mp3,Spot-breasted_Parrotbill,6.0,9.0
xc_downloads/Spot-breasted_Parrotbill/xc_21859.mp3,Spot-breasted_Parrotbill,9.0,12.0
xc_downloads/Spot-breasted_Parrotbill/xc_21859.mp3,Spot-breasted_Parrotbill,12.0,15.0
xc_downloads/Spot-breasted_Parrotbill/xc_21859.mp3,Spot-breasted_Parrotbill,15.0,18.0
xc_downloads/Spot-breasted_Parrotbill/xc_21859.mp3,Spot-breasted_Parrotbill,18.0,21.0
xc_downloads/Spot-breasted_Parrotbill/xc_21859.mp3,Spot-breasted_Parrotbill,21.0,24.0
xc_downloads/Spot-breasted_Parrotbill/xc_21859.mp3,Spot-breasted_Parrotbill,24.0,27.0
xc_downloads/Spot-breasted_Parrotbill/xc_21859.mp3,Spot-breasted_Parrotbill,27.0,30.0
xc_downloads/Spot-breasted_Parrotbill/xc_21859.mp3,Spot-breasted_Parrotbill,30.0,33.0
xc_downloads/Spot-breasted_Parrotbill/xc_21859.mp3,Spot-breasted_Parrotbill,33.0,36.0
xc_downloads/Spot-breasted_Parrotbill/xc_21859.mp3,Spot-breasted_Parrotbill,36.0,39.0
xc_downloads/Spot-breasted_Parrotbill/xc_21859.mp3,Spot-breasted_Parrotbill,39.0,42.0
xc_downloads/Spot-breasted_Parrotbill/xc_21859.mp3,Spot-breasted_Parrotbill,42.0,45.0
xc_downloads/Spot-breasted_Parrotbill/xc_21859.mp3,Spot-breasted_Parrotbill,45.0,48.0
xc_downloads/Spot-breasted_Parrotbill/xc_21859.mp3,Spot-breasted_Parrotbill,48.0,51.0
xc_downloads/Spot-breasted_Parrotbill/xc_21859.mp3,Spot-breasted_Parrotbill,51.0,54.0
xc_downloads/Spot-breasted_Parrotbill/xc_21859.mp3,Spot-breasted_Parrotbill,54.0,57.0
xc_downloads/Spot-breasted_Parrotbill/xc_21859.mp3,Spot-breasted_Parrotbill,57.0,60.0
xc_downloads/Spot-breasted_Parrotbill/xc_684604.mp3,Spot-breasted_Parrotbill,0,3.0
xc_downloads/Spot-breasted_Parrotbill/xc_684604.mp3,Spot-breasted_Parrotbill,3.0,6.0
xc_downloads/Spot-breasted_Parrotbill/xc_684604.mp3,Spot-breasted_Parrotbill,6.0,9.0
xc_downloads/Spot-breasted_Parrotbill/xc_684604.mp3,Spot-breasted_Parrotbill,9.0,12.0
xc_downloads/Spot-breasted_Parrotbill/xc_430334.mp3,Spot-breasted_Parrotbill,0,3.0
xc_downloads/Spot-breasted_Parrotbill/xc_430334.mp3,Spot-breasted_Parrotbill,3.0,6.0
xc_downloads/Spot-breasted_Parrotbill/xc_430334.mp3,Spot-breasted_Parrotbill,6.0,9.0
xc_downloads/Spot-breasted_Parrotbill/xc_430334.mp3,Spot-breasted_Parrotbill,9.0,12.0
xc_downloads/Spot-breasted_Parrotbill/xc_430335.mp3,Spot-breasted_Parrotbill,0,3.0
xc_downloads/Spot-breasted_Parrotbill/xc_430335.mp3,Spot-breasted_Parrotbill,3.0,6.0
xc_downloads/Spot-breasted_Parrotbill/xc_430335.mp3,Spot-breasted_Parrotbill,6.0,9.0
xc_downloads/Spot-breasted_Parrotbill/xc_430335.mp3,Spot-breasted_Parrotbill,9.0,12.0
xc_downloads/Spot-breasted_Parrotbill/xc_685433.mp3,Spot-breasted_Parrotbill,0,3.0
xc_downloads/Spot-breasted_Parrotbill/xc_685433.mp3,Spot-breasted_Parrotbill,3.0,6.0
xc_downloads/Spot-breasted_Parrotbill/xc_685433.mp3,Spot-breasted_Parrotbill,6.0,9.0
xc_downloads/Spot-breasted_Parrotbill/xc_685433.mp3,Spot-breasted_Parrotbill,9.0,12.0
xc_downloads/Spot-breasted_Parrotbill/xc_685433.mp3,Spot-breasted_Parrotbill,12.0,15.0
xc_downloads/Spot-breasted_Parrotbill/xc_685433.mp3,Spot-breasted_Parrotbill,15.0,18.0
xc_downloads/Spot-breasted_Parrotbill/xc_685433.mp3,Spot-breasted_Parrotbill,18.0,21.0
xc_downloads/Spot-breasted_Parrotbill/xc_684758.mp3,Spot-breasted_Parrotbill,0,3.0
xc_downloads/Spot-breasted_Parrotbill/xc_857173.mp3,Spot-breasted_Parrotbill,0,3.0
xc_downloads/Spot-breasted_Parrotbill/xc_857173.mp3,Spot-breasted_Parrotbill,3.0,6.0
xc_downloads/Spot-breasted_Parrotbill/xc_857173.mp3,Spot-breasted_Parrotbill,6.0,9.0
xc_downloads/Spot-breasted_Parrotbill/xc_857173.mp3,Spot-breasted_Parrotbill,9.0,12.0
xc_downloads/Spot-breasted_Parrotbill/xc_857173.mp3,Spot-breasted_Parrotbill,12.0,15.0
xc_downloads/Spot-breasted_Parrotbill/xc_857173.mp3,Spot-breasted_Parrotbill,15.0,18.0
xc_downloads/Spot-breasted_Parrotbill/xc_857173.mp3,Spot-breasted_Parrotbill,18.0,21.0
xc_downloads/Spot-breasted_Parrotbill/xc_857173.mp3,Spot-breasted_Parrotbill,21.0,24.0
xc_downloads/Spot-breasted_Parrotbill/xc_857173.mp3,Spot-breasted_Parrotbill,24.0,27.0
xc_downloads/Spot-breasted_Parrotbill/xc_857173.mp3,Spot-breasted_Parrotbill,27.0,30.0
xc_downloads/Spot-breasted_Parrotbill/xc_857173.mp3,Spot-breasted_Parrotbill,30.0,33.0
xc_downloads/Spot-breasted_Parrotbill/xc_857173.mp3,Spot-breasted_Parrotbill,33.0,36.0
xc_downloads/Spot-breasted_Parrotbill/xc_857173.mp3,Spot-breasted_Parrotbill,36.0,39.0
xc_downloads/Spot-breasted_Parrotbill/xc_857173.mp3,Spot-breasted_Parrotbill,39.0,42.0
xc_downloads/Spot-breasted_Parrotbill/xc_857173.mp3,Spot-breasted_Parrotbill,42.0,45.0
xc_downloads/Spot-breasted_Parrotbill/xc_857173.mp3,Spot-breasted_Parrotbill,45.0,48.0
xc_downloads/Spot-breasted_Parrotbill/xc_857173.mp3,Spot-breasted_Parrotbill,48.0,51.0
xc_downloads/Spot-breasted_Parrotbill/xc_208747.mp3,Spot-breasted_Parrotbill,0,3.0
xc_downloads/Spot-breasted_Parrotbill/xc_208747.mp3,Spot-breasted_Parrotbill,3.0,6.0
xc_downloads/Spot-breasted_Parrotbill/xc_208747.mp3,Spot-breasted_Parrotbill,6.0,9.0
xc_downloads/Spot-breasted_Parrotbill/xc_208747.mp3,Spot-breasted_Parrotbill,9.0,12.0
xc_downloads/Spot-breasted_Parrotbill/xc_208747.mp3,Spot-breasted_Parrotbill,12.0,15.0
xc_downloads/Spot-breasted_Parrotbill/xc_208747.mp3,Spot-breasted_Parrotbill,15.0,18.0
xc_downloads/Spot-breasted_Parrotbill/xc_208747.mp3,Spot-breasted_Parrotbill,18.0,21.0
xc_downloads/Spot-breasted_Parrotbill/xc_114840.mp3,Spot-breasted_Parrotbill,0,3.0
xc_downloads/Spot-breasted_Parrotbill/xc_114840.mp3,Spot-breasted_Parrotbill,3.0,6.0
xc_downloads/Spot-breasted_Parrotbill/xc_114840.mp3,Spot-breasted_Parrotbill,6.0,9.0
xc_downloads/Spot-breasted_Parrotbill/xc_114840.mp3,Spot-breasted_Parrotbill,9.0,12.0
xc_downloads/Spot-breasted_Parrotbill/xc_114840.mp3,Spot-breasted_Parrotbill,12.0,15.0
xc_downloads/Spot-breasted_Parrotbill/xc_114840.mp3,Spot-breasted_Parrotbill,15.0,18.0
xc_downloads/Spot-breasted_Parrotbill/xc_114840.mp3,Spot-breasted_Parrotbill,18.0,21.0
xc_downloads/Spot-breasted_Parrotbill/xc_114840.mp3,Spot-breasted_Parrotbill,21.0,24.0
xc_downloads/Spot-breasted_Parrotbill/xc_114840.mp3,Spot-breasted_Parrotbill,24.0,27.0
xc_downloads/Spot-breasted_Parrotbill/xc_114840.mp3,Spot-breasted_Parrotbill,27.0,30.0
xc_downloads/Spot-breasted_Parrotbill/xc_114840.mp3,Spot-breasted_Parrotbill,30.0,33.0
xc_downloads/Spot-breasted_Parrotbill/xc_114840.mp3,Spot-breasted_Parrotbill,33.0,36.0
xc_downloads/Spot-breasted_Parrotbill/xc_114840.mp3,Spot-breasted_Parrotbill,36.0,39.0
xc_downloads/Spot-breasted_Parrotbill/xc_114840.mp3,Spot-breasted_Parrotbill,39.0,42.0
xc_downloads/Spot-breasted_Parrotbill/xc_114840.mp3,Spot-breasted_Parrotbill,42.0,45.0
xc_downloads/Spot-breasted_Parrotbill/xc_114840.mp3,Spot-breasted_Parrotbill,45.0,48.0
xc_downloads/Spot-breasted_Parrotbill/xc_114840.mp3,Spot-breasted_Parrotbill,48.0,51.0
xc_downloads/Spot-breasted_Parrotbill/xc_114840.mp3,Spot-breasted_Parrotbill,51.0,54.0
xc_downloads/Spot-breasted_Parrotbill/xc_114840.mp3,Spot-breasted_Parrotbill,54.0,57.0
xc_downloads/Spot-breasted_Parrotbill/xc_114840.mp3,Spot-breasted_Parrotbill,57.0,60.0
xc_downloads/Spot-breasted_Parrotbill/xc_114840.mp3,Spot-breasted_Parrotbill,60.0,63.0
xc_downloads/Spot-breasted_Parrotbill/xc_114840.mp3,Spot-breasted_Parrotbill,63.0,66.0
xc_downloads/Spot-breasted_Parrotbill/xc_114840.mp3,Spot-breasted_Parrotbill,66.0,69.0
xc_downloads/Spot-breasted_Parrotbill/xc_114840.mp3,Spot-breasted_Parrotbill,69.0,72.0
xc_downloads/Spot-breasted_Parrotbill/xc_114840.mp3,Spot-breasted_Parrotbill,72.0,75.0
xc_downloads/Spot-breasted_Parrotbill/xc_114840.mp3,Spot-breasted_Parrotbill,75.0,78.0
xc_downloads/Spot-breasted_Parrotbill/xc_114840.mp3,Spot-breasted_Parrotbill,78.0,81.0
xc_downloads/Spot-breasted_Parrotbill/xc_114840.mp3,Spot-breasted_Parrotbill,81.0,84.0
xc_downloads/Spot-breasted_Parrotbill/xc_548390.mp3,Spot-breasted_Parrotbill,0,3.0
xc_downloads/Spot-breasted_Parrotbill/xc_548390.mp3,Spot-breasted_Parrotbill,3.0,6.0
xc_downloads/Spot-breasted_Parrotbill/xc_548390.mp3,Spot-breasted_Parrotbill,6.0,9.0
xc_downloads/Spot-breasted_Parrotbill/xc_548390.mp3,Spot-breasted_Parrotbill,9.0,12.0
xc_downloads/Spot-breasted_Parrotbill/xc_548390.mp3,Spot-breasted_Parrotbill,12.0,15.0
xc_downloads/Spot-breasted_Parrotbill/xc_89870.mp3,Spot-breasted_Parrotbill,0,3.0
xc_downloads/Spot-breasted_Parrotbill/xc_89870.mp3,Spot-breasted_Parrotbill,3.0,6.0
xc_downloads/Spot-breasted_Parrotbill/xc_89870.mp3,Spot-breasted_Parrotbill,6.0,9.0
xc_downloads/Spot-breasted_Parrotbill/xc_89870.mp3,Spot-breasted_Parrotbill,9.0,12.0
xc_downloads/Spot-breasted_Parrotbill/xc_89870.mp3,Spot-breasted_Parrotbill,12.0,15.0
xc_downloads/Spot-breasted_Parrotbill/xc_89870.mp3,Spot-breasted_Parrotbill,15.0,18.0
xc_downloads/Spot-breasted_Parrotbill/xc_89870.mp3,Spot-breasted_Parrotbill,18.0,21.0
xc_downloads/Spot-breasted_Parrotbill/xc_89870.mp3,Spot-breasted_Parrotbill,21.0,24.0
xc_downloads/Spot-breasted_Parrotbill/xc_89870.mp3,Spot-breasted_Parrotbill,24.0,27.0
xc_downloads/Spot-breasted_Parrotbill/xc_89870.mp3,Spot-breasted_Parrotbill,27.0,30.0
xc_downloads/Spot-breasted_Parrotbill/xc_89870.mp3,Spot-breasted_Parrotbill,30.0,33.0
xc_downloads/Spot-breasted_Parrotbill/xc_89870.mp3,Spot-breasted_Parrotbill,33.0,36.0
xc_downloads/Spot-breasted_Parrotbill/xc_89870.mp3,Spot-breasted_Parrotbill,36.0,39.0
xc_downloads/Spot-breasted_Parrotbill/xc_89870.mp3,Spot-breasted_Parrotbill,39.0,42.0
xc_downloads/Spot-breasted_Parrotbill/xc_89870.mp3,Spot-breasted_Parrotbill,42.0,45.0
xc_downloads/Spot-breasted_Parrotbill/xc_89870.mp3,Spot-breasted_Parrotbill,45.0,48.0
xc_downloads/Spot-breasted_Parrotbill/xc_89870.mp3,Spot-breasted_Parrotbill,48.0,51.0
xc_downloads/Spot-breasted_Parrotbill/xc_89870.mp3,Spot-breasted_Parrotbill,51.0,54.0
xc_downloads/Spot-breasted_Parrotbill/xc_89870.mp3,Spot-breasted_Parrotbill,54.0,57.0
xc_downloads/Spot-breasted_Parrotbill/xc_89870.mp3,Spot-breasted_Parrotbill,57.0,60.0
xc_downloads/Spot-breasted_Parrotbill/xc_89870.mp3,Spot-breasted_Parrotbill,60.0,63.0
xc_downloads/Spot-breasted_Parrotbill/xc_89870.mp3,Spot-breasted_Parrotbill,63.0,66.0
xc_downloads/Spot-breasted_Parrotbill/xc_89870.mp3,Spot-breasted_Parrotbill,66.0,69.0
xc_downloads/Spot-breasted_Parrotbill/xc_89870.mp3,Spot-breasted_Parrotbill,69.0,72.0
xc_downloads/Spot-breasted_Parrotbill/xc_549682.mp3,Spot-breasted_Parrotbill,0,3.0
xc_downloads/Spot-breasted_Parrotbill/xc_549682.mp3,Spot-breasted_Parrotbill,3.0,6.0
xc_downloads/Spot-breasted_Parrotbill/xc_549682.mp3,Spot-breasted_Parrotbill,6.0,9.0
xc_downloads/Spot-breasted_Parrotbill/xc_549682.mp3,Spot-breasted_Parrotbill,9.0,12.0
xc_downloads/Spot-breasted_Parrotbill/xc_549682.mp3,Spot-breasted_Parrotbill,12.0,15.0
xc_downloads/Spot-breasted_Parrotbill/xc_549682.mp3,Spot-breasted_Parrotbill,15.0,18.0
xc_downloads/Spot-breasted_Parrotbill/xc_549682.mp3,Spot-breasted_Parrotbill,18.0,21.0
xc_downloads/Spot-breasted_Parrotbill/xc_549682.mp3,Spot-breasted_Parrotbill,21.0,24.0
xc_downloads/Spot-breasted_Parrotbill/xc_208749.mp3,Spot-breasted_Parrotbill,0,3.0
xc_downloads/Spot-breasted_Parrotbill/xc_208749.mp3,Spot-breasted_Parrotbill,3.0,6.0
xc_downloads/Spot-breasted_Parrotbill/xc_208749.mp3,Spot-breasted_Parrotbill,6.0,9.0
xc_downloads/Spot-breasted_Parrotbill/xc_208749.mp3,Spot-breasted_Parrotbill,9.0,12.0
xc_downloads/Spot-breasted_Parrotbill/xc_208749.mp3,Spot-breasted_Parrotbill,12.0,15.0
xc_downloads/Spot-breasted_Parrotbill/xc_208749.mp3,Spot-breasted_Parrotbill,15.0,18.0
xc_downloads/Spot-breasted_Parrotbill/xc_208749.mp3,Spot-breasted_Parrotbill,18.0,21.0
xc_downloads/Spot-breasted_Parrotbill/xc_208749.mp3,Spot-breasted_Parrotbill,21.0,24.0
xc_downloads/Spot-breasted_Parrotbill/xc_685984.mp3,Spot-breasted_Parrotbill,0,3.0
xc_downloads/Spot-breasted_Parrotbill/xc_685984.mp3,Spot-breasted_Parrotbill,3.0,6.0
xc_downloads/Spot-breasted_Parrotbill/xc_685984.mp3,Spot-breasted_Parrotbill,6.0,9.0
xc_downloads/Spot-breasted_Parrotbill/xc_685984.mp3,Spot-breasted_Parrotbill,9.0,12.0
xc_downloads/Spot-breasted_Parrotbill/xc_685984.mp3,Spot-breasted_Parrotbill,12.0,15.0
xc_downloads/Spot-breasted_Parrotbill/xc_685984.mp3,Spot-breasted_Parrotbill,15.0,18.0
xc_downloads/Spot-breasted_Parrotbill/xc_685984.mp3,Spot-breasted_Parrotbill,18.0,21.0
xc_downloads/Spot-breasted_Parrotbill/xc_685984.mp3,Spot-breasted_Parrotbill,21.0,24.0
xc_downloads/Streaked_Spiderhunter/xc_453303.mp3,Streaked_Spiderhunter,0,3.0
xc_downloads/Streaked_Spiderhunter/xc_453303.mp3,Streaked_Spiderhunter,3.0,6.0
xc_downloads/Streaked_Spiderhunter/xc_453303.mp3,Streaked_Spiderhunter,6.0,9.0
xc_downloads/Streaked_Spiderhunter/xc_453303.mp3,Streaked_Spiderhunter,9.0,12.0
xc_downloads/Streaked_Spiderhunter/xc_453303.mp3,Streaked_Spiderhunter,12.0,15.0
xc_downloads/Streaked_Spiderhunter/xc_453303.mp3,Streaked_Spiderhunter,15.0,18.0
xc_downloads/Streaked_Spiderhunter/xc_453303.mp3,Streaked_Spiderhunter,18.0,21.0
xc_downloads/Streaked_Spiderhunter/xc_453303.mp3,Streaked_Spiderhunter,21.0,24.0
xc_downloads/Streaked_Spiderhunter/xc_453303.mp3,Streaked_Spiderhunter,24.0,27.0
xc_downloads/Streaked_Spiderhunter/xc_453303.mp3,Streaked_Spiderhunter,27.0,30.0
xc_downloads/Streaked_Spiderhunter/xc_453303.mp3,Streaked_Spiderhunter,30.0,33.0
xc_downloads/Streaked_Spiderhunter/xc_453303.mp3,Streaked_Spiderhunter,33.0,36.0
xc_downloads/Streaked_Spiderhunter/xc_115702.mp3,Streaked_Spiderhunter,0,3.0
xc_downloads/Streaked_Spiderhunter/xc_115702.mp3,Streaked_Spiderhunter,3.0,6.0
xc_downloads/Streaked_Spiderhunter/xc_531073.mp3,Streaked_Spiderhunter,0,3.0
xc_downloads/Streaked_Spiderhunter/xc_531073.mp3,Streaked_Spiderhunter,3.0,6.0
xc_downloads/Streaked_Spiderhunter/xc_531073.mp3,Streaked_Spiderhunter,6.0,9.0
xc_downloads/Streaked_Spiderhunter/xc_531073.mp3,Streaked_Spiderhunter,9.0,12.0
xc_downloads/Streaked_Spiderhunter/xc_531073.mp3,Streaked_Spiderhunter,12.0,15.0
xc_downloads/Streaked_Spiderhunter/xc_49796.mp3,Streaked_Spiderhunter,0,3.0
xc_downloads/Streaked_Spiderhunter/xc_49796.mp3,Streaked_Spiderhunter,3.0,6.0
xc_downloads/Streaked_Spiderhunter/xc_49796.mp3,Streaked_Spiderhunter,6.0,9.0
xc_downloads/Streaked_Spiderhunter/xc_49796.mp3,Streaked_Spiderhunter,9.0,12.0
xc_downloads/Streaked_Spiderhunter/xc_49796.mp3,Streaked_Spiderhunter,12.0,15.0
xc_downloads/Streaked_Spiderhunter/xc_49796.mp3,Streaked_Spiderhunter,15.0,18.0
xc_downloads/Streaked_Spiderhunter/xc_49796.mp3,Streaked_Spiderhunter,18.0,21.0
xc_downloads/Streaked_Spiderhunter/xc_49796.mp3,Streaked_Spiderhunter,21.0,24.0
xc_downloads/Streaked_Spiderhunter/xc_49796.mp3,Streaked_Spiderhunter,24.0,27.0
xc_downloads/Streaked_Spiderhunter/xc_49796.mp3,Streaked_Spiderhunter,27.0,30.0
xc_downloads/Streaked_Spiderhunter/xc_49796.mp3,Streaked_Spiderhunter,30.0,33.0
xc_downloads/Streaked_Spiderhunter/xc_49796.mp3,Streaked_Spiderhunter,33.0,36.0
xc_downloads/Streaked_Spiderhunter/xc_49796.mp3,Streaked_Spiderhunter,36.0,39.0
xc_downloads/Streaked_Spiderhunter/xc_49796.mp3,Streaked_Spiderhunter,39.0,42.0
xc_downloads/Streaked_Spiderhunter/xc_49796.mp3,Streaked_Spiderhunter,42.0,45.0
xc_downloads/Streaked_Spiderhunter/xc_49796.mp3,Streaked_Spiderhunter,45.0,48.0
xc_downloads/Streaked_Spiderhunter/xc_49796.mp3,Streaked_Spiderhunter,48.0,51.0
xc_downloads/Streaked_Spiderhunter/xc_157697.mp3,Streaked_Spiderhunter,0,3.0
xc_downloads/Streaked_Spiderhunter/xc_157697.mp3,Streaked_Spiderhunter,3.0,6.0
xc_downloads/Streaked_Spiderhunter/xc_157697.mp3,Streaked_Spiderhunter,6.0,9.0
xc_downloads/Streaked_Spiderhunter/xc_157697.mp3,Streaked_Spiderhunter,9.0,12.0
xc_downloads/Streaked_Spiderhunter/xc_157697.mp3,Streaked_Spiderhunter,12.0,15.0
xc_downloads/Streaked_Spiderhunter/xc_157697.mp3,Streaked_Spiderhunter,15.0,18.0
xc_downloads/Streaked_Spiderhunter/xc_157697.mp3,Streaked_Spiderhunter,18.0,21.0
xc_downloads/Streaked_Spiderhunter/xc_157697.mp3,Streaked_Spiderhunter,21.0,24.0
xc_downloads/Streaked_Spiderhunter/xc_157697.mp3,Streaked_Spiderhunter,24.0,27.0
xc_downloads/Streaked_Spiderhunter/xc_157697.mp3,Streaked_Spiderhunter,27.0,30.0
xc_downloads/Streaked_Spiderhunter/xc_509309.mp3,Streaked_Spiderhunter,0,3.0
xc_downloads/Streaked_Spiderhunter/xc_509309.mp3,Streaked_Spiderhunter,3.0,6.0
xc_downloads/Streaked_Spiderhunter/xc_509309.mp3,Streaked_Spiderhunter,6.0,9.0
xc_downloads/Streaked_Spiderhunter/xc_509309.mp3,Streaked_Spiderhunter,9.0,12.0
xc_downloads/Streaked_Spiderhunter/xc_508302.mp3,Streaked_Spiderhunter,0,3.0
xc_downloads/Streaked_Spiderhunter/xc_79919.mp3,Streaked_Spiderhunter,0,3.0
xc_downloads/Streaked_Spiderhunter/xc_79919.mp3,Streaked_Spiderhunter,3.0,6.0
xc_downloads/Streaked_Spiderhunter/xc_79919.mp3,Streaked_Spiderhunter,6.0,9.0
xc_downloads/Streaked_Spiderhunter/xc_79919.mp3,Streaked_Spiderhunter,9.0,12.0
xc_downloads/Streaked_Spiderhunter/xc_79919.mp3,Streaked_Spiderhunter,12.0,15.0
xc_downloads/Streaked_Spiderhunter/xc_79919.mp3,Streaked_Spiderhunter,15.0,18.0
xc_downloads/Streaked_Spiderhunter/xc_79919.mp3,Streaked_Spiderhunter,18.0,21.0
xc_downloads/Streaked_Spiderhunter/xc_426412.mp3,Streaked_Spiderhunter,0,3.0
xc_downloads/Streaked_Spiderhunter/xc_653899.mp3,Streaked_Spiderhunter,0,3.0
xc_downloads/Streaked_Spiderhunter/xc_653899.mp3,Streaked_Spiderhunter,3.0,6.0
xc_downloads/Streaked_Spiderhunter/xc_653899.mp3,Streaked_Spiderhunter,6.0,9.0
xc_downloads/Streaked_Spiderhunter/xc_653899.mp3,Streaked_Spiderhunter,9.0,12.0
xc_downloads/Streaked_Spiderhunter/xc_653899.mp3,Streaked_Spiderhunter,12.0,15.0
xc_downloads/Streaked_Spiderhunter/xc_653899.mp3,Streaked_Spiderhunter,15.0,18.0
xc_downloads/Streaked_Spiderhunter/xc_653899.mp3,Streaked_Spiderhunter,18.0,21.0
xc_downloads/Streaked_Spiderhunter/xc_368759.mp3,Streaked_Spiderhunter,0,3.0
xc_downloads/Streaked_Spiderhunter/xc_368759.mp3,Streaked_Spiderhunter,3.0,6.0
xc_downloads/Streaked_Spiderhunter/xc_368759.mp3,Streaked_Spiderhunter,6.0,9.0
xc_downloads/Streaked_Spiderhunter/xc_549639.mp3,Streaked_Spiderhunter,0,3.0
xc_downloads/Streaked_Spiderhunter/xc_549639.mp3,Streaked_Spiderhunter,3.0,6.0
xc_downloads/Streaked_Spiderhunter/xc_549639.mp3,Streaked_Spiderhunter,6.0,9.0
xc_downloads/Streaked_Spiderhunter/xc_549639.mp3,Streaked_Spiderhunter,9.0,12.0
xc_downloads/Streaked_Spiderhunter/xc_549639.mp3,Streaked_Spiderhunter,12.0,15.0
xc_downloads/Streaked_Spiderhunter/xc_549639.mp3,Streaked_Spiderhunter,15.0,18.0
xc_downloads/Streaked_Spiderhunter/xc_426411.mp3,Streaked_Spiderhunter,0,3.0
xc_downloads/Streaked_Spiderhunter/xc_426411.mp3,Streaked_Spiderhunter,3.0,6.0
xc_downloads/Streaked_Spiderhunter/xc_881495.mp3,Streaked_Spiderhunter,0,3.0
xc_downloads/Streaked_Spiderhunter/xc_881495.mp3,Streaked_Spiderhunter,3.0,6.0
xc_downloads/Streaked_Spiderhunter/xc_881495.mp3,Streaked_Spiderhunter,6.0,9.0
xc_downloads/Streaked_Spiderhunter/xc_881495.mp3,Streaked_Spiderhunter,9.0,12.0
xc_downloads/Streaked_Spiderhunter/xc_292621.mp3,Streaked_Spiderhunter,0,3.0
xc_downloads/Streaked_Spiderhunter/xc_292621.mp3,Streaked_Spiderhunter,3.0,6.0
xc_downloads/Streaked_Spiderhunter/xc_292621.mp3,Streaked_Spiderhunter,6.0,9.0
xc_downloads/Streaked_Spiderhunter/xc_292621.mp3,Streaked_Spiderhunter,9.0,12.0
xc_downloads/Streaked_Spiderhunter/xc_292621.mp3,Streaked_Spiderhunter,12.0,15.0
xc_downloads/Streaked_Spiderhunter/xc_292621.mp3,Streaked_Spiderhunter,15.0,18.0
xc_downloads/Streaked_Spiderhunter/xc_292621.mp3,Streaked_Spiderhunter,18.0,21.0
xc_downloads/Streaked_Spiderhunter/xc_292621.mp3,Streaked_Spiderhunter,21.0,24.0
xc_downloads/Tickells_Leaf_Warbler/xc_547628.mp3,Tickells_Leaf_Warbler,0,3.0
xc_downloads/Tickells_Leaf_Warbler/xc_547628.mp3,Tickells_Leaf_Warbler,3.0,6.0
xc_downloads/Tickells_Leaf_Warbler/xc_547628.mp3,Tickells_Leaf_Warbler,6.0,9.0
xc_downloads/Tickells_Leaf_Warbler/xc_547628.mp3,Tickells_Leaf_Warbler,9.0,12.0
xc_downloads/Tickells_Leaf_Warbler/xc_547628.mp3,Tickells_Leaf_Warbler,12.0,15.0
xc_downloads/Tickells_Leaf_Warbler/xc_547628.mp3,Tickells_Leaf_Warbler,15.0,18.0
xc_downloads/Tickells_Leaf_Warbler/xc_547628.mp3,Tickells_Leaf_Warbler,18.0,21.0
xc_downloads/Tickells_Leaf_Warbler/xc_547628.mp3,Tickells_Leaf_Warbler,21.0,24.0
xc_downloads/Tickells_Leaf_Warbler/xc_547628.mp3,Tickells_Leaf_Warbler,24.0,27.0
xc_downloads/Tickells_Leaf_Warbler/xc_547628.mp3,Tickells_Leaf_Warbler,27.0,30.0
xc_downloads/Tickells_Leaf_Warbler/xc_547628.mp3,Tickells_Leaf_Warbler,30.0,33.0
xc_downloads/Tickells_Leaf_Warbler/xc_547628.mp3,Tickells_Leaf_Warbler,33.0,36.0
xc_downloads/Tickells_Leaf_Warbler/xc_547628.mp3,Tickells_Leaf_Warbler,36.0,39.0
xc_downloads/Tickells_Leaf_Warbler/xc_547628.mp3,Tickells_Leaf_Warbler,39.0,42.0
xc_downloads/Tickells_Leaf_Warbler/xc_547628.mp3,Tickells_Leaf_Warbler,42.0,45.0
xc_downloads/Tickells_Leaf_Warbler/xc_547628.mp3,Tickells_Leaf_Warbler,45.0,48.0
xc_downloads/Tickells_Leaf_Warbler/xc_547628.mp3,Tickells_Leaf_Warbler,48.0,51.0
xc_downloads/Tickells_Leaf_Warbler/xc_547628.mp3,Tickells_Leaf_Warbler,51.0,54.0
xc_downloads/Tickells_Leaf_Warbler/xc_547628.mp3,Tickells_Leaf_Warbler,54.0,57.0
xc_downloads/Tickells_Leaf_Warbler/xc_547628.mp3,Tickells_Leaf_Warbler,57.0,60.0
xc_downloads/Tickells_Leaf_Warbler/xc_547628.mp3,Tickells_Leaf_Warbler,60.0,63.0
xc_downloads/Tickells_Leaf_Warbler/xc_547628.mp3,Tickells_Leaf_Warbler,63.0,66.0
xc_downloads/Tickells_Leaf_Warbler/xc_547628.mp3,Tickells_Leaf_Warbler,66.0,69.0
xc_downloads/Tickells_Leaf_Warbler/xc_547628.mp3,Tickells_Leaf_Warbler,69.0,72.0
xc_downloads/Tickells_Leaf_Warbler/xc_547628.mp3,Tickells_Leaf_Warbler,72.0,75.0
xc_downloads/Tickells_Leaf_Warbler/xc_547628.mp3,Tickells_Leaf_Warbler,75.0,78.0
xc_downloads/Tickells_Leaf_Warbler/xc_547628.mp3,Tickells_Leaf_Warbler,78.0,81.0
xc_downloads/Tickells_Leaf_Warbler/xc_547628.mp3,Tickells_Leaf_Warbler,81.0,84.0
xc_downloads/Tickells_Leaf_Warbler/xc_547628.mp3,Tickells_Leaf_Warbler,84.0,87.0
xc_downloads/Tickells_Leaf_Warbler/xc_547628.mp3,Tickells_Leaf_Warbler,87.0,90.0
xc_downloads/Tickells_Leaf_Warbler/xc_547628.mp3,Tickells_Leaf_Warbler,90.0,93.0
xc_downloads/Tickells_Leaf_Warbler/xc_547628.mp3,Tickells_Leaf_Warbler,93.0,96.0
xc_downloads/Tickells_Leaf_Warbler/xc_547628.mp3,Tickells_Leaf_Warbler,96.0,99.0
xc_downloads/Tickells_Leaf_Warbler/xc_547628.mp3,Tickells_Leaf_Warbler,99.0,102.0
xc_downloads/Tickells_Leaf_Warbler/xc_547628.mp3,Tickells_Leaf_Warbler,102.0,105.0
xc_downloads/Tickells_Leaf_Warbler/xc_547628.mp3,Tickells_Leaf_Warbler,105.0,108.0
xc_downloads/Tickells_Leaf_Warbler/xc_547628.mp3,Tickells_Leaf_Warbler,108.0,111.0
xc_downloads/Tickells_Leaf_Warbler/xc_547628.mp3,Tickells_Leaf_Warbler,111.0,114.0
xc_downloads/Tickells_Leaf_Warbler/xc_547628.mp3,Tickells_Leaf_Warbler,114.0,117.0
xc_downloads/Tickells_Leaf_Warbler/xc_547628.mp3,Tickells_Leaf_Warbler,117.0,120.0
xc_downloads/Tickells_Leaf_Warbler/xc_547628.mp3,Tickells_Leaf_Warbler,120.0,123.0
xc_downloads/Tickells_Leaf_Warbler/xc_547628.mp3,Tickells_Leaf_Warbler,123.0,126.0
xc_downloads/Tickells_Leaf_Warbler/xc_547628.mp3,Tickells_Leaf_Warbler,126.0,129.0
xc_downloads/Tickells_Leaf_Warbler/xc_547628.mp3,Tickells_Leaf_Warbler,129.0,132.0
xc_downloads/Tickells_Leaf_Warbler/xc_547628.mp3,Tickells_Leaf_Warbler,132.0,135.0
xc_downloads/Tickells_Leaf_Warbler/xc_547628.mp3,Tickells_Leaf_Warbler,135.0,138.0
xc_downloads/Tickells_Leaf_Warbler/xc_547628.mp3,Tickells_Leaf_Warbler,138.0,141.0
xc_downloads/Tickells_Leaf_Warbler/xc_547628.mp3,Tickells_Leaf_Warbler,141.0,144.0
xc_downloads/Tickells_Leaf_Warbler/xc_547628.mp3,Tickells_Leaf_Warbler,144.0,147.0
xc_downloads/Tickells_Leaf_Warbler/xc_547628.mp3,Tickells_Leaf_Warbler,147.0,150.0
xc_downloads/Tickells_Leaf_Warbler/xc_547628.mp3,Tickells_Leaf_Warbler,150.0,153.0
xc_downloads/Tickells_Leaf_Warbler/xc_547628.mp3,Tickells_Leaf_Warbler,153.0,156.0
xc_downloads/Tickells_Leaf_Warbler/xc_547628.mp3,Tickells_Leaf_Warbler,156.0,159.0
xc_downloads/Tickells_Leaf_Warbler/xc_547628.mp3,Tickells_Leaf_Warbler,159.0,162.0
xc_downloads/Tickells_Leaf_Warbler/xc_547628.mp3,Tickells_Leaf_Warbler,162.0,165.0
xc_downloads/Tickells_Leaf_Warbler/xc_547628.mp3,Tickells_Leaf_Warbler,165.0,168.0
xc_downloads/Tickells_Leaf_Warbler/xc_399013.mp3,Tickells_Leaf_Warbler,0,3.0
xc_downloads/Tickells_Leaf_Warbler/xc_399013.mp3,Tickells_Leaf_Warbler,3.0,6.0
xc_downloads/Tickells_Leaf_Warbler/xc_399013.mp3,Tickells_Leaf_Warbler,6.0,9.0
xc_downloads/Tickells_Leaf_Warbler/xc_399013.mp3,Tickells_Leaf_Warbler,9.0,12.0
xc_downloads/Tickells_Leaf_Warbler/xc_399013.mp3,Tickells_Leaf_Warbler,12.0,15.0
xc_downloads/Tickells_Leaf_Warbler/xc_399013.mp3,Tickells_Leaf_Warbler,15.0,18.0
xc_downloads/Tickells_Leaf_Warbler/xc_399013.mp3,Tickells_Leaf_Warbler,18.0,21.0
xc_downloads/Tickells_Leaf_Warbler/xc_399013.mp3,Tickells_Leaf_Warbler,21.0,24.0
xc_downloads/Tickells_Leaf_Warbler/xc_399013.mp3,Tickells_Leaf_Warbler,24.0,27.0
xc_downloads/Tickells_Leaf_Warbler/xc_399013.mp3,Tickells_Leaf_Warbler,27.0,30.0
xc_downloads/Tickells_Leaf_Warbler/xc_399013.mp3,Tickells_Leaf_Warbler,30.0,33.0
xc_downloads/Tickells_Leaf_Warbler/xc_399013.mp3,Tickells_Leaf_Warbler,33.0,36.0
xc_downloads/Tickells_Leaf_Warbler/xc_399013.mp3,Tickells_Leaf_Warbler,36.0,39.0
xc_downloads/Tickells_Leaf_Warbler/xc_399013.mp3,Tickells_Leaf_Warbler,39.0,42.0
xc_downloads/Tickells_Leaf_Warbler/xc_399013.mp3,Tickells_Leaf_Warbler,42.0,45.0
xc_downloads/Tickells_Leaf_Warbler/xc_399013.mp3,Tickells_Leaf_Warbler,45.0,48.0
xc_downloads/Tickells_Leaf_Warbler/xc_399013.mp3,Tickells_Leaf_Warbler,48.0,51.0
xc_downloads/Tickells_Leaf_Warbler/xc_399013.mp3,Tickells_Leaf_Warbler,51.0,54.0
xc_downloads/Tickells_Leaf_Warbler/xc_399013.mp3,Tickells_Leaf_Warbler,54.0,57.0
xc_downloads/Tickells_Leaf_Warbler/xc_399013.mp3,Tickells_Leaf_Warbler,57.0,60.0
xc_downloads/Tickells_Leaf_Warbler/xc_399013.mp3,Tickells_Leaf_Warbler,60.0,63.0
xc_downloads/Tickells_Leaf_Warbler/xc_399013.mp3,Tickells_Leaf_Warbler,63.0,66.0
xc_downloads/Tickells_Leaf_Warbler/xc_399013.mp3,Tickells_Leaf_Warbler,66.0,69.0
xc_downloads/Tickells_Leaf_Warbler/xc_399013.mp3,Tickells_Leaf_Warbler,69.0,72.0
xc_downloads/Tickells_Leaf_Warbler/xc_399013.mp3,Tickells_Leaf_Warbler,72.0,75.0
xc_downloads/Tickells_Leaf_Warbler/xc_399013.mp3,Tickells_Leaf_Warbler,75.0,78.0
xc_downloads/Tickells_Leaf_Warbler/xc_399013.mp3,Tickells_Leaf_Warbler,78.0,81.0
xc_downloads/Tickells_Leaf_Warbler/xc_399013.mp3,Tickells_Leaf_Warbler,81.0,84.0
xc_downloads/Tickells_Leaf_Warbler/xc_399013.mp3,Tickells_Leaf_Warbler,84.0,87.0
xc_downloads/Tickells_Leaf_Warbler/xc_399013.mp3,Tickells_Leaf_Warbler,87.0,90.0
xc_downloads/Tickells_Leaf_Warbler/xc_399013.mp3,Tickells_Leaf_Warbler,90.0,93.0
xc_downloads/Tickells_Leaf_Warbler/xc_399013.mp3,Tickells_Leaf_Warbler,93.0,96.0
xc_downloads/Tickells_Leaf_Warbler/xc_399013.mp3,Tickells_Leaf_Warbler,96.0,99.0
xc_downloads/Tickells_Leaf_Warbler/xc_399013.mp3,Tickells_Leaf_Warbler,99.0,102.0
xc_downloads/Tickells_Leaf_Warbler/xc_399013.mp3,Tickells_Leaf_Warbler,102.0,105.0
xc_downloads/Tickells_Leaf_Warbler/xc_399013.mp3,Tickells_Leaf_Warbler,105.0,108.0
xc_downloads/Tickells_Leaf_Warbler/xc_399013.mp3,Tickells_Leaf_Warbler,108.0,111.0
xc_downloads/Tickells_Leaf_Warbler/xc_399013.mp3,Tickells_Leaf_Warbler,111.0,114.0
xc_downloads/Tickells_Leaf_Warbler/xc_399013.mp3,Tickells_Leaf_Warbler,114.0,117.0
xc_downloads/Tickells_Leaf_Warbler/xc_399013.mp3,Tickells_Leaf_Warbler,117.0,120.0
xc_downloads/Tickells_Leaf_Warbler/xc_399013.mp3,Tickells_Leaf_Warbler,120.0,123.0
xc_downloads/Tickells_Leaf_Warbler/xc_399013.mp3,Tickells_Leaf_Warbler,123.0,126.0
xc_downloads/Tickells_Leaf_Warbler/xc_399013.mp3,Tickells_Leaf_Warbler,126.0,129.0
xc_downloads/Tickells_Leaf_Warbler/xc_399013.mp3,Tickells_Leaf_Warbler,129.0,132.0
xc_downloads/Tickells_Leaf_Warbler/xc_399013.mp3,Tickells_Leaf_Warbler,132.0,135.0
xc_downloads/Tickells_Leaf_Warbler/xc_399013.mp3,Tickells_Leaf_Warbler,135.0,138.0
xc_downloads/Tickells_Leaf_Warbler/xc_399013.mp3,Tickells_Leaf_Warbler,138.0,141.0
xc_downloads/Tickells_Leaf_Warbler/xc_399013.mp3,Tickells_Leaf_Warbler,141.0,144.0
xc_downloads/Tickells_Leaf_Warbler/xc_399013.mp3,Tickells_Leaf_Warbler,144.0,147.0
xc_downloads/Tickells_Leaf_Warbler/xc_399013.mp3,Tickells_Leaf_Warbler,147.0,150.0
xc_downloads/Tickells_Leaf_Warbler/xc_399013.mp3,Tickells_Leaf_Warbler,150.0,153.0
xc_downloads/Tickells_Leaf_Warbler/xc_399013.mp3,Tickells_Leaf_Warbler,153.0,156.0
xc_downloads/Tickells_Leaf_Warbler/xc_399013.mp3,Tickells_Leaf_Warbler,156.0,159.0
xc_downloads/Tickells_Leaf_Warbler/xc_399013.mp3,Tickells_Leaf_Warbler,159.0,162.0
xc_downloads/Tickells_Leaf_Warbler/xc_399013.mp3,Tickells_Leaf_Warbler,162.0,165.0
xc_downloads/Tickells_Leaf_Warbler/xc_399013.mp3,Tickells_Leaf_Warbler,165.0,168.0
xc_downloads/Tickells_Leaf_Warbler/xc_399013.mp3,Tickells_Leaf_Warbler,168.0,171.0
xc_downloads/Tickells_Leaf_Warbler/xc_399013.mp3,Tickells_Leaf_Warbler,171.0,174.0
xc_downloads/Tickells_Leaf_Warbler/xc_399013.mp3,Tickells_Leaf_Warbler,174.0,177.0
xc_downloads/Tickells_Leaf_Warbler/xc_399013.mp3,Tickells_Leaf_Warbler,177.0,180.0
xc_downloads/Tickells_Leaf_Warbler/xc_399013.mp3,Tickells_Leaf_Warbler,180.0,183.0
xc_downloads/Tickells_Leaf_Warbler/xc_399013.mp3,Tickells_Leaf_Warbler,183.0,186.0
xc_downloads/Tickells_Leaf_Warbler/xc_399013.mp3,Tickells_Leaf_Warbler,186.0,189.0
xc_downloads/Tickells_Leaf_Warbler/xc_399013.mp3,Tickells_Leaf_Warbler,189.0,192.0
xc_downloads/Tickells_Leaf_Warbler/xc_30770.mp3,Tickells_Leaf_Warbler,0,3.0
xc_downloads/Tickells_Leaf_Warbler/xc_30770.mp3,Tickells_Leaf_Warbler,3.0,6.0
xc_downloads/Tickells_Leaf_Warbler/xc_30770.mp3,Tickells_Leaf_Warbler,6.0,9.0
xc_downloads/Tickells_Leaf_Warbler/xc_30770.mp3,Tickells_Leaf_Warbler,9.0,12.0
xc_downloads/Tickells_Leaf_Warbler/xc_30770.mp3,Tickells_Leaf_Warbler,12.0,15.0
xc_downloads/Tickells_Leaf_Warbler/xc_30770.mp3,Tickells_Leaf_Warbler,15.0,18.0
xc_downloads/Tickells_Leaf_Warbler/xc_30770.mp3,Tickells_Leaf_Warbler,18.0,21.0
xc_downloads/Tickells_Leaf_Warbler/xc_30770.mp3,Tickells_Leaf_Warbler,21.0,24.0
xc_downloads/Tickells_Leaf_Warbler/xc_30770.mp3,Tickells_Leaf_Warbler,24.0,27.0
xc_downloads/Tickells_Leaf_Warbler/xc_30770.mp3,Tickells_Leaf_Warbler,27.0,30.0
xc_downloads/Tickells_Leaf_Warbler/xc_30770.mp3,Tickells_Leaf_Warbler,30.0,33.0
xc_downloads/Tickells_Leaf_Warbler/xc_30770.mp3,Tickells_Leaf_Warbler,33.0,36.0
xc_downloads/Tickells_Leaf_Warbler/xc_30770.mp3,Tickells_Leaf_Warbler,36.0,39.0
xc_downloads/Tickells_Leaf_Warbler/xc_30770.mp3,Tickells_Leaf_Warbler,39.0,42.0
xc_downloads/Tickells_Leaf_Warbler/xc_30770.mp3,Tickells_Leaf_Warbler,42.0,45.0
xc_downloads/Tickells_Leaf_Warbler/xc_30770.mp3,Tickells_Leaf_Warbler,45.0,48.0
xc_downloads/Tickells_Leaf_Warbler/xc_879009.mp3,Tickells_Leaf_Warbler,0,3.0
xc_downloads/Tickells_Leaf_Warbler/xc_879009.mp3,Tickells_Leaf_Warbler,3.0,6.0
xc_downloads/Tickells_Leaf_Warbler/xc_879009.mp3,Tickells_Leaf_Warbler,6.0,9.0
xc_downloads/Tickells_Leaf_Warbler/xc_879009.mp3,Tickells_Leaf_Warbler,9.0,12.0
xc_downloads/Tickells_Leaf_Warbler/xc_879009.mp3,Tickells_Leaf_Warbler,12.0,15.0
xc_downloads/Tickells_Leaf_Warbler/xc_879009.mp3,Tickells_Leaf_Warbler,15.0,18.0
xc_downloads/Tickells_Leaf_Warbler/xc_472911.mp3,Tickells_Leaf_Warbler,0,3.0
xc_downloads/Tickells_Leaf_Warbler/xc_472911.mp3,Tickells_Leaf_Warbler,3.0,6.0
xc_downloads/Tickells_Leaf_Warbler/xc_472911.mp3,Tickells_Leaf_Warbler,6.0,9.0
xc_downloads/Tickells_Leaf_Warbler/xc_658721.mp3,Tickells_Leaf_Warbler,0,3.0
xc_downloads/Tickells_Leaf_Warbler/xc_658721.mp3,Tickells_Leaf_Warbler,3.0,6.0
xc_downloads/Tickells_Leaf_Warbler/xc_658721.mp3,Tickells_Leaf_Warbler,6.0,9.0
xc_downloads/Tickells_Leaf_Warbler/xc_658721.mp3,Tickells_Leaf_Warbler,9.0,12.0
xc_downloads/Tickells_Leaf_Warbler/xc_658721.mp3,Tickells_Leaf_Warbler,12.0,15.0
xc_downloads/Tickells_Leaf_Warbler/xc_189206.mp3,Tickells_Leaf_Warbler,0,3.0
xc_downloads/Tickells_Leaf_Warbler/xc_189206.mp3,Tickells_Leaf_Warbler,3.0,6.0
xc_downloads/Tickells_Leaf_Warbler/xc_189206.mp3,Tickells_Leaf_Warbler,6.0,9.0
xc_downloads/Tickells_Leaf_Warbler/xc_189206.mp3,Tickells_Leaf_Warbler,9.0,12.0
xc_downloads/Tickells_Leaf_Warbler/xc_189206.mp3,Tickells_Leaf_Warbler,12.0,15.0
xc_downloads/Tickells_Leaf_Warbler/xc_189206.mp3,Tickells_Leaf_Warbler,15.0,18.0
xc_downloads/Tickells_Leaf_Warbler/xc_189206.mp3,Tickells_Leaf_Warbler,18.0,21.0
xc_downloads/Tickells_Leaf_Warbler/xc_189206.mp3,Tickells_Leaf_Warbler,21.0,24.0
xc_downloads/Tickells_Leaf_Warbler/xc_189206.mp3,Tickells_Leaf_Warbler,24.0,27.0
xc_downloads/Tickells_Leaf_Warbler/xc_189206.mp3,Tickells_Leaf_Warbler,27.0,30.0
xc_downloads/Tickells_Leaf_Warbler/xc_189206.mp3,Tickells_Leaf_Warbler,30.0,33.0
xc_downloads/Tickells_Leaf_Warbler/xc_189206.mp3,Tickells_Leaf_Warbler,33.0,36.0
xc_downloads/Tickells_Leaf_Warbler/xc_189206.mp3,Tickells_Leaf_Warbler,36.0,39.0
xc_downloads/Tickells_Leaf_Warbler/xc_189206.mp3,Tickells_Leaf_Warbler,39.0,42.0
xc_downloads/Tickells_Leaf_Warbler/xc_189206.mp3,Tickells_Leaf_Warbler,42.0,45.0
xc_downloads/Tickells_Leaf_Warbler/xc_189206.mp3,Tickells_Leaf_Warbler,45.0,48.0
xc_downloads/Tickells_Leaf_Warbler/xc_189206.mp3,Tickells_Leaf_Warbler,48.0,51.0
xc_downloads/Tickells_Leaf_Warbler/xc_189206.mp3,Tickells_Leaf_Warbler,51.0,54.0
xc_downloads/Tickells_Leaf_Warbler/xc_189206.mp3,Tickells_Leaf_Warbler,54.0,57.0
xc_downloads/Tickells_Leaf_Warbler/xc_189206.mp3,Tickells_Leaf_Warbler,57.0,60.0
xc_downloads/Tickells_Leaf_Warbler/xc_189206.mp3,Tickells_Leaf_Warbler,60.0,63.0
xc_downloads/Tickells_Leaf_Warbler/xc_189206.mp3,Tickells_Leaf_Warbler,63.0,66.0
xc_downloads/Tickells_Leaf_Warbler/xc_189206.mp3,Tickells_Leaf_Warbler,66.0,69.0
xc_downloads/Tickells_Leaf_Warbler/xc_189206.mp3,Tickells_Leaf_Warbler,69.0,72.0
xc_downloads/Tickells_Leaf_Warbler/xc_189206.mp3,Tickells_Leaf_Warbler,72.0,75.0
xc_downloads/Tickells_Leaf_Warbler/xc_189206.mp3,Tickells_Leaf_Warbler,75.0,78.0
xc_downloads/Tickells_Leaf_Warbler/xc_189206.mp3,Tickells_Leaf_Warbler,78.0,81.0
xc_downloads/Tickells_Leaf_Warbler/xc_189206.mp3,Tickells_Leaf_Warbler,81.0,84.0
xc_downloads/Tickells_Leaf_Warbler/xc_189206.mp3,Tickells_Leaf_Warbler,84.0,87.0
xc_downloads/Tickells_Leaf_Warbler/xc_189206.mp3,Tickells_Leaf_Warbler,87.0,90.0
xc_downloads/Tickells_Leaf_Warbler/xc_189206.mp3,Tickells_Leaf_Warbler,90.0,93.0
xc_downloads/Tickells_Leaf_Warbler/xc_189206.mp3,Tickells_Leaf_Warbler,93.0,96.0
xc_downloads/Tickells_Leaf_Warbler/xc_189206.mp3,Tickells_Leaf_Warbler,96.0,99.0
xc_downloads/Tickells_Leaf_Warbler/xc_619287.mp3,Tickells_Leaf_Warbler,0,3.0
xc_downloads/Tickells_Leaf_Warbler/xc_619287.mp3,Tickells_Leaf_Warbler,3.0,6.0
xc_downloads/Tickells_Leaf_Warbler/xc_619287.mp3,Tickells_Leaf_Warbler,6.0,9.0
xc_downloads/Tickells_Leaf_Warbler/xc_1030759.mp3,Tickells_Leaf_Warbler,0,3.0
xc_downloads/Tickells_Leaf_Warbler/xc_1030759.mp3,Tickells_Leaf_Warbler,3.0,6.0
xc_downloads/Tickells_Leaf_Warbler/xc_1030759.mp3,Tickells_Leaf_Warbler,6.0,9.0
xc_downloads/Tickells_Leaf_Warbler/xc_1030759.mp3,Tickells_Leaf_Warbler,9.0,12.0
xc_downloads/Tickells_Leaf_Warbler/xc_1030759.mp3,Tickells_Leaf_Warbler,12.0,15.0
xc_downloads/Tickells_Leaf_Warbler/xc_1030759.mp3,Tickells_Leaf_Warbler,15.0,18.0
xc_downloads/Tickells_Leaf_Warbler/xc_1030759.mp3,Tickells_Leaf_Warbler,18.0,21.0
xc_downloads/Tickells_Leaf_Warbler/xc_1030759.mp3,Tickells_Leaf_Warbler,21.0,24.0
xc_downloads/Tickells_Leaf_Warbler/xc_1030759.mp3,Tickells_Leaf_Warbler,24.0,27.0
xc_downloads/Tickells_Leaf_Warbler/xc_1030759.mp3,Tickells_Leaf_Warbler,27.0,30.0
xc_downloads/Tickells_Leaf_Warbler/xc_1030759.mp3,Tickells_Leaf_Warbler,30.0,33.0
xc_downloads/Tickells_Leaf_Warbler/xc_1030759.mp3,Tickells_Leaf_Warbler,33.0,36.0
xc_downloads/Tickells_Leaf_Warbler/xc_1030759.mp3,Tickells_Leaf_Warbler,36.0,39.0
xc_downloads/Tickells_Leaf_Warbler/xc_1030759.mp3,Tickells_Leaf_Warbler,39.0,42.0
xc_downloads/Tickells_Leaf_Warbler/xc_1030759.mp3,Tickells_Leaf_Warbler,42.0,45.0
xc_downloads/Tickells_Leaf_Warbler/xc_1030759.mp3,Tickells_Leaf_Warbler,45.0,48.0
xc_downloads/Tickells_Leaf_Warbler/xc_880955.mp3,Tickells_Leaf_Warbler,0,3.0
xc_downloads/Tickells_Leaf_Warbler/xc_880955.mp3,Tickells_Leaf_Warbler,3.0,6.0
xc_downloads/Tickells_Leaf_Warbler/xc_880955.mp3,Tickells_Leaf_Warbler,6.0,9.0
xc_downloads/Tickells_Leaf_Warbler/xc_880955.mp3,Tickells_Leaf_Warbler,9.0,12.0
xc_downloads/Tickells_Leaf_Warbler/xc_472912.mp3,Tickells_Leaf_Warbler,0,3.0
xc_downloads/Tickells_Leaf_Warbler/xc_472912.mp3,Tickells_Leaf_Warbler,3.0,6.0
xc_downloads/Tickells_Leaf_Warbler/xc_472912.mp3,Tickells_Leaf_Warbler,6.0,9.0
xc_downloads/Tickells_Leaf_Warbler/xc_472912.mp3,Tickells_Leaf_Warbler,9.0,12.0
xc_downloads/Tickells_Leaf_Warbler/xc_472912.mp3,Tickells_Leaf_Warbler,12.0,15.0
xc_downloads/Tickells_Leaf_Warbler/xc_472912.mp3,Tickells_Leaf_Warbler,15.0,18.0
xc_downloads/Tickells_Leaf_Warbler/xc_472912.mp3,Tickells_Leaf_Warbler,18.0,21.0
xc_downloads/Tickells_Leaf_Warbler/xc_30774.mp3,Tickells_Leaf_Warbler,0,3.0
xc_downloads/Tickells_Leaf_Warbler/xc_30774.mp3,Tickells_Leaf_Warbler,3.0,6.0
xc_downloads/Tickells_Leaf_Warbler/xc_30774.mp3,Tickells_Leaf_Warbler,6.0,9.0
xc_downloads/Tickells_Leaf_Warbler/xc_133404.mp3,Tickells_Leaf_Warbler,0,3.0
xc_downloads/Tickells_Leaf_Warbler/xc_133404.mp3,Tickells_Leaf_Warbler,3.0,6.0
xc_downloads/Tickells_Leaf_Warbler/xc_133404.mp3,Tickells_Leaf_Warbler,6.0,9.0
xc_downloads/Tickells_Leaf_Warbler/xc_133404.mp3,Tickells_Leaf_Warbler,9.0,12.0
xc_downloads/Tickells_Leaf_Warbler/xc_133404.mp3,Tickells_Leaf_Warbler,12.0,15.0
xc_downloads/Tickells_Leaf_Warbler/xc_133404.mp3,Tickells_Leaf_Warbler,15.0,18.0
xc_downloads/Tickells_Leaf_Warbler/xc_133404.mp3,Tickells_Leaf_Warbler,18.0,21.0
xc_downloads/Tickells_Leaf_Warbler/xc_133404.mp3,Tickells_Leaf_Warbler,21.0,24.0
xc_downloads/Tickells_Leaf_Warbler/xc_133404.mp3,Tickells_Leaf_Warbler,24.0,27.0
xc_downloads/Tickells_Leaf_Warbler/xc_133404.mp3,Tickells_Leaf_Warbler,27.0,30.0
xc_downloads/Tickells_Leaf_Warbler/xc_133404.mp3,Tickells_Leaf_Warbler,30.0,33.0
xc_downloads/Tickells_Leaf_Warbler/xc_133404.mp3,Tickells_Leaf_Warbler,33.0,36.0
xc_downloads/Tickells_Leaf_Warbler/xc_133404.mp3,Tickells_Leaf_Warbler,36.0,39.0
xc_downloads/Tickells_Leaf_Warbler/xc_133404.mp3,Tickells_Leaf_Warbler,39.0,42.0
xc_downloads/Tickells_Leaf_Warbler/xc_547646.mp3,Tickells_Leaf_Warbler,0,3.0
xc_downloads/Tickells_Leaf_Warbler/xc_547646.mp3,Tickells_Leaf_Warbler,3.0,6.0
xc_downloads/Tickells_Leaf_Warbler/xc_547646.mp3,Tickells_Leaf_Warbler,6.0,9.0
xc_downloads/Tickells_Leaf_Warbler/xc_547646.mp3,Tickells_Leaf_Warbler,9.0,12.0
xc_downloads/Tickells_Leaf_Warbler/xc_547646.mp3,Tickells_Leaf_Warbler,12.0,15.0
xc_downloads/Tickells_Leaf_Warbler/xc_547646.mp3,Tickells_Leaf_Warbler,15.0,18.0
xc_downloads/Tickells_Leaf_Warbler/xc_547646.mp3,Tickells_Leaf_Warbler,18.0,21.0
xc_downloads/Tickells_Leaf_Warbler/xc_547646.mp3,Tickells_Leaf_Warbler,21.0,24.0
xc_downloads/Tickells_Leaf_Warbler/xc_547646.mp3,Tickells_Leaf_Warbler,24.0,27.0
xc_downloads/Tickells_Leaf_Warbler/xc_547646.mp3,Tickells_Leaf_Warbler,27.0,30.0
xc_downloads/Tickells_Leaf_Warbler/xc_547646.mp3,Tickells_Leaf_Warbler,30.0,33.0
xc_downloads/Tickells_Leaf_Warbler/xc_547646.mp3,Tickells_Leaf_Warbler,33.0,36.0
xc_downloads/Tickells_Leaf_Warbler/xc_547646.mp3,Tickells_Leaf_Warbler,36.0,39.0
xc_downloads/Tickells_Leaf_Warbler/xc_547646.mp3,Tickells_Leaf_Warbler,39.0,42.0
xc_downloads/Tickells_Leaf_Warbler/xc_547646.mp3,Tickells_Leaf_Warbler,42.0,45.0
xc_downloads/Tickells_Leaf_Warbler/xc_547646.mp3,Tickells_Leaf_Warbler,45.0,48.0
xc_downloads/Tickells_Leaf_Warbler/xc_547646.mp3,Tickells_Leaf_Warbler,48.0,51.0
xc_downloads/Tickells_Leaf_Warbler/xc_547646.mp3,Tickells_Leaf_Warbler,51.0,54.0
xc_downloads/Tickells_Leaf_Warbler/xc_547646.mp3,Tickells_Leaf_Warbler,54.0,57.0
xc_downloads/Tickells_Leaf_Warbler/xc_547646.mp3,Tickells_Leaf_Warbler,57.0,60.0
xc_downloads/Tickells_Leaf_Warbler/xc_547646.mp3,Tickells_Leaf_Warbler,60.0,63.0
xc_downloads/Tickells_Leaf_Warbler/xc_547646.mp3,Tickells_Leaf_Warbler,63.0,66.0
xc_downloads/Tickells_Leaf_Warbler/xc_547646.mp3,Tickells_Leaf_Warbler,66.0,69.0
xc_downloads/Tickells_Leaf_Warbler/xc_547646.mp3,Tickells_Leaf_Warbler,69.0,72.0
xc_downloads/Tickells_Leaf_Warbler/xc_547646.mp3,Tickells_Leaf_Warbler,72.0,75.0
xc_downloads/Tickells_Leaf_Warbler/xc_547646.mp3,Tickells_Leaf_Warbler,75.0,78.0
xc_downloads/Tickells_Leaf_Warbler/xc_547646.mp3,Tickells_Leaf_Warbler,78.0,81.0
xc_downloads/Tickells_Leaf_Warbler/xc_547646.mp3,Tickells_Leaf_Warbler,81.0,84.0
xc_downloads/Tickells_Leaf_Warbler/xc_547646.mp3,Tickells_Leaf_Warbler,84.0,87.0
xc_downloads/Tickells_Leaf_Warbler/xc_547646.mp3,Tickells_Leaf_Warbler,87.0,90.0
xc_downloads/Tickells_Leaf_Warbler/xc_547646.mp3,Tickells_Leaf_Warbler,90.0,93.0
xc_downloads/Tickells_Leaf_Warbler/xc_547646.mp3,Tickells_Leaf_Warbler,93.0,96.0
xc_downloads/Tickells_Leaf_Warbler/xc_547646.mp3,Tickells_Leaf_Warbler,96.0,99.0
xc_downloads/Tickells_Leaf_Warbler/xc_547646.mp3,Tickells_Leaf_Warbler,99.0,102.0
xc_downloads/Tickells_Leaf_Warbler/xc_547646.mp3,Tickells_Leaf_Warbler,102.0,105.0
xc_downloads/Tickells_Leaf_Warbler/xc_547646.mp3,Tickells_Leaf_Warbler,105.0,108.0
xc_downloads/Tickells_Leaf_Warbler/xc_547646.mp3,Tickells_Leaf_Warbler,108.0,111.0
xc_downloads/Tickells_Leaf_Warbler/xc_547646.mp3,Tickells_Leaf_Warbler,111.0,114.0
xc_downloads/Tickells_Leaf_Warbler/xc_547646.mp3,Tickells_Leaf_Warbler,114.0,117.0
xc_downloads/Tickells_Leaf_Warbler/xc_547646.mp3,Tickells_Leaf_Warbler,117.0,120.0
xc_downloads/Tickells_Leaf_Warbler/xc_547646.mp3,Tickells_Leaf_Warbler,120.0,123.0
xc_downloads/Tickells_Leaf_Warbler/xc_547646.mp3,Tickells_Leaf_Warbler,123.0,126.0
xc_downloads/Tickells_Leaf_Warbler/xc_547646.mp3,Tickells_Leaf_Warbler,126.0,129.0
xc_downloads/Tickells_Leaf_Warbler/xc_547646.mp3,Tickells_Leaf_Warbler,129.0,132.0
xc_downloads/Tickells_Leaf_Warbler/xc_547646.mp3,Tickells_Leaf_Warbler,132.0,135.0
xc_downloads/Tickells_Leaf_Warbler/xc_547646.mp3,Tickells_Leaf_Warbler,135.0,138.0
xc_downloads/Tickells_Leaf_Warbler/xc_547646.mp3,Tickells_Leaf_Warbler,138.0,141.0
xc_downloads/Tickells_Leaf_Warbler/xc_547646.mp3,Tickells_Leaf_Warbler,141.0,144.0
xc_downloads/Tickells_Leaf_Warbler/xc_547646.mp3,Tickells_Leaf_Warbler,144.0,147.0
xc_downloads/Tickells_Leaf_Warbler/xc_547646.mp3,Tickells_Leaf_Warbler,147.0,150.0
xc_downloads/Tickells_Leaf_Warbler/xc_547646.mp3,Tickells_Leaf_Warbler,150.0,153.0
xc_downloads/Tickells_Leaf_Warbler/xc_547646.mp3,Tickells_Leaf_Warbler,153.0,156.0
xc_downloads/Tickells_Leaf_Warbler/xc_547646.mp3,Tickells_Leaf_Warbler,156.0,159.0
xc_downloads/Tickells_Leaf_Warbler/xc_547646.mp3,Tickells_Leaf_Warbler,159.0,162.0
xc_downloads/Tickells_Leaf_Warbler/xc_547646.mp3,Tickells_Leaf_Warbler,162.0,165.0
xc_downloads/Tickells_Leaf_Warbler/xc_547646.mp3,Tickells_Leaf_Warbler,165.0,168.0
xc_downloads/Tickells_Leaf_Warbler/xc_547646.mp3,Tickells_Leaf_Warbler,168.0,171.0
xc_downloads/Tickells_Leaf_Warbler/xc_547646.mp3,Tickells_Leaf_Warbler,171.0,174.0
xc_downloads/Tickells_Leaf_Warbler/xc_547646.mp3,Tickells_Leaf_Warbler,174.0,177.0
xc_downloads/Tickells_Leaf_Warbler/xc_547646.mp3,Tickells_Leaf_Warbler,177.0,180.0
xc_downloads/Tickells_Leaf_Warbler/xc_547646.mp3,Tickells_Leaf_Warbler,180.0,183.0
xc_downloads/Tickells_Leaf_Warbler/xc_547646.mp3,Tickells_Leaf_Warbler,183.0,186.0
xc_downloads/Tickells_Leaf_Warbler/xc_547646.mp3,Tickells_Leaf_Warbler,186.0,189.0
xc_downloads/Tickells_Leaf_Warbler/xc_547646.mp3,Tickells_Leaf_Warbler,189.0,192.0
xc_downloads/Tickells_Leaf_Warbler/xc_547646.mp3,Tickells_Leaf_Warbler,192.0,195.0
xc_downloads/Tickells_Leaf_Warbler/xc_547646.mp3,Tickells_Leaf_Warbler,195.0,198.0
xc_downloads/Tickells_Leaf_Warbler/xc_547646.mp3,Tickells_Leaf_Warbler,198.0,201.0
xc_downloads/Tickells_Leaf_Warbler/xc_547646.mp3,Tickells_Leaf_Warbler,201.0,204.0
xc_downloads/Tickells_Leaf_Warbler/xc_547646.mp3,Tickells_Leaf_Warbler,204.0,207.0
xc_downloads/Tickells_Leaf_Warbler/xc_547646.mp3,Tickells_Leaf_Warbler,207.0,210.0
xc_downloads/Tickells_Leaf_Warbler/xc_547646.mp3,Tickells_Leaf_Warbler,210.0,213.0
xc_downloads/Tickells_Leaf_Warbler/xc_547646.mp3,Tickells_Leaf_Warbler,213.0,216.0
xc_downloads/Tickells_Leaf_Warbler/xc_547646.mp3,Tickells_Leaf_Warbler,216.0,219.0
xc_downloads/Tickells_Leaf_Warbler/xc_547646.mp3,Tickells_Leaf_Warbler,219.0,222.0
xc_downloads/Tickells_Leaf_Warbler/xc_547646.mp3,Tickells_Leaf_Warbler,222.0,225.0
xc_downloads/Tickells_Leaf_Warbler/xc_547646.mp3,Tickells_Leaf_Warbler,225.0,228.0
xc_downloads/Tickells_Leaf_Warbler/xc_547646.mp3,Tickells_Leaf_Warbler,228.0,231.0
xc_downloads/Tickells_Leaf_Warbler/xc_547646.mp3,Tickells_Leaf_Warbler,231.0,234.0
xc_downloads/Tickells_Leaf_Warbler/xc_547646.mp3,Tickells_Leaf_Warbler,234.0,237.0
xc_downloads/Tickells_Leaf_Warbler/xc_547646.mp3,Tickells_Leaf_Warbler,237.0,240.0
xc_downloads/Tickells_Leaf_Warbler/xc_547646.mp3,Tickells_Leaf_Warbler,240.0,243.0
xc_downloads/Tickells_Leaf_Warbler/xc_547646.mp3,Tickells_Leaf_Warbler,243.0,246.0
xc_downloads/Tickells_Leaf_Warbler/xc_547646.mp3,Tickells_Leaf_Warbler,246.0,249.0
xc_downloads/Tickells_Leaf_Warbler/xc_547646.mp3,Tickells_Leaf_Warbler,249.0,252.0
xc_downloads/Tickells_Leaf_Warbler/xc_547646.mp3,Tickells_Leaf_Warbler,252.0,255.0
xc_downloads/Tickells_Leaf_Warbler/xc_547646.mp3,Tickells_Leaf_Warbler,255.0,258.0
xc_downloads/Tickells_Leaf_Warbler/xc_547646.mp3,Tickells_Leaf_Warbler,258.0,261.0
xc_downloads/Tickells_Leaf_Warbler/xc_547646.mp3,Tickells_Leaf_Warbler,261.0,264.0
xc_downloads/Tickells_Leaf_Warbler/xc_547646.mp3,Tickells_Leaf_Warbler,264.0,267.0
xc_downloads/Tickells_Leaf_Warbler/xc_547646.mp3,Tickells_Leaf_Warbler,267.0,270.0
xc_downloads/Tickells_Leaf_Warbler/xc_547646.mp3,Tickells_Leaf_Warbler,270.0,273.0
xc_downloads/Tickells_Leaf_Warbler/xc_547646.mp3,Tickells_Leaf_Warbler,273.0,276.0
xc_downloads/Tickells_Leaf_Warbler/xc_547646.mp3,Tickells_Leaf_Warbler,276.0,279.0
xc_downloads/Tickells_Leaf_Warbler/xc_547646.mp3,Tickells_Leaf_Warbler,279.0,282.0
xc_downloads/Tickells_Leaf_Warbler/xc_547646.mp3,Tickells_Leaf_Warbler,282.0,285.0
xc_downloads/Tickells_Leaf_Warbler/xc_547646.mp3,Tickells_Leaf_Warbler,285.0,288.0
xc_downloads/Tickells_Leaf_Warbler/xc_547646.mp3,Tickells_Leaf_Warbler,288.0,291.0
xc_downloads/Tickells_Leaf_Warbler/xc_106757.mp3,Tickells_Leaf_Warbler,0,3.0
xc_downloads/Tickells_Leaf_Warbler/xc_106757.mp3,Tickells_Leaf_Warbler,3.0,6.0
xc_downloads/Tickells_Leaf_Warbler/xc_106757.mp3,Tickells_Leaf_Warbler,6.0,9.0
xc_downloads/Tickells_Leaf_Warbler/xc_106757.mp3,Tickells_Leaf_Warbler,9.0,12.0
xc_downloads/Tickells_Leaf_Warbler/xc_106757.mp3,Tickells_Leaf_Warbler,12.0,15.0
xc_downloads/Tickells_Leaf_Warbler/xc_106757.mp3,Tickells_Leaf_Warbler,15.0,18.0
xc_downloads/Tickells_Leaf_Warbler/xc_106757.mp3,Tickells_Leaf_Warbler,18.0,21.0
xc_downloads/Tickells_Leaf_Warbler/xc_106757.mp3,Tickells_Leaf_Warbler,21.0,24.0
xc_downloads/Tickells_Leaf_Warbler/xc_106757.mp3,Tickells_Leaf_Warbler,24.0,27.0
xc_downloads/Tickells_Leaf_Warbler/xc_106757.mp3,Tickells_Leaf_Warbler,27.0,30.0
xc_downloads/Tickells_Leaf_Warbler/xc_547490.mp3,Tickells_Leaf_Warbler,0,3.0
xc_downloads/Tickells_Leaf_Warbler/xc_547490.mp3,Tickells_Leaf_Warbler,3.0,6.0
xc_downloads/Tickells_Leaf_Warbler/xc_547490.mp3,Tickells_Leaf_Warbler,6.0,9.0
xc_downloads/Tickells_Leaf_Warbler/xc_547490.mp3,Tickells_Leaf_Warbler,9.0,12.0
xc_downloads/Tickells_Leaf_Warbler/xc_547490.mp3,Tickells_Leaf_Warbler,12.0,15.0
xc_downloads/Tickells_Leaf_Warbler/xc_547490.mp3,Tickells_Leaf_Warbler,15.0,18.0
xc_downloads/Tickells_Leaf_Warbler/xc_547490.mp3,Tickells_Leaf_Warbler,18.0,21.0
xc_downloads/Tickells_Leaf_Warbler/xc_547490.mp3,Tickells_Leaf_Warbler,21.0,24.0
xc_downloads/Tickells_Leaf_Warbler/xc_547490.mp3,Tickells_Leaf_Warbler,24.0,27.0
xc_downloads/Tickells_Leaf_Warbler/xc_547490.mp3,Tickells_Leaf_Warbler,27.0,30.0
xc_downloads/Tickells_Leaf_Warbler/xc_547490.mp3,Tickells_Leaf_Warbler,30.0,33.0
xc_downloads/Tickells_Leaf_Warbler/xc_547490.mp3,Tickells_Leaf_Warbler,33.0,36.0
xc_downloads/Tickells_Leaf_Warbler/xc_547490.mp3,Tickells_Leaf_Warbler,36.0,39.0
xc_downloads/Tickells_Leaf_Warbler/xc_547490.mp3,Tickells_Leaf_Warbler,39.0,42.0
xc_downloads/Tickells_Leaf_Warbler/xc_547490.mp3,Tickells_Leaf_Warbler,42.0,45.0
xc_downloads/Tickells_Leaf_Warbler/xc_547490.mp3,Tickells_Leaf_Warbler,45.0,48.0
xc_downloads/Tickells_Leaf_Warbler/xc_547490.mp3,Tickells_Leaf_Warbler,48.0,51.0
xc_downloads/Tickells_Leaf_Warbler/xc_547490.mp3,Tickells_Leaf_Warbler,51.0,54.0
xc_downloads/Tickells_Leaf_Warbler/xc_547490.mp3,Tickells_Leaf_Warbler,54.0,57.0
xc_downloads/Tickells_Leaf_Warbler/xc_547490.mp3,Tickells_Leaf_Warbler,57.0,60.0
xc_downloads/Tickells_Leaf_Warbler/xc_547490.mp3,Tickells_Leaf_Warbler,60.0,63.0
xc_downloads/Tickells_Leaf_Warbler/xc_547490.mp3,Tickells_Leaf_Warbler,63.0,66.0
xc_downloads/Tickells_Leaf_Warbler/xc_547490.mp3,Tickells_Leaf_Warbler,66.0,69.0
xc_downloads/Tickells_Leaf_Warbler/xc_547490.mp3,Tickells_Leaf_Warbler,69.0,72.0
xc_downloads/Tickells_Leaf_Warbler/xc_44898.mp3,Tickells_Leaf_Warbler,0,3.0
xc_downloads/Tickells_Leaf_Warbler/xc_44898.mp3,Tickells_Leaf_Warbler,3.0,6.0
xc_downloads/Tickells_Leaf_Warbler/xc_44898.mp3,Tickells_Leaf_Warbler,6.0,9.0
xc_downloads/Tickells_Leaf_Warbler/xc_44898.mp3,Tickells_Leaf_Warbler,9.0,12.0
xc_downloads/Tickells_Leaf_Warbler/xc_44898.mp3,Tickells_Leaf_Warbler,12.0,15.0
xc_downloads/White-tailed_Flycatcher/xc_632975.mp3,White-tailed_Flycatcher,0,3.0
xc_downloads/White-tailed_Flycatcher/xc_632975.mp3,White-tailed_Flycatcher,3.0,6.0
xc_downloads/White-tailed_Flycatcher/xc_632975.mp3,White-tailed_Flycatcher,6.0,9.0
xc_downloads/White-tailed_Flycatcher/xc_298571.mp3,White-tailed_Flycatcher,0,3.0
xc_downloads/White-tailed_Flycatcher/xc_298571.mp3,White-tailed_Flycatcher,3.0,6.0
xc_downloads/White-tailed_Flycatcher/xc_298571.mp3,White-tailed_Flycatcher,6.0,9.0
xc_downloads/White-tailed_Flycatcher/xc_298571.mp3,White-tailed_Flycatcher,9.0,12.0
xc_downloads/White-tailed_Flycatcher/xc_298571.mp3,White-tailed_Flycatcher,12.0,15.0
xc_downloads/White-tailed_Flycatcher/xc_298571.mp3,White-tailed_Flycatcher,15.0,18.0
xc_downloads/White-tailed_Flycatcher/xc_298571.mp3,White-tailed_Flycatcher,18.0,21.0
xc_downloads/White-tailed_Flycatcher/xc_298571.mp3,White-tailed_Flycatcher,21.0,24.0
xc_downloads/White-tailed_Flycatcher/xc_298571.mp3,White-tailed_Flycatcher,24.0,27.0
xc_downloads/White-tailed_Flycatcher/xc_298571.mp3,White-tailed_Flycatcher,27.0,30.0
xc_downloads/White-tailed_Flycatcher/xc_298571.mp3,White-tailed_Flycatcher,30.0,33.0
xc_downloads/White-tailed_Flycatcher/xc_298571.mp3,White-tailed_Flycatcher,33.0,36.0
xc_downloads/White-tailed_Flycatcher/xc_298571.mp3,White-tailed_Flycatcher,36.0,39.0
xc_downloads/White-tailed_Flycatcher/xc_298571.mp3,White-tailed_Flycatcher,39.0,42.0
xc_downloads/White-tailed_Flycatcher/xc_298571.mp3,White-tailed_Flycatcher,42.0,45.0
xc_downloads/White-tailed_Flycatcher/xc_298571.mp3,White-tailed_Flycatcher,45.0,48.0
xc_downloads/White-tailed_Flycatcher/xc_298571.mp3,White-tailed_Flycatcher,48.0,51.0
xc_downloads/White-tailed_Flycatcher/xc_298571.mp3,White-tailed_Flycatcher,51.0,54.0
xc_downloads/White-tailed_Flycatcher/xc_298571.mp3,White-tailed_Flycatcher,54.0,57.0
xc_downloads/White-tailed_Flycatcher/xc_298571.mp3,White-tailed_Flycatcher,57.0,60.0
xc_downloads/White-tailed_Flycatcher/xc_298571.mp3,White-tailed_Flycatcher,60.0,63.0
xc_downloads/White-tailed_Flycatcher/xc_465282.mp3,White-tailed_Flycatcher,0,3.0
xc_downloads/White-tailed_Flycatcher/xc_465282.mp3,White-tailed_Flycatcher,3.0,6.0
xc_downloads/White-tailed_Flycatcher/xc_465282.mp3,White-tailed_Flycatcher,6.0,9.0
xc_downloads/White-tailed_Flycatcher/xc_465282.mp3,White-tailed_Flycatcher,9.0,12.0
xc_downloads/White-tailed_Flycatcher/xc_465282.mp3,White-tailed_Flycatcher,12.0,15.0
xc_downloads/White-tailed_Flycatcher/xc_465282.mp3,White-tailed_Flycatcher,15.0,18.0
xc_downloads/White-tailed_Flycatcher/xc_465282.mp3,White-tailed_Flycatcher,18.0,21.0
xc_downloads/White-tailed_Flycatcher/xc_961214.mp3,White-tailed_Flycatcher,0,3.0
xc_downloads/White-tailed_Flycatcher/xc_961214.mp3,White-tailed_Flycatcher,3.0,6.0
xc_downloads/Yellow-browed_Warbler/xc_770443.mp3,Yellow-browed_Warbler,0,3.0
xc_downloads/Yellow-browed_Warbler/xc_770443.mp3,Yellow-browed_Warbler,3.0,6.0
xc_downloads/Yellow-browed_Warbler/xc_770443.mp3,Yellow-browed_Warbler,6.0,9.0
xc_downloads/Yellow-browed_Warbler/xc_770443.mp3,Yellow-browed_Warbler,9.0,12.0
xc_downloads/Yellow-browed_Warbler/xc_770443.mp3,Yellow-browed_Warbler,12.0,15.0
xc_downloads/Yellow-browed_Warbler/xc_770443.mp3,Yellow-browed_Warbler,15.0,18.0
xc_downloads/Yellow-browed_Warbler/xc_770443.mp3,Yellow-browed_Warbler,18.0,21.0
xc_downloads/Yellow-browed_Warbler/xc_770443.mp3,Yellow-browed_Warbler,21.0,24.0
xc_downloads/Yellow-browed_Warbler/xc_770443.mp3,Yellow-browed_Warbler,24.0,27.0
xc_downloads/Yellow-browed_Warbler/xc_770443.mp3,Yellow-browed_Warbler,27.0,30.0
xc_downloads/Yellow-browed_Warbler/xc_770443.mp3,Yellow-browed_Warbler,30.0,33.0
xc_downloads/Yellow-browed_Warbler/xc_770443.mp3,Yellow-browed_Warbler,33.0,36.0
xc_downloads/Yellow-browed_Warbler/xc_770443.mp3,Yellow-browed_Warbler,36.0,39.0
xc_downloads/Yellow-browed_Warbler/xc_770443.mp3,Yellow-browed_Warbler,39.0,42.0
xc_downloads/Yellow-browed_Warbler/xc_709608.mp3,Yellow-browed_Warbler,0,3.0
xc_downloads/Yellow-browed_Warbler/xc_709608.mp3,Yellow-browed_Warbler,3.0,6.0
xc_downloads/Yellow-browed_Warbler/xc_709608.mp3,Yellow-browed_Warbler,6.0,9.0
xc_downloads/Yellow-browed_Warbler/xc_709608.mp3,Yellow-browed_Warbler,9.0,12.0
xc_downloads/Yellow-browed_Warbler/xc_709608.mp3,Yellow-browed_Warbler,12.0,15.0
xc_downloads/Yellow-browed_Warbler/xc_454373.mp3,Yellow-browed_Warbler,0,3.0
xc_downloads/Yellow-browed_Warbler/xc_454373.mp3,Yellow-browed_Warbler,3.0,6.0
xc_downloads/Yellow-browed_Warbler/xc_454373.mp3,Yellow-browed_Warbler,6.0,9.0
xc_downloads/Yellow-browed_Warbler/xc_454373.mp3,Yellow-browed_Warbler,9.0,12.0
xc_downloads/Yellow-browed_Warbler/xc_454373.mp3,Yellow-browed_Warbler,12.0,15.0
xc_downloads/Yellow-browed_Warbler/xc_454373.mp3,Yellow-browed_Warbler,15.0,18.0
xc_downloads/Yellow-browed_Warbler/xc_454373.mp3,Yellow-browed_Warbler,18.0,21.0
xc_downloads/Yellow-browed_Warbler/xc_454373.mp3,Yellow-browed_Warbler,21.0,24.0
xc_downloads/Yellow-browed_Warbler/xc_454373.mp3,Yellow-browed_Warbler,24.0,27.0
xc_downloads/Yellow-browed_Warbler/xc_604529.mp3,Yellow-browed_Warbler,0,3.0
xc_downloads/Yellow-browed_Warbler/xc_604529.mp3,Yellow-browed_Warbler,3.0,6.0
xc_downloads/Yellow-browed_Warbler/xc_604529.mp3,Yellow-browed_Warbler,6.0,9.0
xc_downloads/Yellow-browed_Warbler/xc_604529.mp3,Yellow-browed_Warbler,9.0,12.0
xc_downloads/Yellow-browed_Warbler/xc_604529.mp3,Yellow-browed_Warbler,12.0,15.0
xc_downloads/Yellow-browed_Warbler/xc_604529.mp3,Yellow-browed_Warbler,15.0,18.0
xc_downloads/Yellow-browed_Warbler/xc_604529.mp3,Yellow-browed_Warbler,18.0,21.0
xc_downloads/Yellow-browed_Warbler/xc_604529.mp3,Yellow-browed_Warbler,21.0,24.0
xc_downloads/Yellow-browed_Warbler/xc_604529.mp3,Yellow-browed_Warbler,24.0,27.0
xc_downloads/Yellow-browed_Warbler/xc_604529.mp3,Yellow-browed_Warbler,27.0,30.0
xc_downloads/Yellow-browed_Warbler/xc_604529.mp3,Yellow-browed_Warbler,30.0,33.0
xc_downloads/Yellow-browed_Warbler/xc_604529.mp3,Yellow-browed_Warbler,33.0,36.0
xc_downloads/Yellow-browed_Warbler/xc_604529.mp3,Yellow-browed_Warbler,36.0,39.0
xc_downloads/Yellow-browed_Warbler/xc_604529.mp3,Yellow-browed_Warbler,39.0,42.0
xc_downloads/Yellow-browed_Warbler/xc_604529.mp3,Yellow-browed_Warbler,42.0,45.0
xc_downloads/Yellow-browed_Warbler/xc_604529.mp3,Yellow-browed_Warbler,45.0,48.0
xc_downloads/Yellow-browed_Warbler/xc_604529.mp3,Yellow-browed_Warbler,48.0,51.0
xc_downloads/Yellow-browed_Warbler/xc_604529.mp3,Yellow-browed_Warbler,51.0,54.0
xc_downloads/Yellow-browed_Warbler/xc_604529.mp3,Yellow-browed_Warbler,54.0,57.0
xc_downloads/Yellow-browed_Warbler/xc_604529.mp3,Yellow-browed_Warbler,57.0,60.0
xc_downloads/Yellow-browed_Warbler/xc_604529.mp3,Yellow-browed_Warbler,60.0,63.0
xc_downloads/Yellow-browed_Warbler/xc_604529.mp3,Yellow-browed_Warbler,63.0,66.0
xc_downloads/Yellow-browed_Warbler/xc_42652.mp3,Yellow-browed_Warbler,0,3.0
xc_downloads/Yellow-browed_Warbler/xc_42652.mp3,Yellow-browed_Warbler,3.0,6.0
xc_downloads/Yellow-browed_Warbler/xc_42652.mp3,Yellow-browed_Warbler,6.0,9.0
xc_downloads/Yellow-browed_Warbler/xc_42652.mp3,Yellow-browed_Warbler,9.0,12.0
xc_downloads/Yellow-browed_Warbler/xc_42652.mp3,Yellow-browed_Warbler,12.0,15.0
xc_downloads/Yellow-browed_Warbler/xc_42652.mp3,Yellow-browed_Warbler,15.0,18.0
xc_downloads/Yellow-browed_Warbler/xc_42652.mp3,Yellow-browed_Warbler,18.0,21.0
xc_downloads/Yellow-browed_Warbler/xc_42652.mp3,Yellow-browed_Warbler,21.0,24.0
xc_downloads/Yellow-browed_Warbler/xc_117092.mp3,Yellow-browed_Warbler,0,3.0
xc_downloads/Yellow-browed_Warbler/xc_117092.mp3,Yellow-browed_Warbler,3.0,6.0
xc_downloads/Yellow-browed_Warbler/xc_117092.mp3,Yellow-browed_Warbler,6.0,9.0
xc_downloads/Yellow-browed_Warbler/xc_117092.mp3,Yellow-browed_Warbler,9.0,12.0
xc_downloads/Yellow-browed_Warbler/xc_117092.mp3,Yellow-browed_Warbler,12.0,15.0
xc_downloads/Yellow-browed_Warbler/xc_117092.mp3,Yellow-browed_Warbler,15.0,18.0
xc_downloads/Yellow-browed_Warbler/xc_117092.mp3,Yellow-browed_Warbler,18.0,21.0
xc_downloads/Yellow-browed_Warbler/xc_117092.mp3,Yellow-browed_Warbler,21.0,24.0
xc_downloads/Yellow-browed_Warbler/xc_117092.mp3,Yellow-browed_Warbler,24.0,27.0
xc_downloads/Yellow-browed_Warbler/xc_117092.mp3,Yellow-browed_Warbler,27.0,30.0
xc_downloads/Yellow-browed_Warbler/xc_117092.mp3,Yellow-browed_Warbler,30.0,33.0
xc_downloads/Yellow-browed_Warbler/xc_117092.mp3,Yellow-browed_Warbler,33.0,36.0
xc_downloads/Yellow-browed_Warbler/xc_117092.mp3,Yellow-browed_Warbler,36.0,39.0
xc_downloads/Yellow-browed_Warbler/xc_117092.mp3,Yellow-browed_Warbler,39.0,42.0
xc_downloads/Yellow-browed_Warbler/xc_187681.mp3,Yellow-browed_Warbler,0,3.0
xc_downloads/Yellow-browed_Warbler/xc_187681.mp3,Yellow-browed_Warbler,3.0,6.0
xc_downloads/Yellow-browed_Warbler/xc_42653.mp3,Yellow-browed_Warbler,0,3.0
xc_downloads/Yellow-browed_Warbler/xc_42653.mp3,Yellow-browed_Warbler,3.0,6.0
xc_downloads/Yellow-browed_Warbler/xc_42653.mp3,Yellow-browed_Warbler,6.0,9.0
xc_downloads/Yellow-browed_Warbler/xc_42653.mp3,Yellow-browed_Warbler,9.0,12.0
xc_downloads/Yellow-browed_Warbler/xc_42653.mp3,Yellow-browed_Warbler,12.0,15.0
xc_downloads/Yellow-browed_Warbler/xc_42653.mp3,Yellow-browed_Warbler,15.0,18.0
xc_downloads/Yellow-browed_Warbler/xc_42653.mp3,Yellow-browed_Warbler,18.0,21.0
xc_downloads/Yellow-browed_Warbler/xc_42653.mp3,Yellow-browed_Warbler,21.0,24.0
xc_downloads/Yellow-browed_Warbler/xc_42653.mp3,Yellow-browed_Warbler,24.0,27.0
xc_downloads/Yellow-browed_Warbler/xc_42653.mp3,Yellow-browed_Warbler,27.0,30.0
xc_downloads/Yellow-browed_Warbler/xc_42653.mp3,Yellow-browed_Warbler,30.0,33.0
xc_downloads/Yellow-browed_Warbler/xc_243505.mp3,Yellow-browed_Warbler,0,3.0
xc_downloads/Yellow-browed_Warbler/xc_243505.mp3,Yellow-browed_Warbler,3.0,6.0
xc_downloads/Yellow-browed_Warbler/xc_243505.mp3,Yellow-browed_Warbler,6.0,9.0
xc_downloads/Yellow-browed_Warbler/xc_243505.mp3,Yellow-browed_Warbler,9.0,12.0
xc_downloads/Yellow-browed_Warbler/xc_243505.mp3,Yellow-browed_Warbler,12.0,15.0
xc_downloads/Yellow-browed_Warbler/xc_243505.mp3,Yellow-browed_Warbler,15.0,18.0
xc_downloads/Yellow-browed_Warbler/xc_243505.mp3,Yellow-browed_Warbler,18.0,21.0
xc_downloads/Yellow-browed_Warbler/xc_243505.mp3,Yellow-browed_Warbler,21.0,24.0
xc_downloads/Yellow-browed_Warbler/xc_243505.mp3,Yellow-browed_Warbler,24.0,27.0
xc_downloads/Yellow-browed_Warbler/xc_1077927.mp3,Yellow-browed_Warbler,0,3.0
xc_downloads/Yellow-browed_Warbler/xc_117093.mp3,Yellow-browed_Warbler,0,3.0
xc_downloads/Yellow-browed_Warbler/xc_117093.mp3,Yellow-browed_Warbler,3.0,6.0
xc_downloads/Yellow-browed_Warbler/xc_117093.mp3,Yellow-browed_Warbler,6.0,9.0
xc_downloads/Yellow-browed_Warbler/xc_117093.mp3,Yellow-browed_Warbler,9.0,12.0
xc_downloads/Yellow-browed_Warbler/xc_117093.mp3,Yellow-browed_Warbler,12.0,15.0
xc_downloads/Yellow-browed_Warbler/xc_658784.mp3,Yellow-browed_Warbler,0,3.0
xc_downloads/Yellow-browed_Warbler/xc_658784.mp3,Yellow-browed_Warbler,3.0,6.0
xc_downloads/Yellow-browed_Warbler/xc_658784.mp3,Yellow-browed_Warbler,6.0,9.0
xc_downloads/Yellow-browed_Warbler/xc_1159212.mp3,Yellow-browed_Warbler,0,3.0
xc_downloads/Yellow-browed_Warbler/xc_1159212.mp3,Yellow-browed_Warbler,3.0,6.0
xc_downloads/Yellow-browed_Warbler/xc_1159212.mp3,Yellow-browed_Warbler,6.0,9.0
xc_downloads/Yellow-browed_Warbler/xc_1159212.mp3,Yellow-browed_Warbler,9.0,12.0
xc_downloads/Yellow-browed_Warbler/xc_1159212.mp3,Yellow-browed_Warbler,12.0,15.0
xc_downloads/Yellow-browed_Warbler/xc_1159212.mp3,Yellow-browed_Warbler,15.0,18.0
xc_downloads/Yellow-browed_Warbler/xc_770441.mp3,Yellow-browed_Warbler,0,3.0
xc_downloads/Yellow-browed_Warbler/xc_770441.mp3,Yellow-browed_Warbler,3.0,6.0
xc_downloads/Yellow-browed_Warbler/xc_770441.mp3,Yellow-browed_Warbler,6.0,9.0
xc_downloads/Yellow-browed_Warbler/xc_770441.mp3,Yellow-browed_Warbler,9.0,12.0
xc_downloads/Yellow-browed_Warbler/xc_770441.mp3,Yellow-browed_Warbler,12.0,15.0
xc_downloads/Yellow-browed_Warbler/xc_1159918.mp3,Yellow-browed_Warbler,0,3.0
xc_downloads/Yellow-browed_Warbler/xc_1159918.mp3,Yellow-browed_Warbler,3.0,6.0
xc_downloads/Yellow-browed_Warbler/xc_1159918.mp3,Yellow-browed_Warbler,6.0,9.0
xc_downloads/Yellow-browed_Warbler/xc_1159918.mp3,Yellow-browed_Warbler,9.0,12.0
xc_downloads/Yellow-browed_Warbler/xc_1159918.mp3,Yellow-browed_Warbler,12.0,15.0
xc_downloads/Yellow-browed_Warbler/xc_1159918.mp3,Yellow-browed_Warbler,15.0,18.0
xc_downloads/Yellow-browed_Warbler/xc_1159918.mp3,Yellow-browed_Warbler,18.0,21.0
xc_downloads/Yellow-browed_Warbler/xc_1159918.mp3,Yellow-browed_Warbler,21.0,24.0
xc_downloads/Yellow-browed_Warbler/xc_1159918.mp3,Yellow-browed_Warbler,24.0,27.0
xc_downloads/Yellow-browed_Warbler/xc_1159918.mp3,Yellow-browed_Warbler,27.0,30.0
xc_downloads/Yellow-browed_Warbler/xc_1078690.mp3,Yellow-browed_Warbler,0,3.0
xc_downloads/Yellow-browed_Warbler/xc_1078690.mp3,Yellow-browed_Warbler,3.0,6.0
xc_downloads/Yellow-browed_Warbler/xc_1078690.mp3,Yellow-browed_Warbler,6.0,9.0
xc_downloads/Yellow-browed_Warbler/xc_1078690.mp3,Yellow-browed_Warbler,9.0,12.0
xc_downloads/Yellow-browed_Warbler/xc_1078690.mp3,Yellow-browed_Warbler,12.0,15.0
xc_downloads/Yellow-browed_Warbler/xc_1078690.mp3,Yellow-browed_Warbler,15.0,18.0
xc_downloads/Yellow-browed_Warbler/xc_1078690.mp3,Yellow-browed_Warbler,18.0,21.0
xc_downloads/Yellow-browed_Warbler/xc_1078690.mp3,Yellow-browed_Warbler,21.0,24.0
xc_downloads/Yellow-browed_Warbler/xc_1078690.mp3,Yellow-browed_Warbler,24.0,27.0
xc_downloads/Yellow-browed_Warbler/xc_1078690.mp3,Yellow-browed_Warbler,27.0,30.0
xc_downloads/Yellow-browed_Warbler/xc_762360.mp3,Yellow-browed_Warbler,0,3.0
xc_downloads/Yellow-browed_Warbler/xc_762360.mp3,Yellow-browed_Warbler,3.0,6.0
xc_downloads/Yellow-browed_Warbler/xc_762360.mp3,Yellow-browed_Warbler,6.0,9.0
xc_downloads/Yellow-browed_Warbler/xc_762360.mp3,Yellow-browed_Warbler,9.0,12.0
xc_downloads/Yellow-vented_Flowerpecker/xc_658782.mp3,Yellow-vented_Flowerpecker,0,3.0
xc_downloads/Yellow-vented_Flowerpecker/xc_658782.mp3,Yellow-vented_Flowerpecker,3.0,6.0
xc_downloads/Yellow-vented_Flowerpecker/xc_658782.mp3,Yellow-vented_Flowerpecker,6.0,9.0
xc_downloads/Yellow-vented_Flowerpecker/xc_658782.mp3,Yellow-vented_Flowerpecker,9.0,12.0
xc_downloads/Yellow-vented_Flowerpecker/xc_652842.mp3,Yellow-vented_Flowerpecker,0,3.0
xc_downloads/Yellow-vented_Flowerpecker/xc_652842.mp3,Yellow-vented_Flowerpecker,3.0,6.0
xc_downloads/Yellow-vented_Flowerpecker/xc_652842.mp3,Yellow-vented_Flowerpecker,6.0,9.0
xc_downloads/Yellow-vented_Flowerpecker/xc_652842.mp3,Yellow-vented_Flowerpecker,9.0,12.0
xc_downloads/Yellow-vented_Flowerpecker/xc_652842.mp3,Yellow-vented_Flowerpecker,12.0,15.0
xc_downloads/Yellow-vented_Flowerpecker/xc_652842.mp3,Yellow-vented_Flowerpecker,15.0,18.0
xc_downloads/Yellow-vented_Flowerpecker/xc_652842.mp3,Yellow-vented_Flowerpecker,18.0,21.0
xc_downloads/Yellow-vented_Flowerpecker/xc_652842.mp3,Yellow-vented_Flowerpecker,21.0,24.0
xc_downloads/Yellow-vented_Flowerpecker/xc_652842.mp3,Yellow-vented_Flowerpecker,24.0,27.0
xc_downloads/Yellow-vented_Flowerpecker/xc_652842.mp3,Yellow-vented_Flowerpecker,27.0,30.0
xc_downloads/Yellow-vented_Flowerpecker/xc_652842.mp3,Yellow-vented_Flowerpecker,30.0,33.0
xc_downloads/Yellow-vented_Flowerpecker/xc_652842.mp3,Yellow-vented_Flowerpecker,33.0,36.0
xc_downloads/Yellow-vented_Flowerpecker/xc_652842.mp3,Yellow-vented_Flowerpecker,36.0,39.0
xc_downloads/Yellow-vented_Flowerpecker/xc_652842.mp3,Yellow-vented_Flowerpecker,39.0,42.0
xc_downloads/Yellow-vented_Flowerpecker/xc_652842.mp3,Yellow-vented_Flowerpecker,42.0,45.0
xc_downloads/Yellow-vented_Flowerpecker/xc_652842.mp3,Yellow-vented_Flowerpecker,45.0,48.0
xc_downloads/Yellow-vented_Flowerpecker/xc_652842.mp3,Yellow-vented_Flowerpecker,48.0,51.0
xc_downloads/Yellow-vented_Flowerpecker/xc_652842.mp3,Yellow-vented_Flowerpecker,51.0,54.0
xc_downloads/Yellow-vented_Flowerpecker/xc_652842.mp3,Yellow-vented_Flowerpecker,54.0,57.0
xc_downloads/Yellow-vented_Flowerpecker/xc_652842.mp3,Yellow-vented_Flowerpecker,57.0,60.0
xc_downloads/Yellow-vented_Flowerpecker/xc_652842.mp3,Yellow-vented_Flowerpecker,60.0,63.0
xc_downloads/Yellow-vented_Flowerpecker/xc_652842.mp3,Yellow-vented_Flowerpecker,63.0,66.0
xc_downloads/Yellow-vented_Flowerpecker/xc_652843.mp3,Yellow-vented_Flowerpecker,0,3.0
xc_downloads/Yellow-vented_Flowerpecker/xc_652843.mp3,Yellow-vented_Flowerpecker,3.0,6.0
